ISO-10303-21;
HEADER;
/* Generated by software containing ST-Developer
 * from STEP Tools, Inc. (www.steptools.com) 
 */

FILE_DESCRIPTION(
/* description */ (''),
/* implementation_level */ '2;1');

FILE_NAME(
/* name */ 'bottom cover v2.step',
/* time_stamp */ '2026-06-19T13:41:01+08:00',
/* author */ (''),
/* organization */ (''),
/* preprocessor_version */ 'ST-DEVELOPER v20.1',
/* originating_system */ 'Autodesk Translation Framework v15.8.0.0',
/* authorisation */ '');

FILE_SCHEMA (('AUTOMOTIVE_DESIGN { 1 0 10303 214 3 1 1 }'));
ENDSEC;

DATA;
#10=MECHANICAL_DESIGN_GEOMETRIC_PRESENTATION_REPRESENTATION('',(#13),#5586);
#11=SHAPE_REPRESENTATION_RELATIONSHIP('SRR','None',#5593,#12);
#12=ADVANCED_BREP_SHAPE_REPRESENTATION('',(#14),#5585);
#13=STYLED_ITEM('',(#5602),#14);
#14=MANIFOLD_SOLID_BREP('Body1',#3305);
#15=TOROIDAL_SURFACE('',#3589,10.,2.);
#16=TOROIDAL_SURFACE('',#3606,10.,2.);
#17=SPHERICAL_SURFACE('',#3528,2.);
#18=SPHERICAL_SURFACE('',#3531,2.);
#19=SPHERICAL_SURFACE('',#3536,2.);
#20=SPHERICAL_SURFACE('',#3539,2.);
#21=SPHERICAL_SURFACE('',#3543,2.);
#22=SPHERICAL_SURFACE('',#3547,2.);
#23=SPHERICAL_SURFACE('',#3552,2.);
#24=SPHERICAL_SURFACE('',#3556,2.);
#25=SPHERICAL_SURFACE('',#3560,2.);
#26=SPHERICAL_SURFACE('',#3564,2.);
#27=SPHERICAL_SURFACE('',#3568,2.);
#28=SPHERICAL_SURFACE('',#3573,2.);
#29=SPHERICAL_SURFACE('',#3577,2.);
#30=SPHERICAL_SURFACE('',#3580,2.);
#31=SPHERICAL_SURFACE('',#3583,2.);
#32=SPHERICAL_SURFACE('',#3593,2.);
#33=B_SPLINE_CURVE_WITH_KNOTS('',3,(#4969,#4970,#4971,#4972,#4973,#4974,
#4975,#4976),.UNSPECIFIED.,.F.,.F.,(4,2,2,4),(0.807128299546953,0.954492365226217,
1.10185643090548,1.15230663877547),.UNSPECIFIED.);
#34=B_SPLINE_CURVE_WITH_KNOTS('',3,(#4980,#4981,#4982,#4983,#4984,#4985,
#4986,#4987),.UNSPECIFIED.,.F.,.F.,(4,2,2,4),(0.371614458099929,0.427138534332728,
0.61713341693984,0.807128299546953),.UNSPECIFIED.);
#35=B_SPLINE_CURVE_WITH_KNOTS('',3,(#4993,#4994,#4995,#4996,#4997,#4998,
#4999,#5000),.UNSPECIFIED.,.F.,.F.,(4,2,2,4),(0.745487486752886,0.935482369359998,
1.12547725196711,1.18100132819991),.UNSPECIFIED.);
#36=B_SPLINE_CURVE_WITH_KNOTS('',3,(#5004,#5005,#5006,#5007,#5008,#5009,
#5010,#5011),.UNSPECIFIED.,.F.,.F.,(4,2,2,4),(0.400309147524374,0.450759355394359,
0.598123421073622,0.745487486752886),.UNSPECIFIED.);
#37=B_SPLINE_CURVE_WITH_KNOTS('',3,(#5016,#5017,#5018,#5019,#5020,#5021,
#5022,#5023,#5024,#5025,#5026,#5027,#5028,#5029),.UNSPECIFIED.,.F.,.F.,
(4,2,2,2,2,2,4),(0.400309147524372,0.450759355394361,0.598123421073625,
0.745487486752889,0.935482369360003,1.12547725196712,1.18100132819992),
 .UNSPECIFIED.);
#38=B_SPLINE_CURVE_WITH_KNOTS('',3,(#5041,#5042,#5043,#5044,#5045,#5046,
#5047,#5048,#5049,#5050,#5051,#5052,#5053,#5054),.UNSPECIFIED.,.F.,.F.,
(4,2,2,2,2,2,4),(0.371614458099928,0.427138534332729,0.617133416939842,
0.807128299546955,0.954492365226218,1.10185643090548,1.15230663877547),
 .UNSPECIFIED.);
#39=ELLIPSE('',#3372,6.39999999999986,3.2);
#40=ELLIPSE('',#3373,2.82842712474625,2.);
#41=ELLIPSE('',#3375,2.82842712474623,2.);
#42=ELLIPSE('',#3379,4.5254833995939,3.2);
#43=ELLIPSE('',#3381,4.5254833995939,3.2);
#44=ELLIPSE('',#3390,4.52548339959392,3.2);
#45=ELLIPSE('',#3391,4.52548339959392,3.2);
#46=ELLIPSE('',#3412,4.52548339959392,3.2);
#47=ELLIPSE('',#3425,4.5254833995939,3.2);
#48=ELLIPSE('',#3426,4.5254833995939,3.2);
#49=FACE_BOUND('',#445,.T.);
#50=FACE_BOUND('',#446,.T.);
#51=FACE_BOUND('',#478,.T.);
#52=FACE_BOUND('',#479,.T.);
#53=FACE_BOUND('',#492,.T.);
#54=FACE_BOUND('',#493,.T.);
#55=FACE_BOUND('',#503,.T.);
#56=FACE_BOUND('',#506,.T.);
#57=FACE_BOUND('',#509,.T.);
#58=FACE_BOUND('',#512,.T.);
#59=FACE_BOUND('',#542,.T.);
#60=FACE_BOUND('',#544,.T.);
#61=FACE_BOUND('',#573,.T.);
#62=FACE_BOUND('',#574,.T.);
#63=FACE_BOUND('',#576,.T.);
#64=FACE_BOUND('',#577,.T.);
#65=FACE_BOUND('',#578,.T.);
#66=FACE_BOUND('',#579,.T.);
#67=FACE_BOUND('',#580,.T.);
#68=FACE_BOUND('',#581,.T.);
#69=FACE_BOUND('',#582,.T.);
#70=FACE_BOUND('',#583,.T.);
#71=FACE_BOUND('',#584,.T.);
#72=FACE_BOUND('',#585,.T.);
#73=PLANE('',#3324);
#74=PLANE('',#3330);
#75=PLANE('',#3336);
#76=PLANE('',#3342);
#77=PLANE('',#3346);
#78=PLANE('',#3347);
#79=PLANE('',#3354);
#80=PLANE('',#3355);
#81=PLANE('',#3356);
#82=PLANE('',#3357);
#83=PLANE('',#3358);
#84=PLANE('',#3359);
#85=PLANE('',#3360);
#86=PLANE('',#3361);
#87=PLANE('',#3362);
#88=PLANE('',#3363);
#89=PLANE('',#3364);
#90=PLANE('',#3365);
#91=PLANE('',#3366);
#92=PLANE('',#3367);
#93=PLANE('',#3368);
#94=PLANE('',#3369);
#95=PLANE('',#3370);
#96=PLANE('',#3371);
#97=PLANE('',#3374);
#98=PLANE('',#3376);
#99=PLANE('',#3378);
#100=PLANE('',#3380);
#101=PLANE('',#3382);
#102=PLANE('',#3383);
#103=PLANE('',#3384);
#104=PLANE('',#3385);
#105=PLANE('',#3386);
#106=PLANE('',#3387);
#107=PLANE('',#3388);
#108=PLANE('',#3389);
#109=PLANE('',#3392);
#110=PLANE('',#3393);
#111=PLANE('',#3394);
#112=PLANE('',#3395);
#113=PLANE('',#3396);
#114=PLANE('',#3397);
#115=PLANE('',#3398);
#116=PLANE('',#3399);
#117=PLANE('',#3400);
#118=PLANE('',#3401);
#119=PLANE('',#3402);
#120=PLANE('',#3403);
#121=PLANE('',#3404);
#122=PLANE('',#3405);
#123=PLANE('',#3406);
#124=PLANE('',#3407);
#125=PLANE('',#3408);
#126=PLANE('',#3409);
#127=PLANE('',#3410);
#128=PLANE('',#3414);
#129=PLANE('',#3418);
#130=PLANE('',#3422);
#131=PLANE('',#3428);
#132=PLANE('',#3450);
#133=PLANE('',#3451);
#134=PLANE('',#3452);
#135=PLANE('',#3453);
#136=PLANE('',#3454);
#137=PLANE('',#3455);
#138=PLANE('',#3456);
#139=PLANE('',#3457);
#140=PLANE('',#3458);
#141=PLANE('',#3459);
#142=PLANE('',#3460);
#143=PLANE('',#3461);
#144=PLANE('',#3466);
#145=PLANE('',#3467);
#146=PLANE('',#3468);
#147=PLANE('',#3469);
#148=PLANE('',#3470);
#149=PLANE('',#3471);
#150=PLANE('',#3472);
#151=PLANE('',#3475);
#152=PLANE('',#3481);
#153=PLANE('',#3485);
#154=PLANE('',#3489);
#155=PLANE('',#3493);
#156=PLANE('',#3494);
#157=PLANE('',#3495);
#158=PLANE('',#3496);
#159=PLANE('',#3497);
#160=PLANE('',#3500);
#161=PLANE('',#3501);
#162=PLANE('',#3502);
#163=PLANE('',#3503);
#164=PLANE('',#3504);
#165=PLANE('',#3505);
#166=PLANE('',#3508);
#167=PLANE('',#3509);
#168=PLANE('',#3512);
#169=PLANE('',#3513);
#170=PLANE('',#3514);
#171=PLANE('',#3517);
#172=PLANE('',#3518);
#173=PLANE('',#3519);
#174=PLANE('',#3524);
#175=PLANE('',#3525);
#176=PLANE('',#3526);
#177=PLANE('',#3527);
#178=PLANE('',#3618);
#179=PLANE('',#3619);
#180=PLANE('',#3620);
#181=PLANE('',#3622);
#182=PLANE('',#3623);
#183=PLANE('',#3624);
#184=PLANE('',#3626);
#185=PLANE('',#3627);
#186=PLANE('',#3628);
#187=CYLINDRICAL_SURFACE('',#3322,1.45);
#188=CYLINDRICAL_SURFACE('',#3328,1.45);
#189=CYLINDRICAL_SURFACE('',#3334,1.45);
#190=CYLINDRICAL_SURFACE('',#3340,1.45);
#191=CYLINDRICAL_SURFACE('',#3343,1.);
#192=CYLINDRICAL_SURFACE('',#3352,1.);
#193=CYLINDRICAL_SURFACE('',#3411,3.2);
#194=CYLINDRICAL_SURFACE('',#3416,3.2);
#195=CYLINDRICAL_SURFACE('',#3420,3.2);
#196=CYLINDRICAL_SURFACE('',#3424,3.2);
#197=CYLINDRICAL_SURFACE('',#3430,2.);
#198=CYLINDRICAL_SURFACE('',#3433,2.);
#199=CYLINDRICAL_SURFACE('',#3436,2.);
#200=CYLINDRICAL_SURFACE('',#3439,2.);
#201=CYLINDRICAL_SURFACE('',#3442,1.7);
#202=CYLINDRICAL_SURFACE('',#3444,1.7);
#203=CYLINDRICAL_SURFACE('',#3446,1.7);
#204=CYLINDRICAL_SURFACE('',#3448,1.7);
#205=CYLINDRICAL_SURFACE('',#3464,1.65);
#206=CYLINDRICAL_SURFACE('',#3478,2.60000000000012);
#207=CYLINDRICAL_SURFACE('',#3482,2.60000000000012);
#208=CYLINDRICAL_SURFACE('',#3486,3.39999999999987);
#209=CYLINDRICAL_SURFACE('',#3490,3.39999999999987);
#210=CYLINDRICAL_SURFACE('',#3510,10.);
#211=CYLINDRICAL_SURFACE('',#3515,10.);
#212=CYLINDRICAL_SURFACE('',#3535,2.);
#213=CYLINDRICAL_SURFACE('',#3542,2.);
#214=CYLINDRICAL_SURFACE('',#3551,2.);
#215=CYLINDRICAL_SURFACE('',#3559,2.);
#216=CYLINDRICAL_SURFACE('',#3563,2.);
#217=CYLINDRICAL_SURFACE('',#3572,2.);
#218=CYLINDRICAL_SURFACE('',#3587,2.);
#219=CYLINDRICAL_SURFACE('',#3592,2.);
#220=CYLINDRICAL_SURFACE('',#3596,2.);
#221=CYLINDRICAL_SURFACE('',#3597,2.);
#222=CYLINDRICAL_SURFACE('',#3598,2.);
#223=CYLINDRICAL_SURFACE('',#3599,2.);
#224=CYLINDRICAL_SURFACE('',#3600,2.);
#225=CYLINDRICAL_SURFACE('',#3601,2.);
#226=CYLINDRICAL_SURFACE('',#3602,2.);
#227=CYLINDRICAL_SURFACE('',#3603,2.);
#228=CYLINDRICAL_SURFACE('',#3604,2.);
#229=CYLINDRICAL_SURFACE('',#3609,2.);
#230=CYLINDRICAL_SURFACE('',#3610,2.);
#231=CYLINDRICAL_SURFACE('',#3611,2.);
#232=CYLINDRICAL_SURFACE('',#3612,2.);
#233=CYLINDRICAL_SURFACE('',#3613,2.);
#234=CYLINDRICAL_SURFACE('',#3614,2.);
#235=CYLINDRICAL_SURFACE('',#3615,2.);
#236=CYLINDRICAL_SURFACE('',#3616,2.);
#237=CYLINDRICAL_SURFACE('',#3617,2.);
#238=CYLINDRICAL_SURFACE('',#3621,8.);
#239=CYLINDRICAL_SURFACE('',#3625,8.);
#240=FACE_OUTER_BOUND('',#430,.T.);
#241=FACE_OUTER_BOUND('',#431,.T.);
#242=FACE_OUTER_BOUND('',#432,.T.);
#243=FACE_OUTER_BOUND('',#433,.T.);
#244=FACE_OUTER_BOUND('',#434,.T.);
#245=FACE_OUTER_BOUND('',#435,.T.);
#246=FACE_OUTER_BOUND('',#436,.T.);
#247=FACE_OUTER_BOUND('',#437,.T.);
#248=FACE_OUTER_BOUND('',#438,.T.);
#249=FACE_OUTER_BOUND('',#439,.T.);
#250=FACE_OUTER_BOUND('',#440,.T.);
#251=FACE_OUTER_BOUND('',#441,.T.);
#252=FACE_OUTER_BOUND('',#442,.T.);
#253=FACE_OUTER_BOUND('',#443,.T.);
#254=FACE_OUTER_BOUND('',#444,.T.);
#255=FACE_OUTER_BOUND('',#447,.T.);
#256=FACE_OUTER_BOUND('',#448,.T.);
#257=FACE_OUTER_BOUND('',#449,.T.);
#258=FACE_OUTER_BOUND('',#450,.T.);
#259=FACE_OUTER_BOUND('',#451,.T.);
#260=FACE_OUTER_BOUND('',#452,.T.);
#261=FACE_OUTER_BOUND('',#453,.T.);
#262=FACE_OUTER_BOUND('',#454,.T.);
#263=FACE_OUTER_BOUND('',#455,.T.);
#264=FACE_OUTER_BOUND('',#456,.T.);
#265=FACE_OUTER_BOUND('',#457,.T.);
#266=FACE_OUTER_BOUND('',#458,.T.);
#267=FACE_OUTER_BOUND('',#459,.T.);
#268=FACE_OUTER_BOUND('',#460,.T.);
#269=FACE_OUTER_BOUND('',#461,.T.);
#270=FACE_OUTER_BOUND('',#462,.T.);
#271=FACE_OUTER_BOUND('',#463,.T.);
#272=FACE_OUTER_BOUND('',#464,.T.);
#273=FACE_OUTER_BOUND('',#465,.T.);
#274=FACE_OUTER_BOUND('',#466,.T.);
#275=FACE_OUTER_BOUND('',#467,.T.);
#276=FACE_OUTER_BOUND('',#468,.T.);
#277=FACE_OUTER_BOUND('',#469,.T.);
#278=FACE_OUTER_BOUND('',#470,.T.);
#279=FACE_OUTER_BOUND('',#471,.T.);
#280=FACE_OUTER_BOUND('',#472,.T.);
#281=FACE_OUTER_BOUND('',#473,.T.);
#282=FACE_OUTER_BOUND('',#474,.T.);
#283=FACE_OUTER_BOUND('',#475,.T.);
#284=FACE_OUTER_BOUND('',#476,.T.);
#285=FACE_OUTER_BOUND('',#477,.T.);
#286=FACE_OUTER_BOUND('',#480,.T.);
#287=FACE_OUTER_BOUND('',#481,.T.);
#288=FACE_OUTER_BOUND('',#482,.T.);
#289=FACE_OUTER_BOUND('',#483,.T.);
#290=FACE_OUTER_BOUND('',#484,.T.);
#291=FACE_OUTER_BOUND('',#485,.T.);
#292=FACE_OUTER_BOUND('',#486,.T.);
#293=FACE_OUTER_BOUND('',#487,.T.);
#294=FACE_OUTER_BOUND('',#488,.T.);
#295=FACE_OUTER_BOUND('',#489,.T.);
#296=FACE_OUTER_BOUND('',#490,.T.);
#297=FACE_OUTER_BOUND('',#491,.T.);
#298=FACE_OUTER_BOUND('',#494,.T.);
#299=FACE_OUTER_BOUND('',#495,.T.);
#300=FACE_OUTER_BOUND('',#496,.T.);
#301=FACE_OUTER_BOUND('',#497,.T.);
#302=FACE_OUTER_BOUND('',#498,.T.);
#303=FACE_OUTER_BOUND('',#499,.T.);
#304=FACE_OUTER_BOUND('',#500,.T.);
#305=FACE_OUTER_BOUND('',#501,.T.);
#306=FACE_OUTER_BOUND('',#502,.T.);
#307=FACE_OUTER_BOUND('',#504,.T.);
#308=FACE_OUTER_BOUND('',#505,.T.);
#309=FACE_OUTER_BOUND('',#507,.T.);
#310=FACE_OUTER_BOUND('',#508,.T.);
#311=FACE_OUTER_BOUND('',#510,.T.);
#312=FACE_OUTER_BOUND('',#511,.T.);
#313=FACE_OUTER_BOUND('',#513,.T.);
#314=FACE_OUTER_BOUND('',#514,.T.);
#315=FACE_OUTER_BOUND('',#515,.T.);
#316=FACE_OUTER_BOUND('',#516,.T.);
#317=FACE_OUTER_BOUND('',#517,.T.);
#318=FACE_OUTER_BOUND('',#518,.T.);
#319=FACE_OUTER_BOUND('',#519,.T.);
#320=FACE_OUTER_BOUND('',#520,.T.);
#321=FACE_OUTER_BOUND('',#521,.T.);
#322=FACE_OUTER_BOUND('',#522,.T.);
#323=FACE_OUTER_BOUND('',#523,.T.);
#324=FACE_OUTER_BOUND('',#524,.T.);
#325=FACE_OUTER_BOUND('',#525,.T.);
#326=FACE_OUTER_BOUND('',#526,.T.);
#327=FACE_OUTER_BOUND('',#527,.T.);
#328=FACE_OUTER_BOUND('',#528,.T.);
#329=FACE_OUTER_BOUND('',#529,.T.);
#330=FACE_OUTER_BOUND('',#530,.T.);
#331=FACE_OUTER_BOUND('',#531,.T.);
#332=FACE_OUTER_BOUND('',#532,.T.);
#333=FACE_OUTER_BOUND('',#533,.T.);
#334=FACE_OUTER_BOUND('',#534,.T.);
#335=FACE_OUTER_BOUND('',#535,.T.);
#336=FACE_OUTER_BOUND('',#536,.T.);
#337=FACE_OUTER_BOUND('',#537,.T.);
#338=FACE_OUTER_BOUND('',#538,.T.);
#339=FACE_OUTER_BOUND('',#539,.T.);
#340=FACE_OUTER_BOUND('',#540,.T.);
#341=FACE_OUTER_BOUND('',#541,.T.);
#342=FACE_OUTER_BOUND('',#543,.T.);
#343=FACE_OUTER_BOUND('',#545,.T.);
#344=FACE_OUTER_BOUND('',#546,.T.);
#345=FACE_OUTER_BOUND('',#547,.T.);
#346=FACE_OUTER_BOUND('',#548,.T.);
#347=FACE_OUTER_BOUND('',#549,.T.);
#348=FACE_OUTER_BOUND('',#550,.T.);
#349=FACE_OUTER_BOUND('',#551,.T.);
#350=FACE_OUTER_BOUND('',#552,.T.);
#351=FACE_OUTER_BOUND('',#553,.T.);
#352=FACE_OUTER_BOUND('',#554,.T.);
#353=FACE_OUTER_BOUND('',#555,.T.);
#354=FACE_OUTER_BOUND('',#556,.T.);
#355=FACE_OUTER_BOUND('',#557,.T.);
#356=FACE_OUTER_BOUND('',#558,.T.);
#357=FACE_OUTER_BOUND('',#559,.T.);
#358=FACE_OUTER_BOUND('',#560,.T.);
#359=FACE_OUTER_BOUND('',#561,.T.);
#360=FACE_OUTER_BOUND('',#562,.T.);
#361=FACE_OUTER_BOUND('',#563,.T.);
#362=FACE_OUTER_BOUND('',#564,.T.);
#363=FACE_OUTER_BOUND('',#565,.T.);
#364=FACE_OUTER_BOUND('',#566,.T.);
#365=FACE_OUTER_BOUND('',#567,.T.);
#366=FACE_OUTER_BOUND('',#568,.T.);
#367=FACE_OUTER_BOUND('',#569,.T.);
#368=FACE_OUTER_BOUND('',#570,.T.);
#369=FACE_OUTER_BOUND('',#571,.T.);
#370=FACE_OUTER_BOUND('',#572,.T.);
#371=FACE_OUTER_BOUND('',#575,.T.);
#372=FACE_OUTER_BOUND('',#586,.T.);
#373=FACE_OUTER_BOUND('',#587,.T.);
#374=FACE_OUTER_BOUND('',#588,.T.);
#375=FACE_OUTER_BOUND('',#589,.T.);
#376=FACE_OUTER_BOUND('',#590,.T.);
#377=FACE_OUTER_BOUND('',#591,.T.);
#378=FACE_OUTER_BOUND('',#592,.T.);
#379=FACE_OUTER_BOUND('',#593,.T.);
#380=FACE_OUTER_BOUND('',#594,.T.);
#381=FACE_OUTER_BOUND('',#595,.T.);
#382=FACE_OUTER_BOUND('',#596,.T.);
#383=FACE_OUTER_BOUND('',#597,.T.);
#384=FACE_OUTER_BOUND('',#598,.T.);
#385=FACE_OUTER_BOUND('',#599,.T.);
#386=FACE_OUTER_BOUND('',#600,.T.);
#387=FACE_OUTER_BOUND('',#601,.T.);
#388=FACE_OUTER_BOUND('',#602,.T.);
#389=FACE_OUTER_BOUND('',#603,.T.);
#390=FACE_OUTER_BOUND('',#604,.T.);
#391=FACE_OUTER_BOUND('',#605,.T.);
#392=FACE_OUTER_BOUND('',#606,.T.);
#393=FACE_OUTER_BOUND('',#607,.T.);
#394=FACE_OUTER_BOUND('',#608,.T.);
#395=FACE_OUTER_BOUND('',#609,.T.);
#396=FACE_OUTER_BOUND('',#610,.T.);
#397=FACE_OUTER_BOUND('',#611,.T.);
#398=FACE_OUTER_BOUND('',#612,.T.);
#399=FACE_OUTER_BOUND('',#613,.T.);
#400=FACE_OUTER_BOUND('',#614,.T.);
#401=FACE_OUTER_BOUND('',#615,.T.);
#402=FACE_OUTER_BOUND('',#616,.T.);
#403=FACE_OUTER_BOUND('',#617,.T.);
#404=FACE_OUTER_BOUND('',#618,.T.);
#405=FACE_OUTER_BOUND('',#619,.T.);
#406=FACE_OUTER_BOUND('',#620,.T.);
#407=FACE_OUTER_BOUND('',#621,.T.);
#408=FACE_OUTER_BOUND('',#622,.T.);
#409=FACE_OUTER_BOUND('',#623,.T.);
#410=FACE_OUTER_BOUND('',#624,.T.);
#411=FACE_OUTER_BOUND('',#625,.T.);
#412=FACE_OUTER_BOUND('',#626,.T.);
#413=FACE_OUTER_BOUND('',#627,.T.);
#414=FACE_OUTER_BOUND('',#628,.T.);
#415=FACE_OUTER_BOUND('',#629,.T.);
#416=FACE_OUTER_BOUND('',#630,.T.);
#417=FACE_OUTER_BOUND('',#631,.T.);
#418=FACE_OUTER_BOUND('',#632,.T.);
#419=FACE_OUTER_BOUND('',#633,.T.);
#420=FACE_OUTER_BOUND('',#634,.T.);
#421=FACE_OUTER_BOUND('',#635,.T.);
#422=FACE_OUTER_BOUND('',#636,.T.);
#423=FACE_OUTER_BOUND('',#637,.T.);
#424=FACE_OUTER_BOUND('',#638,.T.);
#425=FACE_OUTER_BOUND('',#639,.T.);
#426=FACE_OUTER_BOUND('',#640,.T.);
#427=FACE_OUTER_BOUND('',#641,.T.);
#428=FACE_OUTER_BOUND('',#642,.T.);
#429=FACE_OUTER_BOUND('',#643,.T.);
#430=EDGE_LOOP('',(#2180,#2181,#2182,#2183));
#431=EDGE_LOOP('',(#2184,#2185,#2186,#2187));
#432=EDGE_LOOP('',(#2188));
#433=EDGE_LOOP('',(#2189,#2190,#2191,#2192));
#434=EDGE_LOOP('',(#2193,#2194,#2195,#2196));
#435=EDGE_LOOP('',(#2197));
#436=EDGE_LOOP('',(#2198,#2199,#2200,#2201));
#437=EDGE_LOOP('',(#2202,#2203,#2204,#2205));
#438=EDGE_LOOP('',(#2206));
#439=EDGE_LOOP('',(#2207,#2208,#2209,#2210));
#440=EDGE_LOOP('',(#2211,#2212,#2213,#2214));
#441=EDGE_LOOP('',(#2215));
#442=EDGE_LOOP('',(#2216,#2217,#2218,#2219));
#443=EDGE_LOOP('',(#2220,#2221,#2222,#2223));
#444=EDGE_LOOP('',(#2224,#2225,#2226,#2227,#2228,#2229,#2230,#2231,#2232,
#2233,#2234,#2235));
#445=EDGE_LOOP('',(#2236,#2237,#2238,#2239,#2240,#2241,#2242,#2243,#2244,
#2245));
#446=EDGE_LOOP('',(#2246));
#447=EDGE_LOOP('',(#2247,#2248,#2249,#2250));
#448=EDGE_LOOP('',(#2251,#2252,#2253,#2254));
#449=EDGE_LOOP('',(#2255,#2256,#2257,#2258));
#450=EDGE_LOOP('',(#2259,#2260,#2261,#2262));
#451=EDGE_LOOP('',(#2263,#2264,#2265,#2266));
#452=EDGE_LOOP('',(#2267,#2268,#2269,#2270));
#453=EDGE_LOOP('',(#2271,#2272,#2273,#2274,#2275,#2276,#2277,#2278));
#454=EDGE_LOOP('',(#2279,#2280,#2281,#2282));
#455=EDGE_LOOP('',(#2283,#2284,#2285,#2286));
#456=EDGE_LOOP('',(#2287,#2288,#2289,#2290));
#457=EDGE_LOOP('',(#2291,#2292,#2293,#2294));
#458=EDGE_LOOP('',(#2295,#2296,#2297,#2298));
#459=EDGE_LOOP('',(#2299,#2300,#2301,#2302));
#460=EDGE_LOOP('',(#2303,#2304,#2305,#2306));
#461=EDGE_LOOP('',(#2307,#2308,#2309,#2310));
#462=EDGE_LOOP('',(#2311,#2312,#2313,#2314));
#463=EDGE_LOOP('',(#2315,#2316,#2317,#2318));
#464=EDGE_LOOP('',(#2319,#2320,#2321,#2322,#2323,#2324));
#465=EDGE_LOOP('',(#2325,#2326,#2327,#2328,#2329,#2330));
#466=EDGE_LOOP('',(#2331,#2332,#2333,#2334,#2335));
#467=EDGE_LOOP('',(#2336,#2337,#2338,#2339,#2340));
#468=EDGE_LOOP('',(#2341,#2342,#2343,#2344,#2345,#2346,#2347));
#469=EDGE_LOOP('',(#2348,#2349,#2350,#2351));
#470=EDGE_LOOP('',(#2352,#2353,#2354,#2355,#2356,#2357,#2358));
#471=EDGE_LOOP('',(#2359,#2360,#2361,#2362));
#472=EDGE_LOOP('',(#2363,#2364,#2365,#2366));
#473=EDGE_LOOP('',(#2367,#2368,#2369,#2370));
#474=EDGE_LOOP('',(#2371,#2372,#2373,#2374));
#475=EDGE_LOOP('',(#2375,#2376,#2377,#2378));
#476=EDGE_LOOP('',(#2379,#2380,#2381,#2382));
#477=EDGE_LOOP('',(#2383,#2384,#2385,#2386,#2387,#2388,#2389));
#478=EDGE_LOOP('',(#2390,#2391,#2392,#2393));
#479=EDGE_LOOP('',(#2394,#2395,#2396,#2397));
#480=EDGE_LOOP('',(#2398,#2399,#2400,#2401));
#481=EDGE_LOOP('',(#2402,#2403,#2404,#2405));
#482=EDGE_LOOP('',(#2406,#2407,#2408,#2409));
#483=EDGE_LOOP('',(#2410,#2411,#2412,#2413));
#484=EDGE_LOOP('',(#2414,#2415,#2416,#2417));
#485=EDGE_LOOP('',(#2418,#2419,#2420,#2421));
#486=EDGE_LOOP('',(#2422,#2423,#2424,#2425));
#487=EDGE_LOOP('',(#2426,#2427,#2428,#2429));
#488=EDGE_LOOP('',(#2430,#2431,#2432,#2433));
#489=EDGE_LOOP('',(#2434,#2435,#2436,#2437));
#490=EDGE_LOOP('',(#2438,#2439,#2440,#2441));
#491=EDGE_LOOP('',(#2442,#2443,#2444,#2445,#2446,#2447));
#492=EDGE_LOOP('',(#2448,#2449,#2450,#2451));
#493=EDGE_LOOP('',(#2452,#2453,#2454,#2455));
#494=EDGE_LOOP('',(#2456,#2457,#2458,#2459));
#495=EDGE_LOOP('',(#2460,#2461,#2462,#2463));
#496=EDGE_LOOP('',(#2464,#2465,#2466,#2467));
#497=EDGE_LOOP('',(#2468,#2469,#2470,#2471));
#498=EDGE_LOOP('',(#2472,#2473,#2474,#2475));
#499=EDGE_LOOP('',(#2476,#2477,#2478,#2479));
#500=EDGE_LOOP('',(#2480,#2481,#2482,#2483));
#501=EDGE_LOOP('',(#2484,#2485,#2486,#2487,#2488,#2489));
#502=EDGE_LOOP('',(#2490));
#503=EDGE_LOOP('',(#2491));
#504=EDGE_LOOP('',(#2492,#2493,#2494,#2495,#2496,#2497,#2498,#2499,#2500));
#505=EDGE_LOOP('',(#2501));
#506=EDGE_LOOP('',(#2502));
#507=EDGE_LOOP('',(#2503,#2504,#2505,#2506,#2507,#2508));
#508=EDGE_LOOP('',(#2509));
#509=EDGE_LOOP('',(#2510));
#510=EDGE_LOOP('',(#2511,#2512,#2513,#2514,#2515,#2516));
#511=EDGE_LOOP('',(#2517));
#512=EDGE_LOOP('',(#2518));
#513=EDGE_LOOP('',(#2519,#2520,#2521,#2522,#2523,#2524,#2525));
#514=EDGE_LOOP('',(#2526,#2527,#2528,#2529,#2530,#2531,#2532));
#515=EDGE_LOOP('',(#2533,#2534,#2535,#2536,#2537,#2538));
#516=EDGE_LOOP('',(#2539,#2540,#2541,#2542,#2543,#2544));
#517=EDGE_LOOP('',(#2545,#2546,#2547,#2548));
#518=EDGE_LOOP('',(#2549,#2550,#2551,#2552));
#519=EDGE_LOOP('',(#2553,#2554,#2555,#2556));
#520=EDGE_LOOP('',(#2557,#2558,#2559,#2560));
#521=EDGE_LOOP('',(#2561,#2562,#2563,#2564));
#522=EDGE_LOOP('',(#2565,#2566,#2567,#2568));
#523=EDGE_LOOP('',(#2569,#2570,#2571,#2572,#2573,#2574));
#524=EDGE_LOOP('',(#2575,#2576,#2577,#2578));
#525=EDGE_LOOP('',(#2579,#2580,#2581,#2582,#2583,#2584));
#526=EDGE_LOOP('',(#2585,#2586,#2587,#2588));
#527=EDGE_LOOP('',(#2589,#2590,#2591,#2592,#2593,#2594));
#528=EDGE_LOOP('',(#2595,#2596,#2597,#2598,#2599));
#529=EDGE_LOOP('',(#2600,#2601,#2602,#2603,#2604,#2605,#2606,#2607,#2608,
#2609,#2610,#2611));
#530=EDGE_LOOP('',(#2612,#2613,#2614,#2615));
#531=EDGE_LOOP('',(#2616,#2617,#2618,#2619));
#532=EDGE_LOOP('',(#2620,#2621,#2622,#2623,#2624,#2625,#2626));
#533=EDGE_LOOP('',(#2627,#2628,#2629,#2630));
#534=EDGE_LOOP('',(#2631,#2632,#2633,#2634));
#535=EDGE_LOOP('',(#2635,#2636,#2637,#2638));
#536=EDGE_LOOP('',(#2639,#2640,#2641,#2642));
#537=EDGE_LOOP('',(#2643,#2644,#2645,#2646,#2647,#2648,#2649,#2650,#2651,
#2652,#2653,#2654));
#538=EDGE_LOOP('',(#2655,#2656,#2657,#2658));
#539=EDGE_LOOP('',(#2659,#2660,#2661,#2662));
#540=EDGE_LOOP('',(#2663,#2664,#2665,#2666));
#541=EDGE_LOOP('',(#2667,#2668,#2669,#2670,#2671,#2672,#2673,#2674,#2675,
#2676));
#542=EDGE_LOOP('',(#2677));
#543=EDGE_LOOP('',(#2678,#2679,#2680,#2681,#2682,#2683,#2684,#2685,#2686,
#2687));
#544=EDGE_LOOP('',(#2688));
#545=EDGE_LOOP('',(#2689,#2690,#2691,#2692));
#546=EDGE_LOOP('',(#2693));
#547=EDGE_LOOP('',(#2694,#2695,#2696,#2697));
#548=EDGE_LOOP('',(#2698));
#549=EDGE_LOOP('',(#2699,#2700,#2701,#2702));
#550=EDGE_LOOP('',(#2703));
#551=EDGE_LOOP('',(#2704,#2705,#2706,#2707));
#552=EDGE_LOOP('',(#2708));
#553=EDGE_LOOP('',(#2709,#2710,#2711,#2712));
#554=EDGE_LOOP('',(#2713,#2714,#2715,#2716));
#555=EDGE_LOOP('',(#2717,#2718,#2719,#2720));
#556=EDGE_LOOP('',(#2721,#2722,#2723,#2724,#2725,#2726,#2727,#2728,#2729,
#2730,#2731,#2732));
#557=EDGE_LOOP('',(#2733,#2734,#2735,#2736,#2737,#2738));
#558=EDGE_LOOP('',(#2739,#2740,#2741,#2742,#2743,#2744));
#559=EDGE_LOOP('',(#2745,#2746,#2747,#2748));
#560=EDGE_LOOP('',(#2749,#2750,#2751,#2752));
#561=EDGE_LOOP('',(#2753,#2754,#2755,#2756));
#562=EDGE_LOOP('',(#2757,#2758,#2759,#2760,#2761,#2762,#2763,#2764,#2765,
#2766,#2767,#2768));
#563=EDGE_LOOP('',(#2769,#2770,#2771,#2772));
#564=EDGE_LOOP('',(#2773,#2774,#2775,#2776,#2777));
#565=EDGE_LOOP('',(#2778,#2779,#2780,#2781));
#566=EDGE_LOOP('',(#2782,#2783,#2784,#2785,#2786));
#567=EDGE_LOOP('',(#2787,#2788,#2789,#2790,#2791,#2792));
#568=EDGE_LOOP('',(#2793,#2794,#2795,#2796,#2797));
#569=EDGE_LOOP('',(#2798,#2799,#2800,#2801));
#570=EDGE_LOOP('',(#2802,#2803,#2804,#2805,#2806));
#571=EDGE_LOOP('',(#2807,#2808,#2809,#2810));
#572=EDGE_LOOP('',(#2811,#2812,#2813,#2814,#2815,#2816,#2817,#2818,#2819,
#2820,#2821,#2822,#2823,#2824,#2825,#2826,#2827,#2828,#2829,#2830));
#573=EDGE_LOOP('',(#2831));
#574=EDGE_LOOP('',(#2832));
#575=EDGE_LOOP('',(#2833,#2834,#2835,#2836,#2837,#2838,#2839,#2840,#2841,
#2842,#2843,#2844,#2845,#2846));
#576=EDGE_LOOP('',(#2847));
#577=EDGE_LOOP('',(#2848));
#578=EDGE_LOOP('',(#2849));
#579=EDGE_LOOP('',(#2850));
#580=EDGE_LOOP('',(#2851));
#581=EDGE_LOOP('',(#2852));
#582=EDGE_LOOP('',(#2853,#2854,#2855,#2856,#2857,#2858,#2859,#2860,#2861,
#2862,#2863,#2864,#2865,#2866));
#583=EDGE_LOOP('',(#2867));
#584=EDGE_LOOP('',(#2868));
#585=EDGE_LOOP('',(#2869));
#586=EDGE_LOOP('',(#2870,#2871,#2872,#2873,#2874,#2875));
#587=EDGE_LOOP('',(#2876,#2877,#2878,#2879,#2880,#2881));
#588=EDGE_LOOP('',(#2882,#2883,#2884,#2885,#2886,#2887));
#589=EDGE_LOOP('',(#2888,#2889,#2890));
#590=EDGE_LOOP('',(#2891,#2892,#2893));
#591=EDGE_LOOP('',(#2894,#2895,#2896,#2897));
#592=EDGE_LOOP('',(#2898,#2899,#2900));
#593=EDGE_LOOP('',(#2901,#2902,#2903));
#594=EDGE_LOOP('',(#2904,#2905,#2906,#2907));
#595=EDGE_LOOP('',(#2908,#2909,#2910));
#596=EDGE_LOOP('',(#2911,#2912,#2913));
#597=EDGE_LOOP('',(#2914,#2915,#2916,#2917));
#598=EDGE_LOOP('',(#2918,#2919,#2920));
#599=EDGE_LOOP('',(#2921,#2922,#2923));
#600=EDGE_LOOP('',(#2924,#2925,#2926,#2927));
#601=EDGE_LOOP('',(#2928,#2929,#2930));
#602=EDGE_LOOP('',(#2931,#2932,#2933,#2934));
#603=EDGE_LOOP('',(#2935,#2936,#2937));
#604=EDGE_LOOP('',(#2938,#2939,#2940));
#605=EDGE_LOOP('',(#2941,#2942,#2943,#2944));
#606=EDGE_LOOP('',(#2945,#2946,#2947));
#607=EDGE_LOOP('',(#2948,#2949,#2950));
#608=EDGE_LOOP('',(#2951,#2952,#2953));
#609=EDGE_LOOP('',(#2954,#2955,#2956));
#610=EDGE_LOOP('',(#2957,#2958,#2959,#2960));
#611=EDGE_LOOP('',(#2961,#2962,#2963,#2964));
#612=EDGE_LOOP('',(#2965,#2966,#2967,#2968));
#613=EDGE_LOOP('',(#2969,#2970,#2971));
#614=EDGE_LOOP('',(#2972,#2973,#2974,#2975));
#615=EDGE_LOOP('',(#2976,#2977,#2978,#2979));
#616=EDGE_LOOP('',(#2980,#2981,#2982,#2983));
#617=EDGE_LOOP('',(#2984,#2985,#2986,#2987));
#618=EDGE_LOOP('',(#2988,#2989,#2990,#2991));
#619=EDGE_LOOP('',(#2992,#2993,#2994,#2995));
#620=EDGE_LOOP('',(#2996,#2997,#2998,#2999));
#621=EDGE_LOOP('',(#3000,#3001,#3002,#3003));
#622=EDGE_LOOP('',(#3004,#3005,#3006,#3007));
#623=EDGE_LOOP('',(#3008,#3009,#3010,#3011));
#624=EDGE_LOOP('',(#3012,#3013,#3014,#3015));
#625=EDGE_LOOP('',(#3016,#3017,#3018,#3019));
#626=EDGE_LOOP('',(#3020,#3021,#3022,#3023));
#627=EDGE_LOOP('',(#3024,#3025,#3026,#3027));
#628=EDGE_LOOP('',(#3028,#3029,#3030,#3031));
#629=EDGE_LOOP('',(#3032,#3033,#3034,#3035,#3036,#3037,#3038,#3039));
#630=EDGE_LOOP('',(#3040,#3041,#3042,#3043));
#631=EDGE_LOOP('',(#3044,#3045,#3046,#3047));
#632=EDGE_LOOP('',(#3048,#3049,#3050,#3051));
#633=EDGE_LOOP('',(#3052,#3053,#3054,#3055,#3056,#3057));
#634=EDGE_LOOP('',(#3058,#3059,#3060,#3061));
#635=EDGE_LOOP('',(#3062,#3063,#3064,#3065,#3066,#3067,#3068));
#636=EDGE_LOOP('',(#3069,#3070,#3071,#3072));
#637=EDGE_LOOP('',(#3073,#3074,#3075,#3076,#3077,#3078,#3079));
#638=EDGE_LOOP('',(#3080,#3081,#3082,#3083));
#639=EDGE_LOOP('',(#3084,#3085,#3086,#3087,#3088,#3089,#3090));
#640=EDGE_LOOP('',(#3091,#3092,#3093,#3094));
#641=EDGE_LOOP('',(#3095,#3096,#3097,#3098,#3099,#3100,#3101));
#642=EDGE_LOOP('',(#3102,#3103,#3104,#3105));
#643=EDGE_LOOP('',(#3106,#3107,#3108,#3109));
#644=LINE('',#4595,#983);
#645=LINE('',#4599,#984);
#646=LINE('',#4606,#985);
#647=LINE('',#4610,#986);
#648=LINE('',#4617,#987);
#649=LINE('',#4621,#988);
#650=LINE('',#4628,#989);
#651=LINE('',#4632,#990);
#652=LINE('',#4640,#991);
#653=LINE('',#4643,#992);
#654=LINE('',#4646,#993);
#655=LINE('',#4648,#994);
#656=LINE('',#4649,#995);
#657=LINE('',#4653,#996);
#658=LINE('',#4657,#997);
#659=LINE('',#4659,#998);
#660=LINE('',#4661,#999);
#661=LINE('',#4663,#1000);
#662=LINE('',#4665,#1001);
#663=LINE('',#4669,#1002);
#664=LINE('',#4671,#1003);
#665=LINE('',#4673,#1004);
#666=LINE('',#4674,#1005);
#667=LINE('',#4676,#1006);
#668=LINE('',#4678,#1007);
#669=LINE('',#4680,#1008);
#670=LINE('',#4682,#1009);
#671=LINE('',#4684,#1010);
#672=LINE('',#4688,#1011);
#673=LINE('',#4689,#1012);
#674=LINE('',#4694,#1013);
#675=LINE('',#4697,#1014);
#676=LINE('',#4700,#1015);
#677=LINE('',#4701,#1016);
#678=LINE('',#4705,#1017);
#679=LINE('',#4707,#1018);
#680=LINE('',#4709,#1019);
#681=LINE('',#4710,#1020);
#682=LINE('',#4713,#1021);
#683=LINE('',#4715,#1022);
#684=LINE('',#4716,#1023);
#685=LINE('',#4719,#1024);
#686=LINE('',#4721,#1025);
#687=LINE('',#4722,#1026);
#688=LINE('',#4724,#1027);
#689=LINE('',#4727,#1028);
#690=LINE('',#4728,#1029);
#691=LINE('',#4730,#1030);
#692=LINE('',#4731,#1031);
#693=LINE('',#4734,#1032);
#694=LINE('',#4735,#1033);
#695=LINE('',#4738,#1034);
#696=LINE('',#4739,#1035);
#697=LINE('',#4741,#1036);
#698=LINE('',#4743,#1037);
#699=LINE('',#4745,#1038);
#700=LINE('',#4749,#1039);
#701=LINE('',#4751,#1040);
#702=LINE('',#4753,#1041);
#703=LINE('',#4754,#1042);
#704=LINE('',#4757,#1043);
#705=LINE('',#4759,#1044);
#706=LINE('',#4760,#1045);
#707=LINE('',#4764,#1046);
#708=LINE('',#4766,#1047);
#709=LINE('',#4768,#1048);
#710=LINE('',#4769,#1049);
#711=LINE('',#4772,#1050);
#712=LINE('',#4774,#1051);
#713=LINE('',#4775,#1052);
#714=LINE('',#4778,#1053);
#715=LINE('',#4780,#1054);
#716=LINE('',#4781,#1055);
#717=LINE('',#4782,#1056);
#718=LINE('',#4784,#1057);
#719=LINE('',#4789,#1058);
#720=LINE('',#4792,#1059);
#721=LINE('',#4796,#1060);
#722=LINE('',#4798,#1061);
#723=LINE('',#4802,#1062);
#724=LINE('',#4803,#1063);
#725=LINE('',#4808,#1064);
#726=LINE('',#4810,#1065);
#727=LINE('',#4812,#1066);
#728=LINE('',#4813,#1067);
#729=LINE('',#4816,#1068);
#730=LINE('',#4818,#1069);
#731=LINE('',#4822,#1070);
#732=LINE('',#4823,#1071);
#733=LINE('',#4827,#1072);
#734=LINE('',#4829,#1073);
#735=LINE('',#4831,#1074);
#736=LINE('',#4832,#1075);
#737=LINE('',#4835,#1076);
#738=LINE('',#4837,#1077);
#739=LINE('',#4838,#1078);
#740=LINE('',#4841,#1079);
#741=LINE('',#4843,#1080);
#742=LINE('',#4844,#1081);
#743=LINE('',#4846,#1082);
#744=LINE('',#4847,#1083);
#745=LINE('',#4850,#1084);
#746=LINE('',#4852,#1085);
#747=LINE('',#4853,#1086);
#748=LINE('',#4856,#1087);
#749=LINE('',#4857,#1088);
#750=LINE('',#4865,#1089);
#751=LINE('',#4867,#1090);
#752=LINE('',#4869,#1091);
#753=LINE('',#4871,#1092);
#754=LINE('',#4872,#1093);
#755=LINE('',#4875,#1094);
#756=LINE('',#4877,#1095);
#757=LINE('',#4879,#1096);
#758=LINE('',#4880,#1097);
#759=LINE('',#4883,#1098);
#760=LINE('',#4885,#1099);
#761=LINE('',#4886,#1100);
#762=LINE('',#4889,#1101);
#763=LINE('',#4890,#1102);
#764=LINE('',#4893,#1103);
#765=LINE('',#4894,#1104);
#766=LINE('',#4896,#1105);
#767=LINE('',#4899,#1106);
#768=LINE('',#4901,#1107);
#769=LINE('',#4902,#1108);
#770=LINE('',#4905,#1109);
#771=LINE('',#4906,#1110);
#772=LINE('',#4910,#1111);
#773=LINE('',#4911,#1112);
#774=LINE('',#4912,#1113);
#775=LINE('',#4915,#1114);
#776=LINE('',#4917,#1115);
#777=LINE('',#4918,#1116);
#778=LINE('',#4921,#1117);
#779=LINE('',#4922,#1118);
#780=LINE('',#4923,#1119);
#781=LINE('',#4925,#1120);
#782=LINE('',#4927,#1121);
#783=LINE('',#4931,#1122);
#784=LINE('',#4933,#1123);
#785=LINE('',#4935,#1124);
#786=LINE('',#4937,#1125);
#787=LINE('',#4939,#1126);
#788=LINE('',#4940,#1127);
#789=LINE('',#4943,#1128);
#790=LINE('',#4945,#1129);
#791=LINE('',#4947,#1130);
#792=LINE('',#4948,#1131);
#793=LINE('',#4950,#1132);
#794=LINE('',#4951,#1133);
#795=LINE('',#4954,#1134);
#796=LINE('',#4955,#1135);
#797=LINE('',#4957,#1136);
#798=LINE('',#4958,#1137);
#799=LINE('',#4961,#1138);
#800=LINE('',#4978,#1139);
#801=LINE('',#5002,#1140);
#802=LINE('',#5031,#1141);
#803=LINE('',#5057,#1142);
#804=LINE('',#5064,#1143);
#805=LINE('',#5068,#1144);
#806=LINE('',#5071,#1145);
#807=LINE('',#5076,#1146);
#808=LINE('',#5082,#1147);
#809=LINE('',#5086,#1148);
#810=LINE('',#5090,#1149);
#811=LINE('',#5093,#1150);
#812=LINE('',#5097,#1151);
#813=LINE('',#5101,#1152);
#814=LINE('',#5105,#1153);
#815=LINE('',#5109,#1154);
#816=LINE('',#5112,#1155);
#817=LINE('',#5114,#1156);
#818=LINE('',#5115,#1157);
#819=LINE('',#5118,#1158);
#820=LINE('',#5119,#1159);
#821=LINE('',#5122,#1160);
#822=LINE('',#5124,#1161);
#823=LINE('',#5126,#1162);
#824=LINE('',#5127,#1163);
#825=LINE('',#5131,#1164);
#826=LINE('',#5133,#1165);
#827=LINE('',#5135,#1166);
#828=LINE('',#5136,#1167);
#829=LINE('',#5139,#1168);
#830=LINE('',#5141,#1169);
#831=LINE('',#5142,#1170);
#832=LINE('',#5145,#1171);
#833=LINE('',#5147,#1172);
#834=LINE('',#5148,#1173);
#835=LINE('',#5151,#1174);
#836=LINE('',#5153,#1175);
#837=LINE('',#5155,#1176);
#838=LINE('',#5156,#1177);
#839=LINE('',#5159,#1178);
#840=LINE('',#5161,#1179);
#841=LINE('',#5162,#1180);
#842=LINE('',#5165,#1181);
#843=LINE('',#5166,#1182);
#844=LINE('',#5168,#1183);
#845=LINE('',#5170,#1184);
#846=LINE('',#5172,#1185);
#847=LINE('',#5174,#1186);
#848=LINE('',#5176,#1187);
#849=LINE('',#5178,#1188);
#850=LINE('',#5179,#1189);
#851=LINE('',#5183,#1190);
#852=LINE('',#5185,#1191);
#853=LINE('',#5187,#1192);
#854=LINE('',#5188,#1193);
#855=LINE('',#5190,#1194);
#856=LINE('',#5191,#1195);
#857=LINE('',#5194,#1196);
#858=LINE('',#5196,#1197);
#859=LINE('',#5197,#1198);
#860=LINE('',#5200,#1199);
#861=LINE('',#5205,#1200);
#862=LINE('',#5209,#1201);
#863=LINE('',#5210,#1202);
#864=LINE('',#5211,#1203);
#865=LINE('',#5214,#1204);
#866=LINE('',#5215,#1205);
#867=LINE('',#5218,#1206);
#868=LINE('',#5220,#1207);
#869=LINE('',#5221,#1208);
#870=LINE('',#5222,#1209);
#871=LINE('',#5224,#1210);
#872=LINE('',#5226,#1211);
#873=LINE('',#5228,#1212);
#874=LINE('',#5229,#1213);
#875=LINE('',#5231,#1214);
#876=LINE('',#5233,#1215);
#877=LINE('',#5235,#1216);
#878=LINE('',#5240,#1217);
#879=LINE('',#5244,#1218);
#880=LINE('',#5246,#1219);
#881=LINE('',#5247,#1220);
#882=LINE('',#5250,#1221);
#883=LINE('',#5252,#1222);
#884=LINE('',#5254,#1223);
#885=LINE('',#5258,#1224);
#886=LINE('',#5264,#1225);
#887=LINE('',#5271,#1226);
#888=LINE('',#5278,#1227);
#889=LINE('',#5285,#1228);
#890=LINE('',#5291,#1229);
#891=LINE('',#5293,#1230);
#892=LINE('',#5295,#1231);
#893=LINE('',#5296,#1232);
#894=LINE('',#5299,#1233);
#895=LINE('',#5301,#1234);
#896=LINE('',#5302,#1235);
#897=LINE('',#5306,#1236);
#898=LINE('',#5308,#1237);
#899=LINE('',#5310,#1238);
#900=LINE('',#5311,#1239);
#901=LINE('',#5314,#1240);
#902=LINE('',#5316,#1241);
#903=LINE('',#5318,#1242);
#904=LINE('',#5322,#1243);
#905=LINE('',#5324,#1244);
#906=LINE('',#5326,#1245);
#907=LINE('',#5328,#1246);
#908=LINE('',#5330,#1247);
#909=LINE('',#5333,#1248);
#910=LINE('',#5335,#1249);
#911=LINE('',#5336,#1250);
#912=LINE('',#5339,#1251);
#913=LINE('',#5341,#1252);
#914=LINE('',#5342,#1253);
#915=LINE('',#5344,#1254);
#916=LINE('',#5348,#1255);
#917=LINE('',#5349,#1256);
#918=LINE('',#5350,#1257);
#919=LINE('',#5353,#1258);
#920=LINE('',#5354,#1259);
#921=LINE('',#5357,#1260);
#922=LINE('',#5360,#1261);
#923=LINE('',#5362,#1262);
#924=LINE('',#5364,#1263);
#925=LINE('',#5368,#1264);
#926=LINE('',#5369,#1265);
#927=LINE('',#5372,#1266);
#928=LINE('',#5373,#1267);
#929=LINE('',#5376,#1268);
#930=LINE('',#5378,#1269);
#931=LINE('',#5379,#1270);
#932=LINE('',#5382,#1271);
#933=LINE('',#5385,#1272);
#934=LINE('',#5386,#1273);
#935=LINE('',#5388,#1274);
#936=LINE('',#5391,#1275);
#937=LINE('',#5393,#1276);
#938=LINE('',#5395,#1277);
#939=LINE('',#5396,#1278);
#940=LINE('',#5399,#1279);
#941=LINE('',#5402,#1280);
#942=LINE('',#5403,#1281);
#943=LINE('',#5407,#1282);
#944=LINE('',#5411,#1283);
#945=LINE('',#5415,#1284);
#946=LINE('',#5419,#1285);
#947=LINE('',#5422,#1286);
#948=LINE('',#5423,#1287);
#949=LINE('',#5425,#1288);
#950=LINE('',#5426,#1289);
#951=LINE('',#5428,#1290);
#952=LINE('',#5442,#1291);
#953=LINE('',#5443,#1292);
#954=LINE('',#5452,#1293);
#955=LINE('',#5465,#1294);
#956=LINE('',#5481,#1295);
#957=LINE('',#5482,#1296);
#958=LINE('',#5515,#1297);
#959=LINE('',#5521,#1298);
#960=LINE('',#5527,#1299);
#961=LINE('',#5529,#1300);
#962=LINE('',#5531,#1301);
#963=LINE('',#5532,#1302);
#964=LINE('',#5534,#1303);
#965=LINE('',#5537,#1304);
#966=LINE('',#5538,#1305);
#967=LINE('',#5540,#1306);
#968=LINE('',#5544,#1307);
#969=LINE('',#5550,#1308);
#970=LINE('',#5552,#1309);
#971=LINE('',#5554,#1310);
#972=LINE('',#5556,#1311);
#973=LINE('',#5557,#1312);
#974=LINE('',#5559,#1313);
#975=LINE('',#5562,#1314);
#976=LINE('',#5563,#1315);
#977=LINE('',#5565,#1316);
#978=LINE('',#5567,#1317);
#979=LINE('',#5571,#1318);
#980=LINE('',#5573,#1319);
#981=LINE('',#5577,#1320);
#982=LINE('',#5579,#1321);
#983=VECTOR('',#3635,1.05);
#984=VECTOR('',#3640,1.45);
#985=VECTOR('',#3649,1.05);
#986=VECTOR('',#3654,1.45);
#987=VECTOR('',#3663,1.05);
#988=VECTOR('',#3668,1.45);
#989=VECTOR('',#3677,1.05);
#990=VECTOR('',#3682,1.45);
#991=VECTOR('',#3691,10.);
#992=VECTOR('',#3694,10.);
#993=VECTOR('',#3697,10.);
#994=VECTOR('',#3698,10.);
#995=VECTOR('',#3699,10.);
#996=VECTOR('',#3702,10.);
#997=VECTOR('',#3705,10.);
#998=VECTOR('',#3706,10.);
#999=VECTOR('',#3707,10.);
#1000=VECTOR('',#3708,10.);
#1001=VECTOR('',#3709,10.);
#1002=VECTOR('',#3712,10.);
#1003=VECTOR('',#3713,10.);
#1004=VECTOR('',#3714,10.);
#1005=VECTOR('',#3715,10.);
#1006=VECTOR('',#3716,10.);
#1007=VECTOR('',#3717,10.);
#1008=VECTOR('',#3718,10.);
#1009=VECTOR('',#3719,10.);
#1010=VECTOR('',#3720,10.);
#1011=VECTOR('',#3723,10.);
#1012=VECTOR('',#3724,10.);
#1013=VECTOR('',#3729,10.);
#1014=VECTOR('',#3732,10.);
#1015=VECTOR('',#3735,10.);
#1016=VECTOR('',#3736,10.);
#1017=VECTOR('',#3739,10.);
#1018=VECTOR('',#3740,10.);
#1019=VECTOR('',#3741,10.);
#1020=VECTOR('',#3742,10.);
#1021=VECTOR('',#3745,10.);
#1022=VECTOR('',#3746,10.);
#1023=VECTOR('',#3747,10.);
#1024=VECTOR('',#3750,10.);
#1025=VECTOR('',#3751,10.);
#1026=VECTOR('',#3752,10.);
#1027=VECTOR('',#3755,10.);
#1028=VECTOR('',#3758,10.);
#1029=VECTOR('',#3759,10.);
#1030=VECTOR('',#3760,10.);
#1031=VECTOR('',#3761,10.);
#1032=VECTOR('',#3764,10.);
#1033=VECTOR('',#3765,10.);
#1034=VECTOR('',#3768,10.);
#1035=VECTOR('',#3769,10.);
#1036=VECTOR('',#3772,10.);
#1037=VECTOR('',#3775,10.);
#1038=VECTOR('',#3778,10.);
#1039=VECTOR('',#3781,10.);
#1040=VECTOR('',#3782,10.);
#1041=VECTOR('',#3783,10.);
#1042=VECTOR('',#3784,10.);
#1043=VECTOR('',#3787,10.);
#1044=VECTOR('',#3788,10.);
#1045=VECTOR('',#3789,10.);
#1046=VECTOR('',#3792,10.);
#1047=VECTOR('',#3793,10.);
#1048=VECTOR('',#3794,10.);
#1049=VECTOR('',#3795,10.);
#1050=VECTOR('',#3798,10.);
#1051=VECTOR('',#3799,10.);
#1052=VECTOR('',#3800,10.);
#1053=VECTOR('',#3803,10.);
#1054=VECTOR('',#3804,10.);
#1055=VECTOR('',#3805,10.);
#1056=VECTOR('',#3806,10.);
#1057=VECTOR('',#3809,10.);
#1058=VECTOR('',#3814,10.);
#1059=VECTOR('',#3817,10.);
#1060=VECTOR('',#3820,10.);
#1061=VECTOR('',#3823,10.);
#1062=VECTOR('',#3828,10.);
#1063=VECTOR('',#3829,10.);
#1064=VECTOR('',#3834,10.);
#1065=VECTOR('',#3835,10.);
#1066=VECTOR('',#3836,10.);
#1067=VECTOR('',#3837,10.);
#1068=VECTOR('',#3840,10.);
#1069=VECTOR('',#3841,10.);
#1070=VECTOR('',#3846,10.);
#1071=VECTOR('',#3847,10.);
#1072=VECTOR('',#3850,10.);
#1073=VECTOR('',#3851,10.);
#1074=VECTOR('',#3852,10.);
#1075=VECTOR('',#3853,10.);
#1076=VECTOR('',#3856,10.);
#1077=VECTOR('',#3857,10.);
#1078=VECTOR('',#3858,10.);
#1079=VECTOR('',#3861,10.);
#1080=VECTOR('',#3862,10.);
#1081=VECTOR('',#3863,10.);
#1082=VECTOR('',#3866,10.);
#1083=VECTOR('',#3867,10.);
#1084=VECTOR('',#3870,10.);
#1085=VECTOR('',#3871,10.);
#1086=VECTOR('',#3872,10.);
#1087=VECTOR('',#3875,10.);
#1088=VECTOR('',#3876,10.);
#1089=VECTOR('',#3883,10.);
#1090=VECTOR('',#3884,10.);
#1091=VECTOR('',#3885,10.);
#1092=VECTOR('',#3886,10.);
#1093=VECTOR('',#3887,10.);
#1094=VECTOR('',#3888,10.);
#1095=VECTOR('',#3889,10.);
#1096=VECTOR('',#3890,10.);
#1097=VECTOR('',#3891,10.);
#1098=VECTOR('',#3894,10.);
#1099=VECTOR('',#3895,10.);
#1100=VECTOR('',#3896,10.);
#1101=VECTOR('',#3899,10.);
#1102=VECTOR('',#3900,10.);
#1103=VECTOR('',#3903,10.);
#1104=VECTOR('',#3904,10.);
#1105=VECTOR('',#3907,10.);
#1106=VECTOR('',#3910,10.);
#1107=VECTOR('',#3911,10.);
#1108=VECTOR('',#3912,10.);
#1109=VECTOR('',#3915,10.);
#1110=VECTOR('',#3916,10.);
#1111=VECTOR('',#3919,10.);
#1112=VECTOR('',#3920,10.);
#1113=VECTOR('',#3921,10.);
#1114=VECTOR('',#3924,10.);
#1115=VECTOR('',#3925,10.);
#1116=VECTOR('',#3926,10.);
#1117=VECTOR('',#3929,10.);
#1118=VECTOR('',#3930,10.);
#1119=VECTOR('',#3931,10.);
#1120=VECTOR('',#3934,10.);
#1121=VECTOR('',#3937,10.);
#1122=VECTOR('',#3940,10.);
#1123=VECTOR('',#3941,10.);
#1124=VECTOR('',#3942,10.);
#1125=VECTOR('',#3943,10.);
#1126=VECTOR('',#3944,10.);
#1127=VECTOR('',#3945,10.);
#1128=VECTOR('',#3946,10.);
#1129=VECTOR('',#3947,10.);
#1130=VECTOR('',#3948,10.);
#1131=VECTOR('',#3949,10.);
#1132=VECTOR('',#3952,10.);
#1133=VECTOR('',#3953,10.);
#1134=VECTOR('',#3956,10.);
#1135=VECTOR('',#3957,10.);
#1136=VECTOR('',#3960,10.);
#1137=VECTOR('',#3961,10.);
#1138=VECTOR('',#3966,10.);
#1139=VECTOR('',#3975,3.2);
#1140=VECTOR('',#3984,3.2);
#1141=VECTOR('',#3993,3.2);
#1142=VECTOR('',#4006,3.2);
#1143=VECTOR('',#4015,10.);
#1144=VECTOR('',#4018,10.);
#1145=VECTOR('',#4021,10.);
#1146=VECTOR('',#4026,10.);
#1147=VECTOR('',#4033,10.);
#1148=VECTOR('',#4038,10.);
#1149=VECTOR('',#4041,10.);
#1150=VECTOR('',#4044,10.);
#1151=VECTOR('',#4049,1.7);
#1152=VECTOR('',#4054,1.7);
#1153=VECTOR('',#4059,1.7);
#1154=VECTOR('',#4064,1.7);
#1155=VECTOR('',#4067,10.);
#1156=VECTOR('',#4068,10.);
#1157=VECTOR('',#4069,10.);
#1158=VECTOR('',#4072,10.);
#1159=VECTOR('',#4073,10.);
#1160=VECTOR('',#4076,10.);
#1161=VECTOR('',#4077,10.);
#1162=VECTOR('',#4078,10.);
#1163=VECTOR('',#4079,10.);
#1164=VECTOR('',#4082,10.);
#1165=VECTOR('',#4083,10.);
#1166=VECTOR('',#4084,10.);
#1167=VECTOR('',#4085,10.);
#1168=VECTOR('',#4088,10.);
#1169=VECTOR('',#4089,10.);
#1170=VECTOR('',#4090,10.);
#1171=VECTOR('',#4093,10.);
#1172=VECTOR('',#4094,10.);
#1173=VECTOR('',#4095,10.);
#1174=VECTOR('',#4098,10.);
#1175=VECTOR('',#4099,10.);
#1176=VECTOR('',#4100,10.);
#1177=VECTOR('',#4101,10.);
#1178=VECTOR('',#4104,10.);
#1179=VECTOR('',#4105,10.);
#1180=VECTOR('',#4106,10.);
#1181=VECTOR('',#4109,10.);
#1182=VECTOR('',#4110,10.);
#1183=VECTOR('',#4111,10.);
#1184=VECTOR('',#4112,10.);
#1185=VECTOR('',#4113,10.);
#1186=VECTOR('',#4114,10.);
#1187=VECTOR('',#4115,10.);
#1188=VECTOR('',#4116,10.);
#1189=VECTOR('',#4117,10.);
#1190=VECTOR('',#4120,10.);
#1191=VECTOR('',#4121,10.);
#1192=VECTOR('',#4122,10.);
#1193=VECTOR('',#4123,10.);
#1194=VECTOR('',#4126,10.);
#1195=VECTOR('',#4127,10.);
#1196=VECTOR('',#4130,10.);
#1197=VECTOR('',#4131,10.);
#1198=VECTOR('',#4132,10.);
#1199=VECTOR('',#4135,1.9);
#1200=VECTOR('',#4142,1.65);
#1201=VECTOR('',#4145,10.);
#1202=VECTOR('',#4146,10.);
#1203=VECTOR('',#4147,10.);
#1204=VECTOR('',#4150,10.);
#1205=VECTOR('',#4151,10.);
#1206=VECTOR('',#4154,10.);
#1207=VECTOR('',#4155,10.);
#1208=VECTOR('',#4156,10.);
#1209=VECTOR('',#4157,10.);
#1210=VECTOR('',#4158,10.);
#1211=VECTOR('',#4159,10.);
#1212=VECTOR('',#4160,10.);
#1213=VECTOR('',#4161,10.);
#1214=VECTOR('',#4164,10.);
#1215=VECTOR('',#4167,10.);
#1216=VECTOR('',#4170,10.);
#1217=VECTOR('',#4175,10.);
#1218=VECTOR('',#4178,10.);
#1219=VECTOR('',#4179,10.);
#1220=VECTOR('',#4180,10.);
#1221=VECTOR('',#4183,10.);
#1222=VECTOR('',#4184,10.);
#1223=VECTOR('',#4185,10.);
#1224=VECTOR('',#4188,10.);
#1225=VECTOR('',#4195,2.60000000000012);
#1226=VECTOR('',#4204,2.60000000000012);
#1227=VECTOR('',#4213,3.39999999999987);
#1228=VECTOR('',#4222,3.39999999999987);
#1229=VECTOR('',#4229,10.);
#1230=VECTOR('',#4230,10.);
#1231=VECTOR('',#4231,10.);
#1232=VECTOR('',#4232,10.);
#1233=VECTOR('',#4235,10.);
#1234=VECTOR('',#4236,10.);
#1235=VECTOR('',#4237,10.);
#1236=VECTOR('',#4240,10.);
#1237=VECTOR('',#4241,10.);
#1238=VECTOR('',#4242,10.);
#1239=VECTOR('',#4243,10.);
#1240=VECTOR('',#4246,10.);
#1241=VECTOR('',#4247,10.);
#1242=VECTOR('',#4248,10.);
#1243=VECTOR('',#4251,10.);
#1244=VECTOR('',#4252,10.);
#1245=VECTOR('',#4253,10.);
#1246=VECTOR('',#4254,10.);
#1247=VECTOR('',#4255,10.);
#1248=VECTOR('',#4258,10.);
#1249=VECTOR('',#4261,10.);
#1250=VECTOR('',#4262,10.);
#1251=VECTOR('',#4265,10.);
#1252=VECTOR('',#4266,10.);
#1253=VECTOR('',#4267,10.);
#1254=VECTOR('',#4270,10.);
#1255=VECTOR('',#4273,10.);
#1256=VECTOR('',#4274,10.);
#1257=VECTOR('',#4275,10.);
#1258=VECTOR('',#4278,10.);
#1259=VECTOR('',#4279,10.);
#1260=VECTOR('',#4282,10.);
#1261=VECTOR('',#4285,10.);
#1262=VECTOR('',#4286,10.);
#1263=VECTOR('',#4287,10.);
#1264=VECTOR('',#4290,10.);
#1265=VECTOR('',#4291,10.);
#1266=VECTOR('',#4294,10.);
#1267=VECTOR('',#4295,10.);
#1268=VECTOR('',#4298,10.);
#1269=VECTOR('',#4299,10.);
#1270=VECTOR('',#4300,10.);
#1271=VECTOR('',#4303,10.);
#1272=VECTOR('',#4308,10.);
#1273=VECTOR('',#4309,10.);
#1274=VECTOR('',#4312,10.);
#1275=VECTOR('',#4315,10.);
#1276=VECTOR('',#4316,10.);
#1277=VECTOR('',#4317,10.);
#1278=VECTOR('',#4318,10.);
#1279=VECTOR('',#4321,10.);
#1280=VECTOR('',#4326,10.);
#1281=VECTOR('',#4327,10.);
#1282=VECTOR('',#4332,10.);
#1283=VECTOR('',#4335,10.);
#1284=VECTOR('',#4338,10.);
#1285=VECTOR('',#4341,10.);
#1286=VECTOR('',#4344,10.);
#1287=VECTOR('',#4345,10.);
#1288=VECTOR('',#4348,10.);
#1289=VECTOR('',#4349,10.);
#1290=VECTOR('',#4352,10.);
#1291=VECTOR('',#4373,10.);
#1292=VECTOR('',#4374,10.);
#1293=VECTOR('',#4389,10.);
#1294=VECTOR('',#4408,10.);
#1295=VECTOR('',#4433,10.);
#1296=VECTOR('',#4434,10.);
#1297=VECTOR('',#4485,10.);
#1298=VECTOR('',#4494,10.);
#1299=VECTOR('',#4505,10.);
#1300=VECTOR('',#4508,10.);
#1301=VECTOR('',#4511,10.);
#1302=VECTOR('',#4512,10.);
#1303=VECTOR('',#4515,10.);
#1304=VECTOR('',#4520,10.);
#1305=VECTOR('',#4521,10.);
#1306=VECTOR('',#4524,10.);
#1307=VECTOR('',#4529,10.);
#1308=VECTOR('',#4538,10.);
#1309=VECTOR('',#4541,10.);
#1310=VECTOR('',#4544,10.);
#1311=VECTOR('',#4547,10.);
#1312=VECTOR('',#4548,10.);
#1313=VECTOR('',#4551,10.);
#1314=VECTOR('',#4556,10.);
#1315=VECTOR('',#4557,10.);
#1316=VECTOR('',#4560,10.);
#1317=VECTOR('',#4563,10.);
#1318=VECTOR('',#4570,10.);
#1319=VECTOR('',#4573,10.);
#1320=VECTOR('',#4580,10.);
#1321=VECTOR('',#4583,10.);
#1322=CIRCLE('',#3320,0.649999999999999);
#1323=CIRCLE('',#3321,1.45);
#1324=CIRCLE('',#3323,1.45);
#1325=CIRCLE('',#3326,0.649999999999999);
#1326=CIRCLE('',#3327,1.45);
#1327=CIRCLE('',#3329,1.45);
#1328=CIRCLE('',#3332,0.649999999999999);
#1329=CIRCLE('',#3333,1.45);
#1330=CIRCLE('',#3335,1.45);
#1331=CIRCLE('',#3338,0.649999999999999);
#1332=CIRCLE('',#3339,1.45);
#1333=CIRCLE('',#3341,1.45);
#1334=CIRCLE('',#3344,1.);
#1335=CIRCLE('',#3345,1.);
#1336=CIRCLE('',#3348,10.);
#1337=CIRCLE('',#3349,10.);
#1338=CIRCLE('',#3350,1.);
#1339=CIRCLE('',#3351,2.15);
#1340=CIRCLE('',#3353,1.);
#1341=CIRCLE('',#3377,3.2);
#1342=CIRCLE('',#3413,3.2);
#1343=CIRCLE('',#3415,1.7);
#1344=CIRCLE('',#3417,3.2);
#1345=CIRCLE('',#3419,1.7);
#1346=CIRCLE('',#3421,3.2);
#1347=CIRCLE('',#3423,1.7);
#1348=CIRCLE('',#3427,3.2);
#1349=CIRCLE('',#3429,1.7);
#1350=CIRCLE('',#3431,2.);
#1351=CIRCLE('',#3432,2.);
#1352=CIRCLE('',#3434,2.);
#1353=CIRCLE('',#3435,2.);
#1354=CIRCLE('',#3437,2.);
#1355=CIRCLE('',#3438,2.);
#1356=CIRCLE('',#3440,2.);
#1357=CIRCLE('',#3441,2.);
#1358=CIRCLE('',#3443,1.7);
#1359=CIRCLE('',#3445,1.7);
#1360=CIRCLE('',#3447,1.7);
#1361=CIRCLE('',#3449,1.7);
#1362=CIRCLE('',#3463,1.65);
#1363=CIRCLE('',#3465,1.65);
#1364=CIRCLE('',#3473,2.);
#1365=CIRCLE('',#3474,2.);
#1366=CIRCLE('',#3476,2.);
#1367=CIRCLE('',#3477,2.);
#1368=CIRCLE('',#3479,2.60000000000012);
#1369=CIRCLE('',#3480,2.60000000000012);
#1370=CIRCLE('',#3483,2.60000000000012);
#1371=CIRCLE('',#3484,2.60000000000012);
#1372=CIRCLE('',#3487,3.39999999999987);
#1373=CIRCLE('',#3488,3.39999999999987);
#1374=CIRCLE('',#3491,3.39999999999987);
#1375=CIRCLE('',#3492,3.39999999999987);
#1376=CIRCLE('',#3498,8.);
#1377=CIRCLE('',#3499,10.);
#1378=CIRCLE('',#3506,8.);
#1379=CIRCLE('',#3507,10.);
#1380=CIRCLE('',#3511,10.);
#1381=CIRCLE('',#3516,10.);
#1382=CIRCLE('',#3520,2.);
#1383=CIRCLE('',#3521,2.);
#1384=CIRCLE('',#3522,2.);
#1385=CIRCLE('',#3523,2.);
#1386=CIRCLE('',#3529,2.);
#1387=CIRCLE('',#3530,2.);
#1388=CIRCLE('',#3532,2.);
#1389=CIRCLE('',#3533,2.);
#1390=CIRCLE('',#3534,2.);
#1391=CIRCLE('',#3537,2.);
#1392=CIRCLE('',#3538,2.);
#1393=CIRCLE('',#3540,2.);
#1394=CIRCLE('',#3541,2.);
#1395=CIRCLE('',#3544,2.);
#1396=CIRCLE('',#3545,2.);
#1397=CIRCLE('',#3546,2.);
#1398=CIRCLE('',#3548,2.00000000000001);
#1399=CIRCLE('',#3549,2.);
#1400=CIRCLE('',#3550,2.);
#1401=CIRCLE('',#3553,2.);
#1402=CIRCLE('',#3554,2.);
#1403=CIRCLE('',#3555,2.);
#1404=CIRCLE('',#3557,2.);
#1405=CIRCLE('',#3558,2.00000000000001);
#1406=CIRCLE('',#3561,2.);
#1407=CIRCLE('',#3562,2.);
#1408=CIRCLE('',#3565,2.);
#1409=CIRCLE('',#3566,2.);
#1410=CIRCLE('',#3567,2.);
#1411=CIRCLE('',#3569,2.);
#1412=CIRCLE('',#3570,2.);
#1413=CIRCLE('',#3571,2.);
#1414=CIRCLE('',#3574,2.);
#1415=CIRCLE('',#3575,2.);
#1416=CIRCLE('',#3576,2.00000000000001);
#1417=CIRCLE('',#3578,2.00000000000001);
#1418=CIRCLE('',#3579,2.00000000000001);
#1419=CIRCLE('',#3581,2.);
#1420=CIRCLE('',#3582,2.);
#1421=CIRCLE('',#3584,2.);
#1422=CIRCLE('',#3585,2.);
#1423=CIRCLE('',#3586,2.);
#1424=CIRCLE('',#3588,2.);
#1425=CIRCLE('',#3590,2.);
#1426=CIRCLE('',#3591,8.);
#1427=CIRCLE('',#3594,2.);
#1428=CIRCLE('',#3595,2.);
#1429=CIRCLE('',#3605,2.);
#1430=CIRCLE('',#3607,2.);
#1431=CIRCLE('',#3608,8.);
#1432=VERTEX_POINT('',#4592);
#1433=VERTEX_POINT('',#4594);
#1434=VERTEX_POINT('',#4598);
#1435=VERTEX_POINT('',#4603);
#1436=VERTEX_POINT('',#4605);
#1437=VERTEX_POINT('',#4609);
#1438=VERTEX_POINT('',#4614);
#1439=VERTEX_POINT('',#4616);
#1440=VERTEX_POINT('',#4620);
#1441=VERTEX_POINT('',#4625);
#1442=VERTEX_POINT('',#4627);
#1443=VERTEX_POINT('',#4631);
#1444=VERTEX_POINT('',#4636);
#1445=VERTEX_POINT('',#4637);
#1446=VERTEX_POINT('',#4639);
#1447=VERTEX_POINT('',#4641);
#1448=VERTEX_POINT('',#4645);
#1449=VERTEX_POINT('',#4647);
#1450=VERTEX_POINT('',#4651);
#1451=VERTEX_POINT('',#4652);
#1452=VERTEX_POINT('',#4654);
#1453=VERTEX_POINT('',#4656);
#1454=VERTEX_POINT('',#4658);
#1455=VERTEX_POINT('',#4660);
#1456=VERTEX_POINT('',#4662);
#1457=VERTEX_POINT('',#4664);
#1458=VERTEX_POINT('',#4666);
#1459=VERTEX_POINT('',#4668);
#1460=VERTEX_POINT('',#4670);
#1461=VERTEX_POINT('',#4672);
#1462=VERTEX_POINT('',#4675);
#1463=VERTEX_POINT('',#4677);
#1464=VERTEX_POINT('',#4679);
#1465=VERTEX_POINT('',#4681);
#1466=VERTEX_POINT('',#4683);
#1467=VERTEX_POINT('',#4685);
#1468=VERTEX_POINT('',#4687);
#1469=VERTEX_POINT('',#4690);
#1470=VERTEX_POINT('',#4693);
#1471=VERTEX_POINT('',#4695);
#1472=VERTEX_POINT('',#4699);
#1473=VERTEX_POINT('',#4703);
#1474=VERTEX_POINT('',#4704);
#1475=VERTEX_POINT('',#4706);
#1476=VERTEX_POINT('',#4708);
#1477=VERTEX_POINT('',#4712);
#1478=VERTEX_POINT('',#4714);
#1479=VERTEX_POINT('',#4718);
#1480=VERTEX_POINT('',#4720);
#1481=VERTEX_POINT('',#4726);
#1482=VERTEX_POINT('',#4729);
#1483=VERTEX_POINT('',#4733);
#1484=VERTEX_POINT('',#4737);
#1485=VERTEX_POINT('',#4747);
#1486=VERTEX_POINT('',#4748);
#1487=VERTEX_POINT('',#4750);
#1488=VERTEX_POINT('',#4752);
#1489=VERTEX_POINT('',#4756);
#1490=VERTEX_POINT('',#4758);
#1491=VERTEX_POINT('',#4762);
#1492=VERTEX_POINT('',#4763);
#1493=VERTEX_POINT('',#4765);
#1494=VERTEX_POINT('',#4767);
#1495=VERTEX_POINT('',#4771);
#1496=VERTEX_POINT('',#4773);
#1497=VERTEX_POINT('',#4777);
#1498=VERTEX_POINT('',#4779);
#1499=VERTEX_POINT('',#4786);
#1500=VERTEX_POINT('',#4787);
#1501=VERTEX_POINT('',#4790);
#1502=VERTEX_POINT('',#4794);
#1503=VERTEX_POINT('',#4795);
#1504=VERTEX_POINT('',#4800);
#1505=VERTEX_POINT('',#4805);
#1506=VERTEX_POINT('',#4807);
#1507=VERTEX_POINT('',#4809);
#1508=VERTEX_POINT('',#4811);
#1509=VERTEX_POINT('',#4815);
#1510=VERTEX_POINT('',#4817);
#1511=VERTEX_POINT('',#4821);
#1512=VERTEX_POINT('',#4825);
#1513=VERTEX_POINT('',#4826);
#1514=VERTEX_POINT('',#4828);
#1515=VERTEX_POINT('',#4830);
#1516=VERTEX_POINT('',#4834);
#1517=VERTEX_POINT('',#4836);
#1518=VERTEX_POINT('',#4840);
#1519=VERTEX_POINT('',#4842);
#1520=VERTEX_POINT('',#4849);
#1521=VERTEX_POINT('',#4851);
#1522=VERTEX_POINT('',#4855);
#1523=VERTEX_POINT('',#4859);
#1524=VERTEX_POINT('',#4860);
#1525=VERTEX_POINT('',#4862);
#1526=VERTEX_POINT('',#4864);
#1527=VERTEX_POINT('',#4866);
#1528=VERTEX_POINT('',#4868);
#1529=VERTEX_POINT('',#4870);
#1530=VERTEX_POINT('',#4873);
#1531=VERTEX_POINT('',#4874);
#1532=VERTEX_POINT('',#4876);
#1533=VERTEX_POINT('',#4878);
#1534=VERTEX_POINT('',#4882);
#1535=VERTEX_POINT('',#4884);
#1536=VERTEX_POINT('',#4888);
#1537=VERTEX_POINT('',#4892);
#1538=VERTEX_POINT('',#4898);
#1539=VERTEX_POINT('',#4900);
#1540=VERTEX_POINT('',#4904);
#1541=VERTEX_POINT('',#4908);
#1542=VERTEX_POINT('',#4909);
#1543=VERTEX_POINT('',#4914);
#1544=VERTEX_POINT('',#4916);
#1545=VERTEX_POINT('',#4920);
#1546=VERTEX_POINT('',#4929);
#1547=VERTEX_POINT('',#4930);
#1548=VERTEX_POINT('',#4932);
#1549=VERTEX_POINT('',#4934);
#1550=VERTEX_POINT('',#4936);
#1551=VERTEX_POINT('',#4938);
#1552=VERTEX_POINT('',#4941);
#1553=VERTEX_POINT('',#4942);
#1554=VERTEX_POINT('',#4944);
#1555=VERTEX_POINT('',#4946);
#1556=VERTEX_POINT('',#4953);
#1557=VERTEX_POINT('',#4965);
#1558=VERTEX_POINT('',#4966);
#1559=VERTEX_POINT('',#4968);
#1560=VERTEX_POINT('',#4977);
#1561=VERTEX_POINT('',#4989);
#1562=VERTEX_POINT('',#4992);
#1563=VERTEX_POINT('',#5001);
#1564=VERTEX_POINT('',#5013);
#1565=VERTEX_POINT('',#5030);
#1566=VERTEX_POINT('',#5034);
#1567=VERTEX_POINT('',#5037);
#1568=VERTEX_POINT('',#5038);
#1569=VERTEX_POINT('',#5040);
#1570=VERTEX_POINT('',#5056);
#1571=VERTEX_POINT('',#5060);
#1572=VERTEX_POINT('',#5063);
#1573=VERTEX_POINT('',#5065);
#1574=VERTEX_POINT('',#5067);
#1575=VERTEX_POINT('',#5069);
#1576=VERTEX_POINT('',#5073);
#1577=VERTEX_POINT('',#5075);
#1578=VERTEX_POINT('',#5079);
#1579=VERTEX_POINT('',#5081);
#1580=VERTEX_POINT('',#5085);
#1581=VERTEX_POINT('',#5087);
#1582=VERTEX_POINT('',#5089);
#1583=VERTEX_POINT('',#5091);
#1584=VERTEX_POINT('',#5095);
#1585=VERTEX_POINT('',#5099);
#1586=VERTEX_POINT('',#5103);
#1587=VERTEX_POINT('',#5107);
#1588=VERTEX_POINT('',#5111);
#1589=VERTEX_POINT('',#5113);
#1590=VERTEX_POINT('',#5117);
#1591=VERTEX_POINT('',#5121);
#1592=VERTEX_POINT('',#5123);
#1593=VERTEX_POINT('',#5125);
#1594=VERTEX_POINT('',#5129);
#1595=VERTEX_POINT('',#5130);
#1596=VERTEX_POINT('',#5132);
#1597=VERTEX_POINT('',#5134);
#1598=VERTEX_POINT('',#5138);
#1599=VERTEX_POINT('',#5140);
#1600=VERTEX_POINT('',#5144);
#1601=VERTEX_POINT('',#5146);
#1602=VERTEX_POINT('',#5150);
#1603=VERTEX_POINT('',#5152);
#1604=VERTEX_POINT('',#5154);
#1605=VERTEX_POINT('',#5158);
#1606=VERTEX_POINT('',#5160);
#1607=VERTEX_POINT('',#5164);
#1608=VERTEX_POINT('',#5167);
#1609=VERTEX_POINT('',#5169);
#1610=VERTEX_POINT('',#5171);
#1611=VERTEX_POINT('',#5173);
#1612=VERTEX_POINT('',#5175);
#1613=VERTEX_POINT('',#5177);
#1614=VERTEX_POINT('',#5181);
#1615=VERTEX_POINT('',#5182);
#1616=VERTEX_POINT('',#5184);
#1617=VERTEX_POINT('',#5186);
#1618=VERTEX_POINT('',#5193);
#1619=VERTEX_POINT('',#5195);
#1620=VERTEX_POINT('',#5199);
#1621=VERTEX_POINT('',#5203);
#1622=VERTEX_POINT('',#5207);
#1623=VERTEX_POINT('',#5208);
#1624=VERTEX_POINT('',#5213);
#1625=VERTEX_POINT('',#5217);
#1626=VERTEX_POINT('',#5219);
#1627=VERTEX_POINT('',#5223);
#1628=VERTEX_POINT('',#5225);
#1629=VERTEX_POINT('',#5227);
#1630=VERTEX_POINT('',#5237);
#1631=VERTEX_POINT('',#5239);
#1632=VERTEX_POINT('',#5241);
#1633=VERTEX_POINT('',#5243);
#1634=VERTEX_POINT('',#5245);
#1635=VERTEX_POINT('',#5249);
#1636=VERTEX_POINT('',#5251);
#1637=VERTEX_POINT('',#5253);
#1638=VERTEX_POINT('',#5255);
#1639=VERTEX_POINT('',#5257);
#1640=VERTEX_POINT('',#5261);
#1641=VERTEX_POINT('',#5263);
#1642=VERTEX_POINT('',#5268);
#1643=VERTEX_POINT('',#5270);
#1644=VERTEX_POINT('',#5275);
#1645=VERTEX_POINT('',#5277);
#1646=VERTEX_POINT('',#5282);
#1647=VERTEX_POINT('',#5284);
#1648=VERTEX_POINT('',#5289);
#1649=VERTEX_POINT('',#5290);
#1650=VERTEX_POINT('',#5292);
#1651=VERTEX_POINT('',#5294);
#1652=VERTEX_POINT('',#5298);
#1653=VERTEX_POINT('',#5300);
#1654=VERTEX_POINT('',#5304);
#1655=VERTEX_POINT('',#5305);
#1656=VERTEX_POINT('',#5307);
#1657=VERTEX_POINT('',#5309);
#1658=VERTEX_POINT('',#5313);
#1659=VERTEX_POINT('',#5315);
#1660=VERTEX_POINT('',#5317);
#1661=VERTEX_POINT('',#5319);
#1662=VERTEX_POINT('',#5321);
#1663=VERTEX_POINT('',#5323);
#1664=VERTEX_POINT('',#5325);
#1665=VERTEX_POINT('',#5327);
#1666=VERTEX_POINT('',#5329);
#1667=VERTEX_POINT('',#5331);
#1668=VERTEX_POINT('',#5338);
#1669=VERTEX_POINT('',#5340);
#1670=VERTEX_POINT('',#5346);
#1671=VERTEX_POINT('',#5347);
#1672=VERTEX_POINT('',#5352);
#1673=VERTEX_POINT('',#5356);
#1674=VERTEX_POINT('',#5358);
#1675=VERTEX_POINT('',#5361);
#1676=VERTEX_POINT('',#5363);
#1677=VERTEX_POINT('',#5365);
#1678=VERTEX_POINT('',#5367);
#1679=VERTEX_POINT('',#5371);
#1680=VERTEX_POINT('',#5375);
#1681=VERTEX_POINT('',#5377);
#1682=VERTEX_POINT('',#5381);
#1683=VERTEX_POINT('',#5390);
#1684=VERTEX_POINT('',#5392);
#1685=VERTEX_POINT('',#5394);
#1686=VERTEX_POINT('',#5398);
#1687=VERTEX_POINT('',#5406);
#1688=VERTEX_POINT('',#5408);
#1689=VERTEX_POINT('',#5410);
#1690=VERTEX_POINT('',#5412);
#1691=VERTEX_POINT('',#5414);
#1692=VERTEX_POINT('',#5416);
#1693=VERTEX_POINT('',#5418);
#1694=VERTEX_POINT('',#5420);
#1695=VERTEX_POINT('',#5432);
#1696=VERTEX_POINT('',#5436);
#1697=VERTEX_POINT('',#5438);
#1698=VERTEX_POINT('',#5448);
#1699=VERTEX_POINT('',#5454);
#1700=VERTEX_POINT('',#5455);
#1701=VERTEX_POINT('',#5461);
#1702=VERTEX_POINT('',#5467);
#1703=VERTEX_POINT('',#5469);
#1704=VERTEX_POINT('',#5477);
#1705=VERTEX_POINT('',#5484);
#1706=VERTEX_POINT('',#5489);
#1707=VERTEX_POINT('',#5495);
#1708=VERTEX_POINT('',#5497);
#1709=VERTEX_POINT('',#5504);
#1710=VERTEX_POINT('',#5508);
#1711=VERTEX_POINT('',#5513);
#1712=VERTEX_POINT('',#5517);
#1713=VERTEX_POINT('',#5542);
#1714=VERTEX_POINT('',#5546);
#1715=EDGE_CURVE('',#1432,#1432,#1322,.T.);
#1716=EDGE_CURVE('',#1432,#1433,#644,.T.);
#1717=EDGE_CURVE('',#1433,#1433,#1323,.T.);
#1718=EDGE_CURVE('',#1433,#1434,#645,.T.);
#1719=EDGE_CURVE('',#1434,#1434,#1324,.T.);
#1720=EDGE_CURVE('',#1435,#1435,#1325,.T.);
#1721=EDGE_CURVE('',#1435,#1436,#646,.T.);
#1722=EDGE_CURVE('',#1436,#1436,#1326,.T.);
#1723=EDGE_CURVE('',#1436,#1437,#647,.T.);
#1724=EDGE_CURVE('',#1437,#1437,#1327,.T.);
#1725=EDGE_CURVE('',#1438,#1438,#1328,.T.);
#1726=EDGE_CURVE('',#1438,#1439,#648,.T.);
#1727=EDGE_CURVE('',#1439,#1439,#1329,.T.);
#1728=EDGE_CURVE('',#1439,#1440,#649,.T.);
#1729=EDGE_CURVE('',#1440,#1440,#1330,.T.);
#1730=EDGE_CURVE('',#1441,#1441,#1331,.T.);
#1731=EDGE_CURVE('',#1441,#1442,#650,.T.);
#1732=EDGE_CURVE('',#1442,#1442,#1332,.T.);
#1733=EDGE_CURVE('',#1442,#1443,#651,.T.);
#1734=EDGE_CURVE('',#1443,#1443,#1333,.T.);
#1735=EDGE_CURVE('',#1444,#1445,#1334,.T.);
#1736=EDGE_CURVE('',#1445,#1446,#652,.T.);
#1737=EDGE_CURVE('',#1446,#1447,#1335,.T.);
#1738=EDGE_CURVE('',#1447,#1444,#653,.T.);
#1739=EDGE_CURVE('',#1448,#1445,#654,.T.);
#1740=EDGE_CURVE('',#1449,#1448,#655,.T.);
#1741=EDGE_CURVE('',#1446,#1449,#656,.T.);
#1742=EDGE_CURVE('',#1450,#1451,#657,.T.);
#1743=EDGE_CURVE('',#1452,#1450,#1336,.T.);
#1744=EDGE_CURVE('',#1453,#1452,#658,.T.);
#1745=EDGE_CURVE('',#1454,#1453,#659,.T.);
#1746=EDGE_CURVE('',#1455,#1454,#660,.T.);
#1747=EDGE_CURVE('',#1456,#1455,#661,.T.);
#1748=EDGE_CURVE('',#1457,#1456,#662,.T.);
#1749=EDGE_CURVE('',#1458,#1457,#1337,.T.);
#1750=EDGE_CURVE('',#1459,#1458,#663,.T.);
#1751=EDGE_CURVE('',#1460,#1459,#664,.T.);
#1752=EDGE_CURVE('',#1461,#1460,#665,.T.);
#1753=EDGE_CURVE('',#1451,#1461,#666,.T.);
#1754=EDGE_CURVE('',#1444,#1462,#667,.T.);
#1755=EDGE_CURVE('',#1462,#1463,#668,.T.);
#1756=EDGE_CURVE('',#1463,#1464,#669,.T.);
#1757=EDGE_CURVE('',#1464,#1465,#670,.T.);
#1758=EDGE_CURVE('',#1465,#1466,#671,.T.);
#1759=EDGE_CURVE('',#1467,#1466,#1338,.T.);
#1760=EDGE_CURVE('',#1467,#1468,#672,.T.);
#1761=EDGE_CURVE('',#1468,#1448,#673,.T.);
#1762=EDGE_CURVE('',#1469,#1469,#1339,.T.);
#1763=EDGE_CURVE('',#1466,#1470,#674,.T.);
#1764=EDGE_CURVE('',#1470,#1471,#1340,.T.);
#1765=EDGE_CURVE('',#1471,#1467,#675,.T.);
#1766=EDGE_CURVE('',#1472,#1471,#676,.T.);
#1767=EDGE_CURVE('',#1472,#1468,#677,.T.);
#1768=EDGE_CURVE('',#1473,#1474,#678,.T.);
#1769=EDGE_CURVE('',#1473,#1475,#679,.T.);
#1770=EDGE_CURVE('',#1475,#1476,#680,.T.);
#1771=EDGE_CURVE('',#1474,#1476,#681,.T.);
#1772=EDGE_CURVE('',#1477,#1473,#682,.T.);
#1773=EDGE_CURVE('',#1477,#1478,#683,.T.);
#1774=EDGE_CURVE('',#1478,#1475,#684,.T.);
#1775=EDGE_CURVE('',#1479,#1477,#685,.T.);
#1776=EDGE_CURVE('',#1480,#1479,#686,.T.);
#1777=EDGE_CURVE('',#1480,#1478,#687,.T.);
#1778=EDGE_CURVE('',#1476,#1480,#688,.T.);
#1779=EDGE_CURVE('',#1481,#1479,#689,.T.);
#1780=EDGE_CURVE('',#1481,#1464,#690,.T.);
#1781=EDGE_CURVE('',#1482,#1463,#691,.T.);
#1782=EDGE_CURVE('',#1474,#1482,#692,.T.);
#1783=EDGE_CURVE('',#1483,#1462,#693,.T.);
#1784=EDGE_CURVE('',#1482,#1483,#694,.T.);
#1785=EDGE_CURVE('',#1484,#1481,#695,.T.);
#1786=EDGE_CURVE('',#1484,#1465,#696,.T.);
#1787=EDGE_CURVE('',#1470,#1484,#697,.T.);
#1788=EDGE_CURVE('',#1449,#1472,#698,.T.);
#1789=EDGE_CURVE('',#1483,#1447,#699,.T.);
#1790=EDGE_CURVE('',#1485,#1486,#700,.F.);
#1791=EDGE_CURVE('',#1486,#1487,#701,.T.);
#1792=EDGE_CURVE('',#1487,#1488,#702,.F.);
#1793=EDGE_CURVE('',#1488,#1485,#703,.T.);
#1794=EDGE_CURVE('',#1488,#1489,#704,.T.);
#1795=EDGE_CURVE('',#1490,#1489,#705,.T.);
#1796=EDGE_CURVE('',#1485,#1490,#706,.T.);
#1797=EDGE_CURVE('',#1491,#1492,#707,.F.);
#1798=EDGE_CURVE('',#1492,#1493,#708,.T.);
#1799=EDGE_CURVE('',#1494,#1493,#709,.T.);
#1800=EDGE_CURVE('',#1494,#1491,#710,.T.);
#1801=EDGE_CURVE('',#1494,#1495,#711,.T.);
#1802=EDGE_CURVE('',#1496,#1495,#712,.T.);
#1803=EDGE_CURVE('',#1491,#1496,#713,.T.);
#1804=EDGE_CURVE('',#1497,#1490,#714,.T.);
#1805=EDGE_CURVE('',#1497,#1498,#715,.T.);
#1806=EDGE_CURVE('',#1498,#1495,#716,.F.);
#1807=EDGE_CURVE('',#1495,#1490,#717,.T.);
#1808=EDGE_CURVE('',#1486,#1493,#718,.T.);
#1809=EDGE_CURVE('',#1499,#1500,#39,.T.);
#1810=EDGE_CURVE('',#1500,#1496,#719,.T.);
#1811=EDGE_CURVE('',#1498,#1501,#40,.T.);
#1812=EDGE_CURVE('',#1501,#1499,#720,.T.);
#1813=EDGE_CURVE('',#1502,#1503,#721,.T.);
#1814=EDGE_CURVE('',#1503,#1497,#41,.T.);
#1815=EDGE_CURVE('',#1489,#1502,#722,.T.);
#1816=EDGE_CURVE('',#1500,#1504,#1341,.T.);
#1817=EDGE_CURVE('',#1504,#1502,#723,.T.);
#1818=EDGE_CURVE('',#1489,#1496,#724,.T.);
#1819=EDGE_CURVE('',#1504,#1505,#42,.T.);
#1820=EDGE_CURVE('',#1506,#1505,#725,.T.);
#1821=EDGE_CURVE('',#1507,#1506,#726,.T.);
#1822=EDGE_CURVE('',#1508,#1507,#727,.T.);
#1823=EDGE_CURVE('',#1503,#1508,#728,.T.);
#1824=EDGE_CURVE('',#1509,#1501,#729,.T.);
#1825=EDGE_CURVE('',#1510,#1509,#730,.T.);
#1826=EDGE_CURVE('',#1510,#1499,#43,.T.);
#1827=EDGE_CURVE('',#1511,#1487,#731,.T.);
#1828=EDGE_CURVE('',#1511,#1492,#732,.T.);
#1829=EDGE_CURVE('',#1512,#1513,#733,.T.);
#1830=EDGE_CURVE('',#1513,#1514,#734,.T.);
#1831=EDGE_CURVE('',#1514,#1515,#735,.T.);
#1832=EDGE_CURVE('',#1515,#1512,#736,.T.);
#1833=EDGE_CURVE('',#1513,#1516,#737,.T.);
#1834=EDGE_CURVE('',#1516,#1517,#738,.T.);
#1835=EDGE_CURVE('',#1517,#1514,#739,.T.);
#1836=EDGE_CURVE('',#1516,#1518,#740,.T.);
#1837=EDGE_CURVE('',#1518,#1519,#741,.T.);
#1838=EDGE_CURVE('',#1519,#1517,#742,.T.);
#1839=EDGE_CURVE('',#1515,#1519,#743,.T.);
#1840=EDGE_CURVE('',#1518,#1512,#744,.T.);
#1841=EDGE_CURVE('',#1515,#1520,#745,.T.);
#1842=EDGE_CURVE('',#1521,#1520,#746,.T.);
#1843=EDGE_CURVE('',#1519,#1521,#747,.T.);
#1844=EDGE_CURVE('',#1514,#1522,#748,.T.);
#1845=EDGE_CURVE('',#1520,#1522,#749,.T.);
#1846=EDGE_CURVE('',#1523,#1524,#44,.T.);
#1847=EDGE_CURVE('',#1524,#1525,#45,.T.);
#1848=EDGE_CURVE('',#1526,#1525,#750,.T.);
#1849=EDGE_CURVE('',#1527,#1526,#751,.T.);
#1850=EDGE_CURVE('',#1528,#1527,#752,.T.);
#1851=EDGE_CURVE('',#1529,#1528,#753,.T.);
#1852=EDGE_CURVE('',#1523,#1529,#754,.T.);
#1853=EDGE_CURVE('',#1530,#1531,#755,.T.);
#1854=EDGE_CURVE('',#1532,#1530,#756,.T.);
#1855=EDGE_CURVE('',#1533,#1532,#757,.T.);
#1856=EDGE_CURVE('',#1531,#1533,#758,.T.);
#1857=EDGE_CURVE('',#1531,#1534,#759,.T.);
#1858=EDGE_CURVE('',#1534,#1535,#760,.T.);
#1859=EDGE_CURVE('',#1535,#1530,#761,.T.);
#1860=EDGE_CURVE('',#1533,#1536,#762,.T.);
#1861=EDGE_CURVE('',#1536,#1534,#763,.T.);
#1862=EDGE_CURVE('',#1532,#1537,#764,.T.);
#1863=EDGE_CURVE('',#1537,#1536,#765,.T.);
#1864=EDGE_CURVE('',#1535,#1537,#766,.T.);
#1865=EDGE_CURVE('',#1535,#1538,#767,.T.);
#1866=EDGE_CURVE('',#1539,#1538,#768,.T.);
#1867=EDGE_CURVE('',#1537,#1539,#769,.T.);
#1868=EDGE_CURVE('',#1534,#1540,#770,.T.);
#1869=EDGE_CURVE('',#1538,#1540,#771,.T.);
#1870=EDGE_CURVE('',#1541,#1542,#772,.T.);
#1871=EDGE_CURVE('',#1542,#1538,#773,.T.);
#1872=EDGE_CURVE('',#1540,#1541,#774,.T.);
#1873=EDGE_CURVE('',#1540,#1543,#775,.T.);
#1874=EDGE_CURVE('',#1543,#1544,#776,.T.);
#1875=EDGE_CURVE('',#1544,#1541,#777,.T.);
#1876=EDGE_CURVE('',#1545,#1544,#778,.T.);
#1877=EDGE_CURVE('',#1543,#1539,#779,.T.);
#1878=EDGE_CURVE('',#1539,#1545,#780,.T.);
#1879=EDGE_CURVE('',#1542,#1545,#781,.T.);
#1880=EDGE_CURVE('',#1536,#1543,#782,.T.);
#1881=EDGE_CURVE('',#1546,#1547,#783,.T.);
#1882=EDGE_CURVE('',#1547,#1548,#784,.T.);
#1883=EDGE_CURVE('',#1549,#1548,#785,.T.);
#1884=EDGE_CURVE('',#1549,#1550,#786,.T.);
#1885=EDGE_CURVE('',#1551,#1550,#787,.T.);
#1886=EDGE_CURVE('',#1551,#1546,#788,.T.);
#1887=EDGE_CURVE('',#1552,#1553,#789,.T.);
#1888=EDGE_CURVE('',#1554,#1552,#790,.T.);
#1889=EDGE_CURVE('',#1555,#1554,#791,.T.);
#1890=EDGE_CURVE('',#1553,#1555,#792,.T.);
#1891=EDGE_CURVE('',#1553,#1520,#793,.T.);
#1892=EDGE_CURVE('',#1522,#1552,#794,.T.);
#1893=EDGE_CURVE('',#1522,#1556,#795,.T.);
#1894=EDGE_CURVE('',#1556,#1554,#796,.T.);
#1895=EDGE_CURVE('',#1556,#1521,#797,.T.);
#1896=EDGE_CURVE('',#1521,#1555,#798,.T.);
#1897=EDGE_CURVE('',#1517,#1556,#799,.T.);
#1898=EDGE_CURVE('',#1557,#1558,#46,.T.);
#1899=EDGE_CURVE('',#1559,#1557,#33,.T.);
#1900=EDGE_CURVE('',#1559,#1560,#800,.T.);
#1901=EDGE_CURVE('',#1560,#1560,#1342,.T.);
#1902=EDGE_CURVE('',#1558,#1559,#34,.T.);
#1903=EDGE_CURVE('',#1561,#1561,#1343,.T.);
#1904=EDGE_CURVE('',#1562,#1510,#35,.T.);
#1905=EDGE_CURVE('',#1562,#1563,#801,.T.);
#1906=EDGE_CURVE('',#1563,#1563,#1344,.T.);
#1907=EDGE_CURVE('',#1505,#1562,#36,.T.);
#1908=EDGE_CURVE('',#1564,#1564,#1345,.T.);
#1909=EDGE_CURVE('',#1525,#1523,#37,.T.);
#1910=EDGE_CURVE('',#1524,#1565,#802,.T.);
#1911=EDGE_CURVE('',#1565,#1565,#1346,.T.);
#1912=EDGE_CURVE('',#1566,#1566,#1347,.T.);
#1913=EDGE_CURVE('',#1567,#1568,#47,.T.);
#1914=EDGE_CURVE('',#1569,#1567,#38,.T.);
#1915=EDGE_CURVE('',#1568,#1569,#48,.T.);
#1916=EDGE_CURVE('',#1568,#1570,#803,.T.);
#1917=EDGE_CURVE('',#1570,#1570,#1348,.T.);
#1918=EDGE_CURVE('',#1571,#1571,#1349,.T.);
#1919=EDGE_CURVE('',#1557,#1572,#804,.T.);
#1920=EDGE_CURVE('',#1572,#1573,#1350,.F.);
#1921=EDGE_CURVE('',#1573,#1574,#805,.T.);
#1922=EDGE_CURVE('',#1574,#1575,#1351,.F.);
#1923=EDGE_CURVE('',#1575,#1558,#806,.T.);
#1924=EDGE_CURVE('',#1509,#1576,#1352,.F.);
#1925=EDGE_CURVE('',#1576,#1577,#807,.T.);
#1926=EDGE_CURVE('',#1577,#1506,#1353,.F.);
#1927=EDGE_CURVE('',#1529,#1578,#1354,.F.);
#1928=EDGE_CURVE('',#1578,#1579,#808,.T.);
#1929=EDGE_CURVE('',#1579,#1526,#1355,.F.);
#1930=EDGE_CURVE('',#1567,#1580,#809,.T.);
#1931=EDGE_CURVE('',#1580,#1581,#1356,.F.);
#1932=EDGE_CURVE('',#1581,#1582,#810,.T.);
#1933=EDGE_CURVE('',#1582,#1583,#1357,.F.);
#1934=EDGE_CURVE('',#1583,#1569,#811,.T.);
#1935=EDGE_CURVE('',#1584,#1584,#1358,.T.);
#1936=EDGE_CURVE('',#1584,#1564,#812,.T.);
#1937=EDGE_CURVE('',#1585,#1585,#1359,.T.);
#1938=EDGE_CURVE('',#1585,#1561,#813,.T.);
#1939=EDGE_CURVE('',#1586,#1586,#1360,.T.);
#1940=EDGE_CURVE('',#1586,#1571,#814,.T.);
#1941=EDGE_CURVE('',#1587,#1587,#1361,.T.);
#1942=EDGE_CURVE('',#1587,#1566,#815,.T.);
#1943=EDGE_CURVE('',#1588,#1546,#816,.T.);
#1944=EDGE_CURVE('',#1588,#1589,#817,.T.);
#1945=EDGE_CURVE('',#1547,#1589,#818,.T.);
#1946=EDGE_CURVE('',#1590,#1551,#819,.T.);
#1947=EDGE_CURVE('',#1590,#1588,#820,.T.);
#1948=EDGE_CURVE('',#1591,#1589,#821,.T.);
#1949=EDGE_CURVE('',#1591,#1592,#822,.T.);
#1950=EDGE_CURVE('',#1593,#1592,#823,.T.);
#1951=EDGE_CURVE('',#1548,#1593,#824,.T.);
#1952=EDGE_CURVE('',#1594,#1595,#825,.T.);
#1953=EDGE_CURVE('',#1596,#1594,#826,.T.);
#1954=EDGE_CURVE('',#1596,#1597,#827,.T.);
#1955=EDGE_CURVE('',#1597,#1595,#828,.T.);
#1956=EDGE_CURVE('',#1598,#1575,#829,.T.);
#1957=EDGE_CURVE('',#1599,#1598,#830,.T.);
#1958=EDGE_CURVE('',#1572,#1599,#831,.T.);
#1959=EDGE_CURVE('',#1492,#1600,#832,.T.);
#1960=EDGE_CURVE('',#1601,#1600,#833,.T.);
#1961=EDGE_CURVE('',#1493,#1601,#834,.T.);
#1962=EDGE_CURVE('',#1602,#1486,#835,.T.);
#1963=EDGE_CURVE('',#1603,#1602,#836,.T.);
#1964=EDGE_CURVE('',#1603,#1604,#837,.T.);
#1965=EDGE_CURVE('',#1604,#1511,#838,.T.);
#1966=EDGE_CURVE('',#1605,#1511,#839,.T.);
#1967=EDGE_CURVE('',#1606,#1605,#840,.T.);
#1968=EDGE_CURVE('',#1600,#1606,#841,.T.);
#1969=EDGE_CURVE('',#1594,#1607,#842,.T.);
#1970=EDGE_CURVE('',#1607,#1601,#843,.T.);
#1971=EDGE_CURVE('',#1608,#1606,#844,.T.);
#1972=EDGE_CURVE('',#1608,#1609,#845,.T.);
#1973=EDGE_CURVE('',#1610,#1609,#846,.T.);
#1974=EDGE_CURVE('',#1611,#1610,#847,.T.);
#1975=EDGE_CURVE('',#1612,#1611,#848,.T.);
#1976=EDGE_CURVE('',#1613,#1612,#849,.T.);
#1977=EDGE_CURVE('',#1596,#1613,#850,.T.);
#1978=EDGE_CURVE('',#1614,#1615,#851,.T.);
#1979=EDGE_CURVE('',#1616,#1614,#852,.T.);
#1980=EDGE_CURVE('',#1617,#1616,#853,.T.);
#1981=EDGE_CURVE('',#1615,#1617,#854,.T.);
#1982=EDGE_CURVE('',#1592,#1614,#855,.T.);
#1983=EDGE_CURVE('',#1616,#1591,#856,.T.);
#1984=EDGE_CURVE('',#1618,#1583,#857,.T.);
#1985=EDGE_CURVE('',#1619,#1618,#858,.T.);
#1986=EDGE_CURVE('',#1580,#1619,#859,.T.);
#1987=EDGE_CURVE('',#1469,#1620,#860,.T.);
#1988=EDGE_CURVE('',#1620,#1620,#1362,.T.);
#1989=EDGE_CURVE('',#1621,#1621,#1363,.T.);
#1990=EDGE_CURVE('',#1621,#1620,#861,.T.);
#1991=EDGE_CURVE('',#1622,#1623,#862,.T.);
#1992=EDGE_CURVE('',#1623,#1610,#863,.T.);
#1993=EDGE_CURVE('',#1609,#1622,#864,.T.);
#1994=EDGE_CURVE('',#1623,#1624,#865,.T.);
#1995=EDGE_CURVE('',#1611,#1624,#866,.T.);
#1996=EDGE_CURVE('',#1625,#1622,#867,.T.);
#1997=EDGE_CURVE('',#1626,#1625,#868,.T.);
#1998=EDGE_CURVE('',#1577,#1626,#869,.T.);
#1999=EDGE_CURVE('',#1574,#1576,#870,.T.);
#2000=EDGE_CURVE('',#1627,#1573,#871,.T.);
#2001=EDGE_CURVE('',#1628,#1627,#872,.T.);
#2002=EDGE_CURVE('',#1628,#1629,#873,.T.);
#2003=EDGE_CURVE('',#1624,#1629,#874,.T.);
#2004=EDGE_CURVE('',#1629,#1612,#875,.T.);
#2005=EDGE_CURVE('',#1613,#1628,#876,.T.);
#2006=EDGE_CURVE('',#1625,#1608,#877,.T.);
#2007=EDGE_CURVE('',#1630,#1627,#1364,.T.);
#2008=EDGE_CURVE('',#1630,#1631,#878,.T.);
#2009=EDGE_CURVE('',#1632,#1631,#1365,.T.);
#2010=EDGE_CURVE('',#1632,#1633,#879,.T.);
#2011=EDGE_CURVE('',#1633,#1634,#880,.T.);
#2012=EDGE_CURVE('',#1597,#1634,#881,.T.);
#2013=EDGE_CURVE('',#1605,#1635,#882,.T.);
#2014=EDGE_CURVE('',#1635,#1636,#883,.T.);
#2015=EDGE_CURVE('',#1636,#1637,#884,.T.);
#2016=EDGE_CURVE('',#1638,#1637,#1366,.T.);
#2017=EDGE_CURVE('',#1639,#1638,#885,.T.);
#2018=EDGE_CURVE('',#1626,#1639,#1367,.T.);
#2019=EDGE_CURVE('',#1640,#1640,#1368,.T.);
#2020=EDGE_CURVE('',#1640,#1641,#886,.T.);
#2021=EDGE_CURVE('',#1641,#1641,#1369,.T.);
#2022=EDGE_CURVE('',#1642,#1642,#1370,.T.);
#2023=EDGE_CURVE('',#1642,#1643,#887,.T.);
#2024=EDGE_CURVE('',#1643,#1643,#1371,.T.);
#2025=EDGE_CURVE('',#1644,#1644,#1372,.T.);
#2026=EDGE_CURVE('',#1644,#1645,#888,.T.);
#2027=EDGE_CURVE('',#1645,#1645,#1373,.T.);
#2028=EDGE_CURVE('',#1646,#1646,#1374,.T.);
#2029=EDGE_CURVE('',#1646,#1647,#889,.T.);
#2030=EDGE_CURVE('',#1647,#1647,#1375,.T.);
#2031=EDGE_CURVE('',#1648,#1649,#890,.T.);
#2032=EDGE_CURVE('',#1650,#1648,#891,.T.);
#2033=EDGE_CURVE('',#1650,#1651,#892,.T.);
#2034=EDGE_CURVE('',#1651,#1649,#893,.T.);
#2035=EDGE_CURVE('',#1652,#1633,#894,.T.);
#2036=EDGE_CURVE('',#1652,#1653,#895,.T.);
#2037=EDGE_CURVE('',#1634,#1653,#896,.T.);
#2038=EDGE_CURVE('',#1654,#1655,#897,.T.);
#2039=EDGE_CURVE('',#1656,#1654,#898,.T.);
#2040=EDGE_CURVE('',#1656,#1657,#899,.T.);
#2041=EDGE_CURVE('',#1657,#1655,#900,.T.);
#2042=EDGE_CURVE('',#1655,#1658,#901,.T.);
#2043=EDGE_CURVE('',#1659,#1657,#902,.T.);
#2044=EDGE_CURVE('',#1660,#1659,#903,.T.);
#2045=EDGE_CURVE('',#1661,#1660,#1376,.T.);
#2046=EDGE_CURVE('',#1662,#1661,#904,.T.);
#2047=EDGE_CURVE('',#1663,#1662,#905,.T.);
#2048=EDGE_CURVE('',#1664,#1663,#906,.T.);
#2049=EDGE_CURVE('',#1665,#1664,#907,.T.);
#2050=EDGE_CURVE('',#1666,#1665,#908,.T.);
#2051=EDGE_CURVE('',#1667,#1666,#1377,.T.);
#2052=EDGE_CURVE('',#1658,#1667,#909,.T.);
#2053=EDGE_CURVE('',#1635,#1663,#910,.T.);
#2054=EDGE_CURVE('',#1664,#1604,#911,.T.);
#2055=EDGE_CURVE('',#1653,#1668,#912,.T.);
#2056=EDGE_CURVE('',#1669,#1668,#913,.T.);
#2057=EDGE_CURVE('',#1595,#1669,#914,.T.);
#2058=EDGE_CURVE('',#1636,#1662,#915,.T.);
#2059=EDGE_CURVE('',#1670,#1671,#916,.T.);
#2060=EDGE_CURVE('',#1670,#1651,#917,.T.);
#2061=EDGE_CURVE('',#1671,#1650,#918,.T.);
#2062=EDGE_CURVE('',#1659,#1672,#919,.T.);
#2063=EDGE_CURVE('',#1672,#1656,#920,.T.);
#2064=EDGE_CURVE('',#1673,#1652,#921,.T.);
#2065=EDGE_CURVE('',#1674,#1673,#1378,.T.);
#2066=EDGE_CURVE('',#1649,#1674,#922,.T.);
#2067=EDGE_CURVE('',#1675,#1670,#923,.T.);
#2068=EDGE_CURVE('',#1676,#1675,#924,.T.);
#2069=EDGE_CURVE('',#1677,#1676,#1379,.T.);
#2070=EDGE_CURVE('',#1678,#1677,#925,.T.);
#2071=EDGE_CURVE('',#1668,#1678,#926,.T.);
#2072=EDGE_CURVE('',#1679,#1678,#927,.T.);
#2073=EDGE_CURVE('',#1679,#1669,#928,.T.);
#2074=EDGE_CURVE('',#1677,#1680,#929,.T.);
#2075=EDGE_CURVE('',#1681,#1680,#930,.T.);
#2076=EDGE_CURVE('',#1679,#1681,#931,.T.);
#2077=EDGE_CURVE('',#1676,#1682,#932,.T.);
#2078=EDGE_CURVE('',#1680,#1682,#1380,.T.);
#2079=EDGE_CURVE('',#1675,#1550,#933,.T.);
#2080=EDGE_CURVE('',#1682,#1549,#934,.T.);
#2081=EDGE_CURVE('',#1590,#1671,#935,.T.);
#2082=EDGE_CURVE('',#1667,#1683,#936,.T.);
#2083=EDGE_CURVE('',#1683,#1684,#937,.T.);
#2084=EDGE_CURVE('',#1684,#1685,#938,.T.);
#2085=EDGE_CURVE('',#1658,#1685,#939,.T.);
#2086=EDGE_CURVE('',#1666,#1686,#940,.T.);
#2087=EDGE_CURVE('',#1686,#1683,#1381,.T.);
#2088=EDGE_CURVE('',#1665,#1603,#941,.T.);
#2089=EDGE_CURVE('',#1602,#1686,#942,.T.);
#2090=EDGE_CURVE('',#1648,#1687,#943,.T.);
#2091=EDGE_CURVE('',#1688,#1687,#1382,.T.);
#2092=EDGE_CURVE('',#1688,#1689,#944,.T.);
#2093=EDGE_CURVE('',#1690,#1689,#1383,.T.);
#2094=EDGE_CURVE('',#1690,#1691,#945,.T.);
#2095=EDGE_CURVE('',#1692,#1691,#1384,.T.);
#2096=EDGE_CURVE('',#1693,#1692,#946,.T.);
#2097=EDGE_CURVE('',#1694,#1693,#1385,.T.);
#2098=EDGE_CURVE('',#1694,#1672,#947,.T.);
#2099=EDGE_CURVE('',#1654,#1617,#948,.T.);
#2100=EDGE_CURVE('',#1607,#1681,#949,.T.);
#2101=EDGE_CURVE('',#1593,#1684,#950,.T.);
#2102=EDGE_CURVE('',#1615,#1685,#951,.T.);
#2103=EDGE_CURVE('',#1506,#1695,#1386,.F.);
#2104=EDGE_CURVE('',#1695,#1577,#1387,.F.);
#2105=EDGE_CURVE('',#1696,#1507,#1388,.F.);
#2106=EDGE_CURVE('',#1697,#1696,#1389,.F.);
#2107=EDGE_CURVE('',#1507,#1697,#1390,.F.);
#2108=EDGE_CURVE('',#1637,#1697,#952,.T.);
#2109=EDGE_CURVE('',#1696,#1638,#953,.T.);
#2110=EDGE_CURVE('',#1576,#1461,#1391,.F.);
#2111=EDGE_CURVE('',#1461,#1509,#1392,.F.);
#2112=EDGE_CURVE('',#1698,#1572,#1393,.F.);
#2113=EDGE_CURVE('',#1573,#1698,#1394,.F.);
#2114=EDGE_CURVE('',#1698,#1630,#954,.T.);
#2115=EDGE_CURVE('',#1699,#1700,#1395,.F.);
#2116=EDGE_CURVE('',#1619,#1699,#1396,.F.);
#2117=EDGE_CURVE('',#1700,#1619,#1397,.F.);
#2118=EDGE_CURVE('',#1508,#1451,#1398,.F.);
#2119=EDGE_CURVE('',#1701,#1508,#1399,.F.);
#2120=EDGE_CURVE('',#1451,#1701,#1400,.F.);
#2121=EDGE_CURVE('',#1697,#1701,#955,.T.);
#2122=EDGE_CURVE('',#1599,#1702,#1401,.F.);
#2123=EDGE_CURVE('',#1703,#1599,#1402,.F.);
#2124=EDGE_CURVE('',#1702,#1703,#1403,.F.);
#2125=EDGE_CURVE('',#1575,#1460,#1404,.F.);
#2126=EDGE_CURVE('',#1460,#1574,#1405,.F.);
#2127=EDGE_CURVE('',#1704,#1580,#1406,.F.);
#2128=EDGE_CURVE('',#1581,#1704,#1407,.F.);
#2129=EDGE_CURVE('',#1691,#1581,#956,.T.);
#2130=EDGE_CURVE('',#1704,#1692,#957,.T.);
#2131=EDGE_CURVE('',#1618,#1705,#1408,.F.);
#2132=EDGE_CURVE('',#1453,#1618,#1409,.F.);
#2133=EDGE_CURVE('',#1705,#1453,#1410,.F.);
#2134=EDGE_CURVE('',#1598,#1706,#1411,.F.);
#2135=EDGE_CURVE('',#1459,#1598,#1412,.F.);
#2136=EDGE_CURVE('',#1706,#1459,#1413,.F.);
#2137=EDGE_CURVE('',#1527,#1707,#1414,.F.);
#2138=EDGE_CURVE('',#1708,#1527,#1415,.F.);
#2139=EDGE_CURVE('',#1707,#1708,#1416,.F.);
#2140=EDGE_CURVE('',#1583,#1454,#1417,.F.);
#2141=EDGE_CURVE('',#1454,#1582,#1418,.F.);
#2142=EDGE_CURVE('',#1526,#1709,#1419,.F.);
#2143=EDGE_CURVE('',#1709,#1579,#1420,.F.);
#2144=EDGE_CURVE('',#1710,#1528,#1421,.F.);
#2145=EDGE_CURVE('',#1456,#1710,#1422,.F.);
#2146=EDGE_CURVE('',#1528,#1456,#1423,.F.);
#2147=EDGE_CURVE('',#1711,#1457,#1424,.T.);
#2148=EDGE_CURVE('',#1710,#1711,#958,.T.);
#2149=EDGE_CURVE('',#1712,#1458,#1425,.T.);
#2150=EDGE_CURVE('',#1711,#1712,#1426,.T.);
#2151=EDGE_CURVE('',#1712,#1706,#959,.T.);
#2152=EDGE_CURVE('',#1578,#1455,#1427,.F.);
#2153=EDGE_CURVE('',#1455,#1529,#1428,.F.);
#2154=EDGE_CURVE('',#1582,#1578,#960,.T.);
#2155=EDGE_CURVE('',#1707,#1710,#961,.T.);
#2156=EDGE_CURVE('',#1689,#1709,#962,.T.);
#2157=EDGE_CURVE('',#1579,#1690,#963,.T.);
#2158=EDGE_CURVE('',#1709,#1708,#964,.T.);
#2159=EDGE_CURVE('',#1687,#1707,#965,.T.);
#2160=EDGE_CURVE('',#1708,#1688,#966,.T.);
#2161=EDGE_CURVE('',#1706,#1703,#967,.T.);
#2162=EDGE_CURVE('',#1713,#1450,#1429,.T.);
#2163=EDGE_CURVE('',#1701,#1713,#968,.T.);
#2164=EDGE_CURVE('',#1714,#1452,#1430,.T.);
#2165=EDGE_CURVE('',#1713,#1714,#1431,.T.);
#2166=EDGE_CURVE('',#1714,#1705,#969,.T.);
#2167=EDGE_CURVE('',#1705,#1700,#970,.T.);
#2168=EDGE_CURVE('',#1699,#1704,#971,.T.);
#2169=EDGE_CURVE('',#1631,#1702,#972,.T.);
#2170=EDGE_CURVE('',#1703,#1632,#973,.T.);
#2171=EDGE_CURVE('',#1702,#1698,#974,.T.);
#2172=EDGE_CURVE('',#1693,#1699,#975,.T.);
#2173=EDGE_CURVE('',#1700,#1694,#976,.T.);
#2174=EDGE_CURVE('',#1695,#1696,#977,.T.);
#2175=EDGE_CURVE('',#1639,#1695,#978,.T.);
#2176=EDGE_CURVE('',#1660,#1714,#979,.T.);
#2177=EDGE_CURVE('',#1661,#1713,#980,.T.);
#2178=EDGE_CURVE('',#1674,#1711,#981,.T.);
#2179=EDGE_CURVE('',#1673,#1712,#982,.T.);
#2180=ORIENTED_EDGE('',*,*,#1715,.T.);
#2181=ORIENTED_EDGE('',*,*,#1716,.T.);
#2182=ORIENTED_EDGE('',*,*,#1717,.T.);
#2183=ORIENTED_EDGE('',*,*,#1716,.F.);
#2184=ORIENTED_EDGE('',*,*,#1717,.F.);
#2185=ORIENTED_EDGE('',*,*,#1718,.T.);
#2186=ORIENTED_EDGE('',*,*,#1719,.F.);
#2187=ORIENTED_EDGE('',*,*,#1718,.F.);
#2188=ORIENTED_EDGE('',*,*,#1715,.F.);
#2189=ORIENTED_EDGE('',*,*,#1720,.T.);
#2190=ORIENTED_EDGE('',*,*,#1721,.T.);
#2191=ORIENTED_EDGE('',*,*,#1722,.T.);
#2192=ORIENTED_EDGE('',*,*,#1721,.F.);
#2193=ORIENTED_EDGE('',*,*,#1722,.F.);
#2194=ORIENTED_EDGE('',*,*,#1723,.T.);
#2195=ORIENTED_EDGE('',*,*,#1724,.F.);
#2196=ORIENTED_EDGE('',*,*,#1723,.F.);
#2197=ORIENTED_EDGE('',*,*,#1720,.F.);
#2198=ORIENTED_EDGE('',*,*,#1725,.T.);
#2199=ORIENTED_EDGE('',*,*,#1726,.T.);
#2200=ORIENTED_EDGE('',*,*,#1727,.T.);
#2201=ORIENTED_EDGE('',*,*,#1726,.F.);
#2202=ORIENTED_EDGE('',*,*,#1727,.F.);
#2203=ORIENTED_EDGE('',*,*,#1728,.T.);
#2204=ORIENTED_EDGE('',*,*,#1729,.F.);
#2205=ORIENTED_EDGE('',*,*,#1728,.F.);
#2206=ORIENTED_EDGE('',*,*,#1725,.F.);
#2207=ORIENTED_EDGE('',*,*,#1730,.T.);
#2208=ORIENTED_EDGE('',*,*,#1731,.T.);
#2209=ORIENTED_EDGE('',*,*,#1732,.T.);
#2210=ORIENTED_EDGE('',*,*,#1731,.F.);
#2211=ORIENTED_EDGE('',*,*,#1732,.F.);
#2212=ORIENTED_EDGE('',*,*,#1733,.T.);
#2213=ORIENTED_EDGE('',*,*,#1734,.F.);
#2214=ORIENTED_EDGE('',*,*,#1733,.F.);
#2215=ORIENTED_EDGE('',*,*,#1730,.F.);
#2216=ORIENTED_EDGE('',*,*,#1735,.T.);
#2217=ORIENTED_EDGE('',*,*,#1736,.T.);
#2218=ORIENTED_EDGE('',*,*,#1737,.T.);
#2219=ORIENTED_EDGE('',*,*,#1738,.T.);
#2220=ORIENTED_EDGE('',*,*,#1736,.F.);
#2221=ORIENTED_EDGE('',*,*,#1739,.F.);
#2222=ORIENTED_EDGE('',*,*,#1740,.F.);
#2223=ORIENTED_EDGE('',*,*,#1741,.F.);
#2224=ORIENTED_EDGE('',*,*,#1742,.F.);
#2225=ORIENTED_EDGE('',*,*,#1743,.F.);
#2226=ORIENTED_EDGE('',*,*,#1744,.F.);
#2227=ORIENTED_EDGE('',*,*,#1745,.F.);
#2228=ORIENTED_EDGE('',*,*,#1746,.F.);
#2229=ORIENTED_EDGE('',*,*,#1747,.F.);
#2230=ORIENTED_EDGE('',*,*,#1748,.F.);
#2231=ORIENTED_EDGE('',*,*,#1749,.F.);
#2232=ORIENTED_EDGE('',*,*,#1750,.F.);
#2233=ORIENTED_EDGE('',*,*,#1751,.F.);
#2234=ORIENTED_EDGE('',*,*,#1752,.F.);
#2235=ORIENTED_EDGE('',*,*,#1753,.F.);
#2236=ORIENTED_EDGE('',*,*,#1735,.F.);
#2237=ORIENTED_EDGE('',*,*,#1754,.T.);
#2238=ORIENTED_EDGE('',*,*,#1755,.T.);
#2239=ORIENTED_EDGE('',*,*,#1756,.T.);
#2240=ORIENTED_EDGE('',*,*,#1757,.T.);
#2241=ORIENTED_EDGE('',*,*,#1758,.T.);
#2242=ORIENTED_EDGE('',*,*,#1759,.F.);
#2243=ORIENTED_EDGE('',*,*,#1760,.T.);
#2244=ORIENTED_EDGE('',*,*,#1761,.T.);
#2245=ORIENTED_EDGE('',*,*,#1739,.T.);
#2246=ORIENTED_EDGE('',*,*,#1762,.F.);
#2247=ORIENTED_EDGE('',*,*,#1759,.T.);
#2248=ORIENTED_EDGE('',*,*,#1763,.T.);
#2249=ORIENTED_EDGE('',*,*,#1764,.T.);
#2250=ORIENTED_EDGE('',*,*,#1765,.T.);
#2251=ORIENTED_EDGE('',*,*,#1765,.F.);
#2252=ORIENTED_EDGE('',*,*,#1766,.F.);
#2253=ORIENTED_EDGE('',*,*,#1767,.T.);
#2254=ORIENTED_EDGE('',*,*,#1760,.F.);
#2255=ORIENTED_EDGE('',*,*,#1768,.F.);
#2256=ORIENTED_EDGE('',*,*,#1769,.T.);
#2257=ORIENTED_EDGE('',*,*,#1770,.T.);
#2258=ORIENTED_EDGE('',*,*,#1771,.F.);
#2259=ORIENTED_EDGE('',*,*,#1772,.F.);
#2260=ORIENTED_EDGE('',*,*,#1773,.T.);
#2261=ORIENTED_EDGE('',*,*,#1774,.T.);
#2262=ORIENTED_EDGE('',*,*,#1769,.F.);
#2263=ORIENTED_EDGE('',*,*,#1775,.F.);
#2264=ORIENTED_EDGE('',*,*,#1776,.F.);
#2265=ORIENTED_EDGE('',*,*,#1777,.T.);
#2266=ORIENTED_EDGE('',*,*,#1773,.F.);
#2267=ORIENTED_EDGE('',*,*,#1778,.F.);
#2268=ORIENTED_EDGE('',*,*,#1770,.F.);
#2269=ORIENTED_EDGE('',*,*,#1774,.F.);
#2270=ORIENTED_EDGE('',*,*,#1777,.F.);
#2271=ORIENTED_EDGE('',*,*,#1771,.T.);
#2272=ORIENTED_EDGE('',*,*,#1778,.T.);
#2273=ORIENTED_EDGE('',*,*,#1776,.T.);
#2274=ORIENTED_EDGE('',*,*,#1779,.F.);
#2275=ORIENTED_EDGE('',*,*,#1780,.T.);
#2276=ORIENTED_EDGE('',*,*,#1756,.F.);
#2277=ORIENTED_EDGE('',*,*,#1781,.F.);
#2278=ORIENTED_EDGE('',*,*,#1782,.F.);
#2279=ORIENTED_EDGE('',*,*,#1755,.F.);
#2280=ORIENTED_EDGE('',*,*,#1783,.F.);
#2281=ORIENTED_EDGE('',*,*,#1784,.F.);
#2282=ORIENTED_EDGE('',*,*,#1781,.T.);
#2283=ORIENTED_EDGE('',*,*,#1757,.F.);
#2284=ORIENTED_EDGE('',*,*,#1780,.F.);
#2285=ORIENTED_EDGE('',*,*,#1785,.F.);
#2286=ORIENTED_EDGE('',*,*,#1786,.T.);
#2287=ORIENTED_EDGE('',*,*,#1763,.F.);
#2288=ORIENTED_EDGE('',*,*,#1758,.F.);
#2289=ORIENTED_EDGE('',*,*,#1786,.F.);
#2290=ORIENTED_EDGE('',*,*,#1787,.F.);
#2291=ORIENTED_EDGE('',*,*,#1761,.F.);
#2292=ORIENTED_EDGE('',*,*,#1767,.F.);
#2293=ORIENTED_EDGE('',*,*,#1788,.F.);
#2294=ORIENTED_EDGE('',*,*,#1740,.T.);
#2295=ORIENTED_EDGE('',*,*,#1738,.F.);
#2296=ORIENTED_EDGE('',*,*,#1789,.F.);
#2297=ORIENTED_EDGE('',*,*,#1783,.T.);
#2298=ORIENTED_EDGE('',*,*,#1754,.F.);
#2299=ORIENTED_EDGE('',*,*,#1790,.T.);
#2300=ORIENTED_EDGE('',*,*,#1791,.T.);
#2301=ORIENTED_EDGE('',*,*,#1792,.T.);
#2302=ORIENTED_EDGE('',*,*,#1793,.T.);
#2303=ORIENTED_EDGE('',*,*,#1793,.F.);
#2304=ORIENTED_EDGE('',*,*,#1794,.T.);
#2305=ORIENTED_EDGE('',*,*,#1795,.F.);
#2306=ORIENTED_EDGE('',*,*,#1796,.F.);
#2307=ORIENTED_EDGE('',*,*,#1797,.T.);
#2308=ORIENTED_EDGE('',*,*,#1798,.T.);
#2309=ORIENTED_EDGE('',*,*,#1799,.F.);
#2310=ORIENTED_EDGE('',*,*,#1800,.T.);
#2311=ORIENTED_EDGE('',*,*,#1800,.F.);
#2312=ORIENTED_EDGE('',*,*,#1801,.T.);
#2313=ORIENTED_EDGE('',*,*,#1802,.F.);
#2314=ORIENTED_EDGE('',*,*,#1803,.F.);
#2315=ORIENTED_EDGE('',*,*,#1804,.F.);
#2316=ORIENTED_EDGE('',*,*,#1805,.T.);
#2317=ORIENTED_EDGE('',*,*,#1806,.T.);
#2318=ORIENTED_EDGE('',*,*,#1807,.T.);
#2319=ORIENTED_EDGE('',*,*,#1807,.F.);
#2320=ORIENTED_EDGE('',*,*,#1801,.F.);
#2321=ORIENTED_EDGE('',*,*,#1799,.T.);
#2322=ORIENTED_EDGE('',*,*,#1808,.F.);
#2323=ORIENTED_EDGE('',*,*,#1790,.F.);
#2324=ORIENTED_EDGE('',*,*,#1796,.T.);
#2325=ORIENTED_EDGE('',*,*,#1809,.T.);
#2326=ORIENTED_EDGE('',*,*,#1810,.T.);
#2327=ORIENTED_EDGE('',*,*,#1802,.T.);
#2328=ORIENTED_EDGE('',*,*,#1806,.F.);
#2329=ORIENTED_EDGE('',*,*,#1811,.T.);
#2330=ORIENTED_EDGE('',*,*,#1812,.T.);
#2331=ORIENTED_EDGE('',*,*,#1813,.T.);
#2332=ORIENTED_EDGE('',*,*,#1814,.T.);
#2333=ORIENTED_EDGE('',*,*,#1804,.T.);
#2334=ORIENTED_EDGE('',*,*,#1795,.T.);
#2335=ORIENTED_EDGE('',*,*,#1815,.T.);
#2336=ORIENTED_EDGE('',*,*,#1816,.T.);
#2337=ORIENTED_EDGE('',*,*,#1817,.T.);
#2338=ORIENTED_EDGE('',*,*,#1815,.F.);
#2339=ORIENTED_EDGE('',*,*,#1818,.T.);
#2340=ORIENTED_EDGE('',*,*,#1810,.F.);
#2341=ORIENTED_EDGE('',*,*,#1817,.F.);
#2342=ORIENTED_EDGE('',*,*,#1819,.T.);
#2343=ORIENTED_EDGE('',*,*,#1820,.F.);
#2344=ORIENTED_EDGE('',*,*,#1821,.F.);
#2345=ORIENTED_EDGE('',*,*,#1822,.F.);
#2346=ORIENTED_EDGE('',*,*,#1823,.F.);
#2347=ORIENTED_EDGE('',*,*,#1813,.F.);
#2348=ORIENTED_EDGE('',*,*,#1812,.F.);
#2349=ORIENTED_EDGE('',*,*,#1824,.F.);
#2350=ORIENTED_EDGE('',*,*,#1825,.F.);
#2351=ORIENTED_EDGE('',*,*,#1826,.T.);
#2352=ORIENTED_EDGE('',*,*,#1818,.F.);
#2353=ORIENTED_EDGE('',*,*,#1794,.F.);
#2354=ORIENTED_EDGE('',*,*,#1792,.F.);
#2355=ORIENTED_EDGE('',*,*,#1827,.F.);
#2356=ORIENTED_EDGE('',*,*,#1828,.T.);
#2357=ORIENTED_EDGE('',*,*,#1797,.F.);
#2358=ORIENTED_EDGE('',*,*,#1803,.T.);
#2359=ORIENTED_EDGE('',*,*,#1829,.T.);
#2360=ORIENTED_EDGE('',*,*,#1830,.T.);
#2361=ORIENTED_EDGE('',*,*,#1831,.T.);
#2362=ORIENTED_EDGE('',*,*,#1832,.T.);
#2363=ORIENTED_EDGE('',*,*,#1833,.T.);
#2364=ORIENTED_EDGE('',*,*,#1834,.T.);
#2365=ORIENTED_EDGE('',*,*,#1835,.T.);
#2366=ORIENTED_EDGE('',*,*,#1830,.F.);
#2367=ORIENTED_EDGE('',*,*,#1836,.T.);
#2368=ORIENTED_EDGE('',*,*,#1837,.T.);
#2369=ORIENTED_EDGE('',*,*,#1838,.T.);
#2370=ORIENTED_EDGE('',*,*,#1834,.F.);
#2371=ORIENTED_EDGE('',*,*,#1839,.T.);
#2372=ORIENTED_EDGE('',*,*,#1837,.F.);
#2373=ORIENTED_EDGE('',*,*,#1840,.T.);
#2374=ORIENTED_EDGE('',*,*,#1832,.F.);
#2375=ORIENTED_EDGE('',*,*,#1839,.F.);
#2376=ORIENTED_EDGE('',*,*,#1841,.T.);
#2377=ORIENTED_EDGE('',*,*,#1842,.F.);
#2378=ORIENTED_EDGE('',*,*,#1843,.F.);
#2379=ORIENTED_EDGE('',*,*,#1831,.F.);
#2380=ORIENTED_EDGE('',*,*,#1844,.T.);
#2381=ORIENTED_EDGE('',*,*,#1845,.F.);
#2382=ORIENTED_EDGE('',*,*,#1841,.F.);
#2383=ORIENTED_EDGE('',*,*,#1846,.T.);
#2384=ORIENTED_EDGE('',*,*,#1847,.T.);
#2385=ORIENTED_EDGE('',*,*,#1848,.F.);
#2386=ORIENTED_EDGE('',*,*,#1849,.F.);
#2387=ORIENTED_EDGE('',*,*,#1850,.F.);
#2388=ORIENTED_EDGE('',*,*,#1851,.F.);
#2389=ORIENTED_EDGE('',*,*,#1852,.F.);
#2390=ORIENTED_EDGE('',*,*,#1853,.F.);
#2391=ORIENTED_EDGE('',*,*,#1854,.F.);
#2392=ORIENTED_EDGE('',*,*,#1855,.F.);
#2393=ORIENTED_EDGE('',*,*,#1856,.F.);
#2394=ORIENTED_EDGE('',*,*,#1829,.F.);
#2395=ORIENTED_EDGE('',*,*,#1840,.F.);
#2396=ORIENTED_EDGE('',*,*,#1836,.F.);
#2397=ORIENTED_EDGE('',*,*,#1833,.F.);
#2398=ORIENTED_EDGE('',*,*,#1853,.T.);
#2399=ORIENTED_EDGE('',*,*,#1857,.T.);
#2400=ORIENTED_EDGE('',*,*,#1858,.T.);
#2401=ORIENTED_EDGE('',*,*,#1859,.T.);
#2402=ORIENTED_EDGE('',*,*,#1856,.T.);
#2403=ORIENTED_EDGE('',*,*,#1860,.T.);
#2404=ORIENTED_EDGE('',*,*,#1861,.T.);
#2405=ORIENTED_EDGE('',*,*,#1857,.F.);
#2406=ORIENTED_EDGE('',*,*,#1855,.T.);
#2407=ORIENTED_EDGE('',*,*,#1862,.T.);
#2408=ORIENTED_EDGE('',*,*,#1863,.T.);
#2409=ORIENTED_EDGE('',*,*,#1860,.F.);
#2410=ORIENTED_EDGE('',*,*,#1864,.T.);
#2411=ORIENTED_EDGE('',*,*,#1862,.F.);
#2412=ORIENTED_EDGE('',*,*,#1854,.T.);
#2413=ORIENTED_EDGE('',*,*,#1859,.F.);
#2414=ORIENTED_EDGE('',*,*,#1864,.F.);
#2415=ORIENTED_EDGE('',*,*,#1865,.T.);
#2416=ORIENTED_EDGE('',*,*,#1866,.F.);
#2417=ORIENTED_EDGE('',*,*,#1867,.F.);
#2418=ORIENTED_EDGE('',*,*,#1858,.F.);
#2419=ORIENTED_EDGE('',*,*,#1868,.T.);
#2420=ORIENTED_EDGE('',*,*,#1869,.F.);
#2421=ORIENTED_EDGE('',*,*,#1865,.F.);
#2422=ORIENTED_EDGE('',*,*,#1870,.T.);
#2423=ORIENTED_EDGE('',*,*,#1871,.T.);
#2424=ORIENTED_EDGE('',*,*,#1869,.T.);
#2425=ORIENTED_EDGE('',*,*,#1872,.T.);
#2426=ORIENTED_EDGE('',*,*,#1873,.T.);
#2427=ORIENTED_EDGE('',*,*,#1874,.T.);
#2428=ORIENTED_EDGE('',*,*,#1875,.T.);
#2429=ORIENTED_EDGE('',*,*,#1872,.F.);
#2430=ORIENTED_EDGE('',*,*,#1876,.T.);
#2431=ORIENTED_EDGE('',*,*,#1874,.F.);
#2432=ORIENTED_EDGE('',*,*,#1877,.T.);
#2433=ORIENTED_EDGE('',*,*,#1878,.T.);
#2434=ORIENTED_EDGE('',*,*,#1879,.T.);
#2435=ORIENTED_EDGE('',*,*,#1878,.F.);
#2436=ORIENTED_EDGE('',*,*,#1866,.T.);
#2437=ORIENTED_EDGE('',*,*,#1871,.F.);
#2438=ORIENTED_EDGE('',*,*,#1861,.F.);
#2439=ORIENTED_EDGE('',*,*,#1880,.T.);
#2440=ORIENTED_EDGE('',*,*,#1873,.F.);
#2441=ORIENTED_EDGE('',*,*,#1868,.F.);
#2442=ORIENTED_EDGE('',*,*,#1881,.T.);
#2443=ORIENTED_EDGE('',*,*,#1882,.T.);
#2444=ORIENTED_EDGE('',*,*,#1883,.F.);
#2445=ORIENTED_EDGE('',*,*,#1884,.T.);
#2446=ORIENTED_EDGE('',*,*,#1885,.F.);
#2447=ORIENTED_EDGE('',*,*,#1886,.T.);
#2448=ORIENTED_EDGE('',*,*,#1887,.F.);
#2449=ORIENTED_EDGE('',*,*,#1888,.F.);
#2450=ORIENTED_EDGE('',*,*,#1889,.F.);
#2451=ORIENTED_EDGE('',*,*,#1890,.F.);
#2452=ORIENTED_EDGE('',*,*,#1870,.F.);
#2453=ORIENTED_EDGE('',*,*,#1875,.F.);
#2454=ORIENTED_EDGE('',*,*,#1876,.F.);
#2455=ORIENTED_EDGE('',*,*,#1879,.F.);
#2456=ORIENTED_EDGE('',*,*,#1887,.T.);
#2457=ORIENTED_EDGE('',*,*,#1891,.T.);
#2458=ORIENTED_EDGE('',*,*,#1845,.T.);
#2459=ORIENTED_EDGE('',*,*,#1892,.T.);
#2460=ORIENTED_EDGE('',*,*,#1893,.T.);
#2461=ORIENTED_EDGE('',*,*,#1894,.T.);
#2462=ORIENTED_EDGE('',*,*,#1888,.T.);
#2463=ORIENTED_EDGE('',*,*,#1892,.F.);
#2464=ORIENTED_EDGE('',*,*,#1889,.T.);
#2465=ORIENTED_EDGE('',*,*,#1894,.F.);
#2466=ORIENTED_EDGE('',*,*,#1895,.T.);
#2467=ORIENTED_EDGE('',*,*,#1896,.T.);
#2468=ORIENTED_EDGE('',*,*,#1890,.T.);
#2469=ORIENTED_EDGE('',*,*,#1896,.F.);
#2470=ORIENTED_EDGE('',*,*,#1842,.T.);
#2471=ORIENTED_EDGE('',*,*,#1891,.F.);
#2472=ORIENTED_EDGE('',*,*,#1835,.F.);
#2473=ORIENTED_EDGE('',*,*,#1897,.T.);
#2474=ORIENTED_EDGE('',*,*,#1893,.F.);
#2475=ORIENTED_EDGE('',*,*,#1844,.F.);
#2476=ORIENTED_EDGE('',*,*,#1863,.F.);
#2477=ORIENTED_EDGE('',*,*,#1867,.T.);
#2478=ORIENTED_EDGE('',*,*,#1877,.F.);
#2479=ORIENTED_EDGE('',*,*,#1880,.F.);
#2480=ORIENTED_EDGE('',*,*,#1838,.F.);
#2481=ORIENTED_EDGE('',*,*,#1843,.T.);
#2482=ORIENTED_EDGE('',*,*,#1895,.F.);
#2483=ORIENTED_EDGE('',*,*,#1897,.F.);
#2484=ORIENTED_EDGE('',*,*,#1898,.F.);
#2485=ORIENTED_EDGE('',*,*,#1899,.F.);
#2486=ORIENTED_EDGE('',*,*,#1900,.T.);
#2487=ORIENTED_EDGE('',*,*,#1901,.T.);
#2488=ORIENTED_EDGE('',*,*,#1900,.F.);
#2489=ORIENTED_EDGE('',*,*,#1902,.F.);
#2490=ORIENTED_EDGE('',*,*,#1901,.F.);
#2491=ORIENTED_EDGE('',*,*,#1903,.F.);
#2492=ORIENTED_EDGE('',*,*,#1809,.F.);
#2493=ORIENTED_EDGE('',*,*,#1826,.F.);
#2494=ORIENTED_EDGE('',*,*,#1904,.F.);
#2495=ORIENTED_EDGE('',*,*,#1905,.T.);
#2496=ORIENTED_EDGE('',*,*,#1906,.T.);
#2497=ORIENTED_EDGE('',*,*,#1905,.F.);
#2498=ORIENTED_EDGE('',*,*,#1907,.F.);
#2499=ORIENTED_EDGE('',*,*,#1819,.F.);
#2500=ORIENTED_EDGE('',*,*,#1816,.F.);
#2501=ORIENTED_EDGE('',*,*,#1906,.F.);
#2502=ORIENTED_EDGE('',*,*,#1908,.F.);
#2503=ORIENTED_EDGE('',*,*,#1846,.F.);
#2504=ORIENTED_EDGE('',*,*,#1909,.F.);
#2505=ORIENTED_EDGE('',*,*,#1847,.F.);
#2506=ORIENTED_EDGE('',*,*,#1910,.T.);
#2507=ORIENTED_EDGE('',*,*,#1911,.T.);
#2508=ORIENTED_EDGE('',*,*,#1910,.F.);
#2509=ORIENTED_EDGE('',*,*,#1911,.F.);
#2510=ORIENTED_EDGE('',*,*,#1912,.F.);
#2511=ORIENTED_EDGE('',*,*,#1913,.F.);
#2512=ORIENTED_EDGE('',*,*,#1914,.F.);
#2513=ORIENTED_EDGE('',*,*,#1915,.F.);
#2514=ORIENTED_EDGE('',*,*,#1916,.T.);
#2515=ORIENTED_EDGE('',*,*,#1917,.T.);
#2516=ORIENTED_EDGE('',*,*,#1916,.F.);
#2517=ORIENTED_EDGE('',*,*,#1917,.F.);
#2518=ORIENTED_EDGE('',*,*,#1918,.F.);
#2519=ORIENTED_EDGE('',*,*,#1902,.T.);
#2520=ORIENTED_EDGE('',*,*,#1899,.T.);
#2521=ORIENTED_EDGE('',*,*,#1919,.T.);
#2522=ORIENTED_EDGE('',*,*,#1920,.T.);
#2523=ORIENTED_EDGE('',*,*,#1921,.T.);
#2524=ORIENTED_EDGE('',*,*,#1922,.T.);
#2525=ORIENTED_EDGE('',*,*,#1923,.T.);
#2526=ORIENTED_EDGE('',*,*,#1907,.T.);
#2527=ORIENTED_EDGE('',*,*,#1904,.T.);
#2528=ORIENTED_EDGE('',*,*,#1825,.T.);
#2529=ORIENTED_EDGE('',*,*,#1924,.T.);
#2530=ORIENTED_EDGE('',*,*,#1925,.T.);
#2531=ORIENTED_EDGE('',*,*,#1926,.T.);
#2532=ORIENTED_EDGE('',*,*,#1820,.T.);
#2533=ORIENTED_EDGE('',*,*,#1909,.T.);
#2534=ORIENTED_EDGE('',*,*,#1852,.T.);
#2535=ORIENTED_EDGE('',*,*,#1927,.T.);
#2536=ORIENTED_EDGE('',*,*,#1928,.T.);
#2537=ORIENTED_EDGE('',*,*,#1929,.T.);
#2538=ORIENTED_EDGE('',*,*,#1848,.T.);
#2539=ORIENTED_EDGE('',*,*,#1914,.T.);
#2540=ORIENTED_EDGE('',*,*,#1930,.T.);
#2541=ORIENTED_EDGE('',*,*,#1931,.T.);
#2542=ORIENTED_EDGE('',*,*,#1932,.T.);
#2543=ORIENTED_EDGE('',*,*,#1933,.T.);
#2544=ORIENTED_EDGE('',*,*,#1934,.T.);
#2545=ORIENTED_EDGE('',*,*,#1935,.F.);
#2546=ORIENTED_EDGE('',*,*,#1936,.T.);
#2547=ORIENTED_EDGE('',*,*,#1908,.T.);
#2548=ORIENTED_EDGE('',*,*,#1936,.F.);
#2549=ORIENTED_EDGE('',*,*,#1937,.F.);
#2550=ORIENTED_EDGE('',*,*,#1938,.T.);
#2551=ORIENTED_EDGE('',*,*,#1903,.T.);
#2552=ORIENTED_EDGE('',*,*,#1938,.F.);
#2553=ORIENTED_EDGE('',*,*,#1939,.F.);
#2554=ORIENTED_EDGE('',*,*,#1940,.T.);
#2555=ORIENTED_EDGE('',*,*,#1918,.T.);
#2556=ORIENTED_EDGE('',*,*,#1940,.F.);
#2557=ORIENTED_EDGE('',*,*,#1941,.F.);
#2558=ORIENTED_EDGE('',*,*,#1942,.T.);
#2559=ORIENTED_EDGE('',*,*,#1912,.T.);
#2560=ORIENTED_EDGE('',*,*,#1942,.F.);
#2561=ORIENTED_EDGE('',*,*,#1881,.F.);
#2562=ORIENTED_EDGE('',*,*,#1943,.F.);
#2563=ORIENTED_EDGE('',*,*,#1944,.T.);
#2564=ORIENTED_EDGE('',*,*,#1945,.F.);
#2565=ORIENTED_EDGE('',*,*,#1886,.F.);
#2566=ORIENTED_EDGE('',*,*,#1946,.F.);
#2567=ORIENTED_EDGE('',*,*,#1947,.T.);
#2568=ORIENTED_EDGE('',*,*,#1943,.T.);
#2569=ORIENTED_EDGE('',*,*,#1945,.T.);
#2570=ORIENTED_EDGE('',*,*,#1948,.F.);
#2571=ORIENTED_EDGE('',*,*,#1949,.T.);
#2572=ORIENTED_EDGE('',*,*,#1950,.F.);
#2573=ORIENTED_EDGE('',*,*,#1951,.F.);
#2574=ORIENTED_EDGE('',*,*,#1882,.F.);
#2575=ORIENTED_EDGE('',*,*,#1952,.F.);
#2576=ORIENTED_EDGE('',*,*,#1953,.F.);
#2577=ORIENTED_EDGE('',*,*,#1954,.T.);
#2578=ORIENTED_EDGE('',*,*,#1955,.T.);
#2579=ORIENTED_EDGE('',*,*,#1898,.T.);
#2580=ORIENTED_EDGE('',*,*,#1923,.F.);
#2581=ORIENTED_EDGE('',*,*,#1956,.F.);
#2582=ORIENTED_EDGE('',*,*,#1957,.F.);
#2583=ORIENTED_EDGE('',*,*,#1958,.F.);
#2584=ORIENTED_EDGE('',*,*,#1919,.F.);
#2585=ORIENTED_EDGE('',*,*,#1798,.F.);
#2586=ORIENTED_EDGE('',*,*,#1959,.T.);
#2587=ORIENTED_EDGE('',*,*,#1960,.F.);
#2588=ORIENTED_EDGE('',*,*,#1961,.F.);
#2589=ORIENTED_EDGE('',*,*,#1791,.F.);
#2590=ORIENTED_EDGE('',*,*,#1962,.F.);
#2591=ORIENTED_EDGE('',*,*,#1963,.F.);
#2592=ORIENTED_EDGE('',*,*,#1964,.T.);
#2593=ORIENTED_EDGE('',*,*,#1965,.T.);
#2594=ORIENTED_EDGE('',*,*,#1827,.T.);
#2595=ORIENTED_EDGE('',*,*,#1828,.F.);
#2596=ORIENTED_EDGE('',*,*,#1966,.F.);
#2597=ORIENTED_EDGE('',*,*,#1967,.F.);
#2598=ORIENTED_EDGE('',*,*,#1968,.F.);
#2599=ORIENTED_EDGE('',*,*,#1959,.F.);
#2600=ORIENTED_EDGE('',*,*,#1953,.T.);
#2601=ORIENTED_EDGE('',*,*,#1969,.T.);
#2602=ORIENTED_EDGE('',*,*,#1970,.T.);
#2603=ORIENTED_EDGE('',*,*,#1960,.T.);
#2604=ORIENTED_EDGE('',*,*,#1968,.T.);
#2605=ORIENTED_EDGE('',*,*,#1971,.F.);
#2606=ORIENTED_EDGE('',*,*,#1972,.T.);
#2607=ORIENTED_EDGE('',*,*,#1973,.F.);
#2608=ORIENTED_EDGE('',*,*,#1974,.F.);
#2609=ORIENTED_EDGE('',*,*,#1975,.F.);
#2610=ORIENTED_EDGE('',*,*,#1976,.F.);
#2611=ORIENTED_EDGE('',*,*,#1977,.F.);
#2612=ORIENTED_EDGE('',*,*,#1978,.F.);
#2613=ORIENTED_EDGE('',*,*,#1979,.F.);
#2614=ORIENTED_EDGE('',*,*,#1980,.F.);
#2615=ORIENTED_EDGE('',*,*,#1981,.F.);
#2616=ORIENTED_EDGE('',*,*,#1982,.F.);
#2617=ORIENTED_EDGE('',*,*,#1949,.F.);
#2618=ORIENTED_EDGE('',*,*,#1983,.F.);
#2619=ORIENTED_EDGE('',*,*,#1979,.T.);
#2620=ORIENTED_EDGE('',*,*,#1913,.T.);
#2621=ORIENTED_EDGE('',*,*,#1915,.T.);
#2622=ORIENTED_EDGE('',*,*,#1934,.F.);
#2623=ORIENTED_EDGE('',*,*,#1984,.F.);
#2624=ORIENTED_EDGE('',*,*,#1985,.F.);
#2625=ORIENTED_EDGE('',*,*,#1986,.F.);
#2626=ORIENTED_EDGE('',*,*,#1930,.F.);
#2627=ORIENTED_EDGE('',*,*,#1762,.T.);
#2628=ORIENTED_EDGE('',*,*,#1987,.T.);
#2629=ORIENTED_EDGE('',*,*,#1988,.T.);
#2630=ORIENTED_EDGE('',*,*,#1987,.F.);
#2631=ORIENTED_EDGE('',*,*,#1989,.F.);
#2632=ORIENTED_EDGE('',*,*,#1990,.T.);
#2633=ORIENTED_EDGE('',*,*,#1988,.F.);
#2634=ORIENTED_EDGE('',*,*,#1990,.F.);
#2635=ORIENTED_EDGE('',*,*,#1991,.T.);
#2636=ORIENTED_EDGE('',*,*,#1992,.T.);
#2637=ORIENTED_EDGE('',*,*,#1973,.T.);
#2638=ORIENTED_EDGE('',*,*,#1993,.T.);
#2639=ORIENTED_EDGE('',*,*,#1992,.F.);
#2640=ORIENTED_EDGE('',*,*,#1994,.T.);
#2641=ORIENTED_EDGE('',*,*,#1995,.F.);
#2642=ORIENTED_EDGE('',*,*,#1974,.T.);
#2643=ORIENTED_EDGE('',*,*,#1991,.F.);
#2644=ORIENTED_EDGE('',*,*,#1996,.F.);
#2645=ORIENTED_EDGE('',*,*,#1997,.F.);
#2646=ORIENTED_EDGE('',*,*,#1998,.F.);
#2647=ORIENTED_EDGE('',*,*,#1925,.F.);
#2648=ORIENTED_EDGE('',*,*,#1999,.F.);
#2649=ORIENTED_EDGE('',*,*,#1921,.F.);
#2650=ORIENTED_EDGE('',*,*,#2000,.F.);
#2651=ORIENTED_EDGE('',*,*,#2001,.F.);
#2652=ORIENTED_EDGE('',*,*,#2002,.T.);
#2653=ORIENTED_EDGE('',*,*,#2003,.F.);
#2654=ORIENTED_EDGE('',*,*,#1994,.F.);
#2655=ORIENTED_EDGE('',*,*,#1975,.T.);
#2656=ORIENTED_EDGE('',*,*,#1995,.T.);
#2657=ORIENTED_EDGE('',*,*,#2003,.T.);
#2658=ORIENTED_EDGE('',*,*,#2004,.T.);
#2659=ORIENTED_EDGE('',*,*,#2004,.F.);
#2660=ORIENTED_EDGE('',*,*,#2002,.F.);
#2661=ORIENTED_EDGE('',*,*,#2005,.F.);
#2662=ORIENTED_EDGE('',*,*,#1976,.T.);
#2663=ORIENTED_EDGE('',*,*,#1993,.F.);
#2664=ORIENTED_EDGE('',*,*,#1972,.F.);
#2665=ORIENTED_EDGE('',*,*,#2006,.F.);
#2666=ORIENTED_EDGE('',*,*,#1996,.T.);
#2667=ORIENTED_EDGE('',*,*,#2005,.T.);
#2668=ORIENTED_EDGE('',*,*,#2001,.T.);
#2669=ORIENTED_EDGE('',*,*,#2007,.F.);
#2670=ORIENTED_EDGE('',*,*,#2008,.T.);
#2671=ORIENTED_EDGE('',*,*,#2009,.F.);
#2672=ORIENTED_EDGE('',*,*,#2010,.T.);
#2673=ORIENTED_EDGE('',*,*,#2011,.T.);
#2674=ORIENTED_EDGE('',*,*,#2012,.F.);
#2675=ORIENTED_EDGE('',*,*,#1954,.F.);
#2676=ORIENTED_EDGE('',*,*,#1977,.T.);
#2677=ORIENTED_EDGE('',*,*,#1937,.T.);
#2678=ORIENTED_EDGE('',*,*,#2006,.T.);
#2679=ORIENTED_EDGE('',*,*,#1971,.T.);
#2680=ORIENTED_EDGE('',*,*,#1967,.T.);
#2681=ORIENTED_EDGE('',*,*,#2013,.T.);
#2682=ORIENTED_EDGE('',*,*,#2014,.T.);
#2683=ORIENTED_EDGE('',*,*,#2015,.T.);
#2684=ORIENTED_EDGE('',*,*,#2016,.F.);
#2685=ORIENTED_EDGE('',*,*,#2017,.F.);
#2686=ORIENTED_EDGE('',*,*,#2018,.F.);
#2687=ORIENTED_EDGE('',*,*,#1997,.T.);
#2688=ORIENTED_EDGE('',*,*,#1935,.T.);
#2689=ORIENTED_EDGE('',*,*,#2019,.F.);
#2690=ORIENTED_EDGE('',*,*,#2020,.T.);
#2691=ORIENTED_EDGE('',*,*,#2021,.F.);
#2692=ORIENTED_EDGE('',*,*,#2020,.F.);
#2693=ORIENTED_EDGE('',*,*,#2021,.T.);
#2694=ORIENTED_EDGE('',*,*,#2022,.F.);
#2695=ORIENTED_EDGE('',*,*,#2023,.T.);
#2696=ORIENTED_EDGE('',*,*,#2024,.F.);
#2697=ORIENTED_EDGE('',*,*,#2023,.F.);
#2698=ORIENTED_EDGE('',*,*,#2024,.T.);
#2699=ORIENTED_EDGE('',*,*,#2025,.F.);
#2700=ORIENTED_EDGE('',*,*,#2026,.T.);
#2701=ORIENTED_EDGE('',*,*,#2027,.F.);
#2702=ORIENTED_EDGE('',*,*,#2026,.F.);
#2703=ORIENTED_EDGE('',*,*,#2027,.T.);
#2704=ORIENTED_EDGE('',*,*,#2028,.F.);
#2705=ORIENTED_EDGE('',*,*,#2029,.T.);
#2706=ORIENTED_EDGE('',*,*,#2030,.F.);
#2707=ORIENTED_EDGE('',*,*,#2029,.F.);
#2708=ORIENTED_EDGE('',*,*,#2030,.T.);
#2709=ORIENTED_EDGE('',*,*,#2031,.F.);
#2710=ORIENTED_EDGE('',*,*,#2032,.F.);
#2711=ORIENTED_EDGE('',*,*,#2033,.T.);
#2712=ORIENTED_EDGE('',*,*,#2034,.T.);
#2713=ORIENTED_EDGE('',*,*,#2035,.F.);
#2714=ORIENTED_EDGE('',*,*,#2036,.T.);
#2715=ORIENTED_EDGE('',*,*,#2037,.F.);
#2716=ORIENTED_EDGE('',*,*,#2011,.F.);
#2717=ORIENTED_EDGE('',*,*,#2038,.F.);
#2718=ORIENTED_EDGE('',*,*,#2039,.F.);
#2719=ORIENTED_EDGE('',*,*,#2040,.T.);
#2720=ORIENTED_EDGE('',*,*,#2041,.T.);
#2721=ORIENTED_EDGE('',*,*,#2042,.F.);
#2722=ORIENTED_EDGE('',*,*,#2041,.F.);
#2723=ORIENTED_EDGE('',*,*,#2043,.F.);
#2724=ORIENTED_EDGE('',*,*,#2044,.F.);
#2725=ORIENTED_EDGE('',*,*,#2045,.F.);
#2726=ORIENTED_EDGE('',*,*,#2046,.F.);
#2727=ORIENTED_EDGE('',*,*,#2047,.F.);
#2728=ORIENTED_EDGE('',*,*,#2048,.F.);
#2729=ORIENTED_EDGE('',*,*,#2049,.F.);
#2730=ORIENTED_EDGE('',*,*,#2050,.F.);
#2731=ORIENTED_EDGE('',*,*,#2051,.F.);
#2732=ORIENTED_EDGE('',*,*,#2052,.F.);
#2733=ORIENTED_EDGE('',*,*,#2048,.T.);
#2734=ORIENTED_EDGE('',*,*,#2053,.F.);
#2735=ORIENTED_EDGE('',*,*,#2013,.F.);
#2736=ORIENTED_EDGE('',*,*,#1966,.T.);
#2737=ORIENTED_EDGE('',*,*,#1965,.F.);
#2738=ORIENTED_EDGE('',*,*,#2054,.F.);
#2739=ORIENTED_EDGE('',*,*,#2012,.T.);
#2740=ORIENTED_EDGE('',*,*,#2037,.T.);
#2741=ORIENTED_EDGE('',*,*,#2055,.T.);
#2742=ORIENTED_EDGE('',*,*,#2056,.F.);
#2743=ORIENTED_EDGE('',*,*,#2057,.F.);
#2744=ORIENTED_EDGE('',*,*,#1955,.F.);
#2745=ORIENTED_EDGE('',*,*,#2058,.F.);
#2746=ORIENTED_EDGE('',*,*,#2014,.F.);
#2747=ORIENTED_EDGE('',*,*,#2053,.T.);
#2748=ORIENTED_EDGE('',*,*,#2047,.T.);
#2749=ORIENTED_EDGE('',*,*,#2059,.F.);
#2750=ORIENTED_EDGE('',*,*,#2060,.T.);
#2751=ORIENTED_EDGE('',*,*,#2033,.F.);
#2752=ORIENTED_EDGE('',*,*,#2061,.F.);
#2753=ORIENTED_EDGE('',*,*,#2062,.F.);
#2754=ORIENTED_EDGE('',*,*,#2043,.T.);
#2755=ORIENTED_EDGE('',*,*,#2040,.F.);
#2756=ORIENTED_EDGE('',*,*,#2063,.F.);
#2757=ORIENTED_EDGE('',*,*,#2064,.F.);
#2758=ORIENTED_EDGE('',*,*,#2065,.F.);
#2759=ORIENTED_EDGE('',*,*,#2066,.F.);
#2760=ORIENTED_EDGE('',*,*,#2034,.F.);
#2761=ORIENTED_EDGE('',*,*,#2060,.F.);
#2762=ORIENTED_EDGE('',*,*,#2067,.F.);
#2763=ORIENTED_EDGE('',*,*,#2068,.F.);
#2764=ORIENTED_EDGE('',*,*,#2069,.F.);
#2765=ORIENTED_EDGE('',*,*,#2070,.F.);
#2766=ORIENTED_EDGE('',*,*,#2071,.F.);
#2767=ORIENTED_EDGE('',*,*,#2055,.F.);
#2768=ORIENTED_EDGE('',*,*,#2036,.F.);
#2769=ORIENTED_EDGE('',*,*,#2056,.T.);
#2770=ORIENTED_EDGE('',*,*,#2071,.T.);
#2771=ORIENTED_EDGE('',*,*,#2072,.F.);
#2772=ORIENTED_EDGE('',*,*,#2073,.T.);
#2773=ORIENTED_EDGE('',*,*,#2070,.T.);
#2774=ORIENTED_EDGE('',*,*,#2074,.T.);
#2775=ORIENTED_EDGE('',*,*,#2075,.F.);
#2776=ORIENTED_EDGE('',*,*,#2076,.F.);
#2777=ORIENTED_EDGE('',*,*,#2072,.T.);
#2778=ORIENTED_EDGE('',*,*,#2069,.T.);
#2779=ORIENTED_EDGE('',*,*,#2077,.T.);
#2780=ORIENTED_EDGE('',*,*,#2078,.F.);
#2781=ORIENTED_EDGE('',*,*,#2074,.F.);
#2782=ORIENTED_EDGE('',*,*,#2068,.T.);
#2783=ORIENTED_EDGE('',*,*,#2079,.T.);
#2784=ORIENTED_EDGE('',*,*,#1884,.F.);
#2785=ORIENTED_EDGE('',*,*,#2080,.F.);
#2786=ORIENTED_EDGE('',*,*,#2077,.F.);
#2787=ORIENTED_EDGE('',*,*,#1946,.T.);
#2788=ORIENTED_EDGE('',*,*,#1885,.T.);
#2789=ORIENTED_EDGE('',*,*,#2079,.F.);
#2790=ORIENTED_EDGE('',*,*,#2067,.T.);
#2791=ORIENTED_EDGE('',*,*,#2059,.T.);
#2792=ORIENTED_EDGE('',*,*,#2081,.F.);
#2793=ORIENTED_EDGE('',*,*,#2052,.T.);
#2794=ORIENTED_EDGE('',*,*,#2082,.T.);
#2795=ORIENTED_EDGE('',*,*,#2083,.T.);
#2796=ORIENTED_EDGE('',*,*,#2084,.T.);
#2797=ORIENTED_EDGE('',*,*,#2085,.F.);
#2798=ORIENTED_EDGE('',*,*,#2051,.T.);
#2799=ORIENTED_EDGE('',*,*,#2086,.T.);
#2800=ORIENTED_EDGE('',*,*,#2087,.T.);
#2801=ORIENTED_EDGE('',*,*,#2082,.F.);
#2802=ORIENTED_EDGE('',*,*,#2050,.T.);
#2803=ORIENTED_EDGE('',*,*,#2088,.T.);
#2804=ORIENTED_EDGE('',*,*,#1963,.T.);
#2805=ORIENTED_EDGE('',*,*,#2089,.T.);
#2806=ORIENTED_EDGE('',*,*,#2086,.F.);
#2807=ORIENTED_EDGE('',*,*,#2054,.T.);
#2808=ORIENTED_EDGE('',*,*,#1964,.F.);
#2809=ORIENTED_EDGE('',*,*,#2088,.F.);
#2810=ORIENTED_EDGE('',*,*,#2049,.T.);
#2811=ORIENTED_EDGE('',*,*,#2032,.T.);
#2812=ORIENTED_EDGE('',*,*,#2090,.T.);
#2813=ORIENTED_EDGE('',*,*,#2091,.F.);
#2814=ORIENTED_EDGE('',*,*,#2092,.T.);
#2815=ORIENTED_EDGE('',*,*,#2093,.F.);
#2816=ORIENTED_EDGE('',*,*,#2094,.T.);
#2817=ORIENTED_EDGE('',*,*,#2095,.F.);
#2818=ORIENTED_EDGE('',*,*,#2096,.F.);
#2819=ORIENTED_EDGE('',*,*,#2097,.F.);
#2820=ORIENTED_EDGE('',*,*,#2098,.T.);
#2821=ORIENTED_EDGE('',*,*,#2063,.T.);
#2822=ORIENTED_EDGE('',*,*,#2039,.T.);
#2823=ORIENTED_EDGE('',*,*,#2099,.T.);
#2824=ORIENTED_EDGE('',*,*,#1980,.T.);
#2825=ORIENTED_EDGE('',*,*,#1983,.T.);
#2826=ORIENTED_EDGE('',*,*,#1948,.T.);
#2827=ORIENTED_EDGE('',*,*,#1944,.F.);
#2828=ORIENTED_EDGE('',*,*,#1947,.F.);
#2829=ORIENTED_EDGE('',*,*,#2081,.T.);
#2830=ORIENTED_EDGE('',*,*,#2061,.T.);
#2831=ORIENTED_EDGE('',*,*,#1939,.T.);
#2832=ORIENTED_EDGE('',*,*,#1941,.T.);
#2833=ORIENTED_EDGE('',*,*,#2100,.T.);
#2834=ORIENTED_EDGE('',*,*,#2075,.T.);
#2835=ORIENTED_EDGE('',*,*,#2078,.T.);
#2836=ORIENTED_EDGE('',*,*,#2080,.T.);
#2837=ORIENTED_EDGE('',*,*,#1883,.T.);
#2838=ORIENTED_EDGE('',*,*,#1951,.T.);
#2839=ORIENTED_EDGE('',*,*,#2101,.T.);
#2840=ORIENTED_EDGE('',*,*,#2083,.F.);
#2841=ORIENTED_EDGE('',*,*,#2087,.F.);
#2842=ORIENTED_EDGE('',*,*,#2089,.F.);
#2843=ORIENTED_EDGE('',*,*,#1962,.T.);
#2844=ORIENTED_EDGE('',*,*,#1808,.T.);
#2845=ORIENTED_EDGE('',*,*,#1961,.T.);
#2846=ORIENTED_EDGE('',*,*,#1970,.F.);
#2847=ORIENTED_EDGE('',*,*,#1734,.T.);
#2848=ORIENTED_EDGE('',*,*,#2028,.T.);
#2849=ORIENTED_EDGE('',*,*,#2025,.T.);
#2850=ORIENTED_EDGE('',*,*,#2022,.T.);
#2851=ORIENTED_EDGE('',*,*,#2019,.T.);
#2852=ORIENTED_EDGE('',*,*,#1989,.T.);
#2853=ORIENTED_EDGE('',*,*,#1737,.F.);
#2854=ORIENTED_EDGE('',*,*,#1741,.T.);
#2855=ORIENTED_EDGE('',*,*,#1788,.T.);
#2856=ORIENTED_EDGE('',*,*,#1766,.T.);
#2857=ORIENTED_EDGE('',*,*,#1764,.F.);
#2858=ORIENTED_EDGE('',*,*,#1787,.T.);
#2859=ORIENTED_EDGE('',*,*,#1785,.T.);
#2860=ORIENTED_EDGE('',*,*,#1779,.T.);
#2861=ORIENTED_EDGE('',*,*,#1775,.T.);
#2862=ORIENTED_EDGE('',*,*,#1772,.T.);
#2863=ORIENTED_EDGE('',*,*,#1768,.T.);
#2864=ORIENTED_EDGE('',*,*,#1782,.T.);
#2865=ORIENTED_EDGE('',*,*,#1784,.T.);
#2866=ORIENTED_EDGE('',*,*,#1789,.T.);
#2867=ORIENTED_EDGE('',*,*,#1729,.T.);
#2868=ORIENTED_EDGE('',*,*,#1724,.T.);
#2869=ORIENTED_EDGE('',*,*,#1719,.T.);
#2870=ORIENTED_EDGE('',*,*,#1978,.T.);
#2871=ORIENTED_EDGE('',*,*,#2102,.T.);
#2872=ORIENTED_EDGE('',*,*,#2084,.F.);
#2873=ORIENTED_EDGE('',*,*,#2101,.F.);
#2874=ORIENTED_EDGE('',*,*,#1950,.T.);
#2875=ORIENTED_EDGE('',*,*,#1982,.T.);
#2876=ORIENTED_EDGE('',*,*,#2057,.T.);
#2877=ORIENTED_EDGE('',*,*,#2073,.F.);
#2878=ORIENTED_EDGE('',*,*,#2076,.T.);
#2879=ORIENTED_EDGE('',*,*,#2100,.F.);
#2880=ORIENTED_EDGE('',*,*,#1969,.F.);
#2881=ORIENTED_EDGE('',*,*,#1952,.T.);
#2882=ORIENTED_EDGE('',*,*,#1981,.T.);
#2883=ORIENTED_EDGE('',*,*,#2099,.F.);
#2884=ORIENTED_EDGE('',*,*,#2038,.T.);
#2885=ORIENTED_EDGE('',*,*,#2042,.T.);
#2886=ORIENTED_EDGE('',*,*,#2085,.T.);
#2887=ORIENTED_EDGE('',*,*,#2102,.F.);
#2888=ORIENTED_EDGE('',*,*,#2103,.F.);
#2889=ORIENTED_EDGE('',*,*,#1926,.F.);
#2890=ORIENTED_EDGE('',*,*,#2104,.F.);
#2891=ORIENTED_EDGE('',*,*,#2105,.F.);
#2892=ORIENTED_EDGE('',*,*,#2106,.F.);
#2893=ORIENTED_EDGE('',*,*,#2107,.F.);
#2894=ORIENTED_EDGE('',*,*,#2016,.T.);
#2895=ORIENTED_EDGE('',*,*,#2108,.T.);
#2896=ORIENTED_EDGE('',*,*,#2106,.T.);
#2897=ORIENTED_EDGE('',*,*,#2109,.T.);
#2898=ORIENTED_EDGE('',*,*,#2110,.F.);
#2899=ORIENTED_EDGE('',*,*,#1924,.F.);
#2900=ORIENTED_EDGE('',*,*,#2111,.F.);
#2901=ORIENTED_EDGE('',*,*,#2112,.F.);
#2902=ORIENTED_EDGE('',*,*,#2113,.F.);
#2903=ORIENTED_EDGE('',*,*,#1920,.F.);
#2904=ORIENTED_EDGE('',*,*,#2007,.T.);
#2905=ORIENTED_EDGE('',*,*,#2000,.T.);
#2906=ORIENTED_EDGE('',*,*,#2113,.T.);
#2907=ORIENTED_EDGE('',*,*,#2114,.T.);
#2908=ORIENTED_EDGE('',*,*,#2115,.F.);
#2909=ORIENTED_EDGE('',*,*,#2116,.F.);
#2910=ORIENTED_EDGE('',*,*,#2117,.F.);
#2911=ORIENTED_EDGE('',*,*,#2118,.F.);
#2912=ORIENTED_EDGE('',*,*,#2119,.F.);
#2913=ORIENTED_EDGE('',*,*,#2120,.F.);
#2914=ORIENTED_EDGE('',*,*,#2119,.T.);
#2915=ORIENTED_EDGE('',*,*,#1822,.T.);
#2916=ORIENTED_EDGE('',*,*,#2107,.T.);
#2917=ORIENTED_EDGE('',*,*,#2121,.T.);
#2918=ORIENTED_EDGE('',*,*,#2122,.F.);
#2919=ORIENTED_EDGE('',*,*,#2123,.F.);
#2920=ORIENTED_EDGE('',*,*,#2124,.F.);
#2921=ORIENTED_EDGE('',*,*,#2125,.F.);
#2922=ORIENTED_EDGE('',*,*,#1922,.F.);
#2923=ORIENTED_EDGE('',*,*,#2126,.F.);
#2924=ORIENTED_EDGE('',*,*,#2110,.T.);
#2925=ORIENTED_EDGE('',*,*,#1752,.T.);
#2926=ORIENTED_EDGE('',*,*,#2126,.T.);
#2927=ORIENTED_EDGE('',*,*,#1999,.T.);
#2928=ORIENTED_EDGE('',*,*,#2127,.F.);
#2929=ORIENTED_EDGE('',*,*,#2128,.F.);
#2930=ORIENTED_EDGE('',*,*,#1931,.F.);
#2931=ORIENTED_EDGE('',*,*,#2095,.T.);
#2932=ORIENTED_EDGE('',*,*,#2129,.T.);
#2933=ORIENTED_EDGE('',*,*,#2128,.T.);
#2934=ORIENTED_EDGE('',*,*,#2130,.T.);
#2935=ORIENTED_EDGE('',*,*,#2131,.F.);
#2936=ORIENTED_EDGE('',*,*,#2132,.F.);
#2937=ORIENTED_EDGE('',*,*,#2133,.F.);
#2938=ORIENTED_EDGE('',*,*,#2134,.F.);
#2939=ORIENTED_EDGE('',*,*,#2135,.F.);
#2940=ORIENTED_EDGE('',*,*,#2136,.F.);
#2941=ORIENTED_EDGE('',*,*,#2125,.T.);
#2942=ORIENTED_EDGE('',*,*,#1751,.T.);
#2943=ORIENTED_EDGE('',*,*,#2135,.T.);
#2944=ORIENTED_EDGE('',*,*,#1956,.T.);
#2945=ORIENTED_EDGE('',*,*,#2137,.F.);
#2946=ORIENTED_EDGE('',*,*,#2138,.F.);
#2947=ORIENTED_EDGE('',*,*,#2139,.F.);
#2948=ORIENTED_EDGE('',*,*,#2140,.F.);
#2949=ORIENTED_EDGE('',*,*,#1933,.F.);
#2950=ORIENTED_EDGE('',*,*,#2141,.F.);
#2951=ORIENTED_EDGE('',*,*,#2142,.F.);
#2952=ORIENTED_EDGE('',*,*,#1929,.F.);
#2953=ORIENTED_EDGE('',*,*,#2143,.F.);
#2954=ORIENTED_EDGE('',*,*,#2144,.F.);
#2955=ORIENTED_EDGE('',*,*,#2145,.F.);
#2956=ORIENTED_EDGE('',*,*,#2146,.F.);
#2957=ORIENTED_EDGE('',*,*,#2147,.T.);
#2958=ORIENTED_EDGE('',*,*,#1748,.T.);
#2959=ORIENTED_EDGE('',*,*,#2145,.T.);
#2960=ORIENTED_EDGE('',*,*,#2148,.T.);
#2961=ORIENTED_EDGE('',*,*,#2149,.T.);
#2962=ORIENTED_EDGE('',*,*,#1749,.T.);
#2963=ORIENTED_EDGE('',*,*,#2147,.F.);
#2964=ORIENTED_EDGE('',*,*,#2150,.T.);
#2965=ORIENTED_EDGE('',*,*,#2136,.T.);
#2966=ORIENTED_EDGE('',*,*,#1750,.T.);
#2967=ORIENTED_EDGE('',*,*,#2149,.F.);
#2968=ORIENTED_EDGE('',*,*,#2151,.T.);
#2969=ORIENTED_EDGE('',*,*,#2152,.F.);
#2970=ORIENTED_EDGE('',*,*,#1927,.F.);
#2971=ORIENTED_EDGE('',*,*,#2153,.F.);
#2972=ORIENTED_EDGE('',*,*,#2146,.T.);
#2973=ORIENTED_EDGE('',*,*,#1747,.T.);
#2974=ORIENTED_EDGE('',*,*,#2153,.T.);
#2975=ORIENTED_EDGE('',*,*,#1851,.T.);
#2976=ORIENTED_EDGE('',*,*,#2152,.T.);
#2977=ORIENTED_EDGE('',*,*,#1746,.T.);
#2978=ORIENTED_EDGE('',*,*,#2141,.T.);
#2979=ORIENTED_EDGE('',*,*,#2154,.T.);
#2980=ORIENTED_EDGE('',*,*,#2144,.T.);
#2981=ORIENTED_EDGE('',*,*,#1850,.T.);
#2982=ORIENTED_EDGE('',*,*,#2137,.T.);
#2983=ORIENTED_EDGE('',*,*,#2155,.T.);
#2984=ORIENTED_EDGE('',*,*,#2093,.T.);
#2985=ORIENTED_EDGE('',*,*,#2156,.T.);
#2986=ORIENTED_EDGE('',*,*,#2143,.T.);
#2987=ORIENTED_EDGE('',*,*,#2157,.T.);
#2988=ORIENTED_EDGE('',*,*,#2142,.T.);
#2989=ORIENTED_EDGE('',*,*,#2158,.T.);
#2990=ORIENTED_EDGE('',*,*,#2138,.T.);
#2991=ORIENTED_EDGE('',*,*,#1849,.T.);
#2992=ORIENTED_EDGE('',*,*,#2140,.T.);
#2993=ORIENTED_EDGE('',*,*,#1745,.T.);
#2994=ORIENTED_EDGE('',*,*,#2132,.T.);
#2995=ORIENTED_EDGE('',*,*,#1984,.T.);
#2996=ORIENTED_EDGE('',*,*,#2091,.T.);
#2997=ORIENTED_EDGE('',*,*,#2159,.T.);
#2998=ORIENTED_EDGE('',*,*,#2139,.T.);
#2999=ORIENTED_EDGE('',*,*,#2160,.T.);
#3000=ORIENTED_EDGE('',*,*,#2123,.T.);
#3001=ORIENTED_EDGE('',*,*,#1957,.T.);
#3002=ORIENTED_EDGE('',*,*,#2134,.T.);
#3003=ORIENTED_EDGE('',*,*,#2161,.T.);
#3004=ORIENTED_EDGE('',*,*,#2162,.T.);
#3005=ORIENTED_EDGE('',*,*,#1742,.T.);
#3006=ORIENTED_EDGE('',*,*,#2120,.T.);
#3007=ORIENTED_EDGE('',*,*,#2163,.T.);
#3008=ORIENTED_EDGE('',*,*,#2164,.T.);
#3009=ORIENTED_EDGE('',*,*,#1743,.T.);
#3010=ORIENTED_EDGE('',*,*,#2162,.F.);
#3011=ORIENTED_EDGE('',*,*,#2165,.T.);
#3012=ORIENTED_EDGE('',*,*,#2133,.T.);
#3013=ORIENTED_EDGE('',*,*,#1744,.T.);
#3014=ORIENTED_EDGE('',*,*,#2164,.F.);
#3015=ORIENTED_EDGE('',*,*,#2166,.T.);
#3016=ORIENTED_EDGE('',*,*,#2117,.T.);
#3017=ORIENTED_EDGE('',*,*,#1985,.T.);
#3018=ORIENTED_EDGE('',*,*,#2131,.T.);
#3019=ORIENTED_EDGE('',*,*,#2167,.T.);
#3020=ORIENTED_EDGE('',*,*,#2127,.T.);
#3021=ORIENTED_EDGE('',*,*,#1986,.T.);
#3022=ORIENTED_EDGE('',*,*,#2116,.T.);
#3023=ORIENTED_EDGE('',*,*,#2168,.T.);
#3024=ORIENTED_EDGE('',*,*,#2009,.T.);
#3025=ORIENTED_EDGE('',*,*,#2169,.T.);
#3026=ORIENTED_EDGE('',*,*,#2124,.T.);
#3027=ORIENTED_EDGE('',*,*,#2170,.T.);
#3028=ORIENTED_EDGE('',*,*,#2122,.T.);
#3029=ORIENTED_EDGE('',*,*,#2171,.T.);
#3030=ORIENTED_EDGE('',*,*,#2112,.T.);
#3031=ORIENTED_EDGE('',*,*,#1958,.T.);
#3032=ORIENTED_EDGE('',*,*,#1814,.F.);
#3033=ORIENTED_EDGE('',*,*,#1823,.T.);
#3034=ORIENTED_EDGE('',*,*,#2118,.T.);
#3035=ORIENTED_EDGE('',*,*,#1753,.T.);
#3036=ORIENTED_EDGE('',*,*,#2111,.T.);
#3037=ORIENTED_EDGE('',*,*,#1824,.T.);
#3038=ORIENTED_EDGE('',*,*,#1811,.F.);
#3039=ORIENTED_EDGE('',*,*,#1805,.F.);
#3040=ORIENTED_EDGE('',*,*,#2097,.T.);
#3041=ORIENTED_EDGE('',*,*,#2172,.T.);
#3042=ORIENTED_EDGE('',*,*,#2115,.T.);
#3043=ORIENTED_EDGE('',*,*,#2173,.T.);
#3044=ORIENTED_EDGE('',*,*,#2105,.T.);
#3045=ORIENTED_EDGE('',*,*,#1821,.T.);
#3046=ORIENTED_EDGE('',*,*,#2103,.T.);
#3047=ORIENTED_EDGE('',*,*,#2174,.T.);
#3048=ORIENTED_EDGE('',*,*,#2018,.T.);
#3049=ORIENTED_EDGE('',*,*,#2175,.T.);
#3050=ORIENTED_EDGE('',*,*,#2104,.T.);
#3051=ORIENTED_EDGE('',*,*,#1998,.T.);
#3052=ORIENTED_EDGE('',*,*,#2157,.F.);
#3053=ORIENTED_EDGE('',*,*,#1928,.F.);
#3054=ORIENTED_EDGE('',*,*,#2154,.F.);
#3055=ORIENTED_EDGE('',*,*,#1932,.F.);
#3056=ORIENTED_EDGE('',*,*,#2129,.F.);
#3057=ORIENTED_EDGE('',*,*,#2094,.F.);
#3058=ORIENTED_EDGE('',*,*,#2130,.F.);
#3059=ORIENTED_EDGE('',*,*,#2168,.F.);
#3060=ORIENTED_EDGE('',*,*,#2172,.F.);
#3061=ORIENTED_EDGE('',*,*,#2096,.T.);
#3062=ORIENTED_EDGE('',*,*,#2062,.T.);
#3063=ORIENTED_EDGE('',*,*,#2098,.F.);
#3064=ORIENTED_EDGE('',*,*,#2173,.F.);
#3065=ORIENTED_EDGE('',*,*,#2167,.F.);
#3066=ORIENTED_EDGE('',*,*,#2166,.F.);
#3067=ORIENTED_EDGE('',*,*,#2176,.F.);
#3068=ORIENTED_EDGE('',*,*,#2044,.T.);
#3069=ORIENTED_EDGE('',*,*,#2045,.T.);
#3070=ORIENTED_EDGE('',*,*,#2176,.T.);
#3071=ORIENTED_EDGE('',*,*,#2165,.F.);
#3072=ORIENTED_EDGE('',*,*,#2177,.F.);
#3073=ORIENTED_EDGE('',*,*,#2046,.T.);
#3074=ORIENTED_EDGE('',*,*,#2177,.T.);
#3075=ORIENTED_EDGE('',*,*,#2163,.F.);
#3076=ORIENTED_EDGE('',*,*,#2121,.F.);
#3077=ORIENTED_EDGE('',*,*,#2108,.F.);
#3078=ORIENTED_EDGE('',*,*,#2015,.F.);
#3079=ORIENTED_EDGE('',*,*,#2058,.T.);
#3080=ORIENTED_EDGE('',*,*,#2109,.F.);
#3081=ORIENTED_EDGE('',*,*,#2174,.F.);
#3082=ORIENTED_EDGE('',*,*,#2175,.F.);
#3083=ORIENTED_EDGE('',*,*,#2017,.T.);
#3084=ORIENTED_EDGE('',*,*,#2066,.T.);
#3085=ORIENTED_EDGE('',*,*,#2178,.T.);
#3086=ORIENTED_EDGE('',*,*,#2148,.F.);
#3087=ORIENTED_EDGE('',*,*,#2155,.F.);
#3088=ORIENTED_EDGE('',*,*,#2159,.F.);
#3089=ORIENTED_EDGE('',*,*,#2090,.F.);
#3090=ORIENTED_EDGE('',*,*,#2031,.T.);
#3091=ORIENTED_EDGE('',*,*,#2065,.T.);
#3092=ORIENTED_EDGE('',*,*,#2179,.T.);
#3093=ORIENTED_EDGE('',*,*,#2150,.F.);
#3094=ORIENTED_EDGE('',*,*,#2178,.F.);
#3095=ORIENTED_EDGE('',*,*,#2035,.T.);
#3096=ORIENTED_EDGE('',*,*,#2010,.F.);
#3097=ORIENTED_EDGE('',*,*,#2170,.F.);
#3098=ORIENTED_EDGE('',*,*,#2161,.F.);
#3099=ORIENTED_EDGE('',*,*,#2151,.F.);
#3100=ORIENTED_EDGE('',*,*,#2179,.F.);
#3101=ORIENTED_EDGE('',*,*,#2064,.T.);
#3102=ORIENTED_EDGE('',*,*,#2156,.F.);
#3103=ORIENTED_EDGE('',*,*,#2092,.F.);
#3104=ORIENTED_EDGE('',*,*,#2160,.F.);
#3105=ORIENTED_EDGE('',*,*,#2158,.F.);
#3106=ORIENTED_EDGE('',*,*,#2169,.F.);
#3107=ORIENTED_EDGE('',*,*,#2008,.F.);
#3108=ORIENTED_EDGE('',*,*,#2114,.F.);
#3109=ORIENTED_EDGE('',*,*,#2171,.F.);
#3110=CONICAL_SURFACE('',#3319,1.05,0.872664625997164);
#3111=CONICAL_SURFACE('',#3325,1.05,0.872664625997164);
#3112=CONICAL_SURFACE('',#3331,1.05,0.872664625997164);
#3113=CONICAL_SURFACE('',#3337,1.05,0.872664625997164);
#3114=CONICAL_SURFACE('',#3462,1.9,0.785398163397468);
#3115=ADVANCED_FACE('',(#240),#3110,.T.);
#3116=ADVANCED_FACE('',(#241),#187,.T.);
#3117=ADVANCED_FACE('',(#242),#73,.T.);
#3118=ADVANCED_FACE('',(#243),#3111,.T.);
#3119=ADVANCED_FACE('',(#244),#188,.T.);
#3120=ADVANCED_FACE('',(#245),#74,.T.);
#3121=ADVANCED_FACE('',(#246),#3112,.T.);
#3122=ADVANCED_FACE('',(#247),#189,.T.);
#3123=ADVANCED_FACE('',(#248),#75,.T.);
#3124=ADVANCED_FACE('',(#249),#3113,.T.);
#3125=ADVANCED_FACE('',(#250),#190,.T.);
#3126=ADVANCED_FACE('',(#251),#76,.T.);
#3127=ADVANCED_FACE('',(#252),#191,.T.);
#3128=ADVANCED_FACE('',(#253),#77,.F.);
#3129=ADVANCED_FACE('',(#254,#49,#50),#78,.T.);
#3130=ADVANCED_FACE('',(#255),#192,.T.);
#3131=ADVANCED_FACE('',(#256),#79,.F.);
#3132=ADVANCED_FACE('',(#257),#80,.F.);
#3133=ADVANCED_FACE('',(#258),#81,.F.);
#3134=ADVANCED_FACE('',(#259),#82,.F.);
#3135=ADVANCED_FACE('',(#260),#83,.F.);
#3136=ADVANCED_FACE('',(#261),#84,.F.);
#3137=ADVANCED_FACE('',(#262),#85,.F.);
#3138=ADVANCED_FACE('',(#263),#86,.F.);
#3139=ADVANCED_FACE('',(#264),#87,.F.);
#3140=ADVANCED_FACE('',(#265),#88,.F.);
#3141=ADVANCED_FACE('',(#266),#89,.F.);
#3142=ADVANCED_FACE('',(#267),#90,.T.);
#3143=ADVANCED_FACE('',(#268),#91,.F.);
#3144=ADVANCED_FACE('',(#269),#92,.T.);
#3145=ADVANCED_FACE('',(#270),#93,.F.);
#3146=ADVANCED_FACE('',(#271),#94,.T.);
#3147=ADVANCED_FACE('',(#272),#95,.F.);
#3148=ADVANCED_FACE('',(#273),#96,.T.);
#3149=ADVANCED_FACE('',(#274),#97,.T.);
#3150=ADVANCED_FACE('',(#275),#98,.T.);
#3151=ADVANCED_FACE('',(#276),#99,.T.);
#3152=ADVANCED_FACE('',(#277),#100,.T.);
#3153=ADVANCED_FACE('',(#278),#101,.F.);
#3154=ADVANCED_FACE('',(#279),#102,.T.);
#3155=ADVANCED_FACE('',(#280),#103,.T.);
#3156=ADVANCED_FACE('',(#281),#104,.T.);
#3157=ADVANCED_FACE('',(#282),#105,.T.);
#3158=ADVANCED_FACE('',(#283),#106,.F.);
#3159=ADVANCED_FACE('',(#284),#107,.F.);
#3160=ADVANCED_FACE('',(#285,#51,#52),#108,.T.);
#3161=ADVANCED_FACE('',(#286),#109,.T.);
#3162=ADVANCED_FACE('',(#287),#110,.T.);
#3163=ADVANCED_FACE('',(#288),#111,.T.);
#3164=ADVANCED_FACE('',(#289),#112,.T.);
#3165=ADVANCED_FACE('',(#290),#113,.F.);
#3166=ADVANCED_FACE('',(#291),#114,.F.);
#3167=ADVANCED_FACE('',(#292),#115,.T.);
#3168=ADVANCED_FACE('',(#293),#116,.T.);
#3169=ADVANCED_FACE('',(#294),#117,.T.);
#3170=ADVANCED_FACE('',(#295),#118,.T.);
#3171=ADVANCED_FACE('',(#296),#119,.F.);
#3172=ADVANCED_FACE('',(#297,#53,#54),#120,.F.);
#3173=ADVANCED_FACE('',(#298),#121,.T.);
#3174=ADVANCED_FACE('',(#299),#122,.T.);
#3175=ADVANCED_FACE('',(#300),#123,.T.);
#3176=ADVANCED_FACE('',(#301),#124,.T.);
#3177=ADVANCED_FACE('',(#302),#125,.F.);
#3178=ADVANCED_FACE('',(#303),#126,.F.);
#3179=ADVANCED_FACE('',(#304),#127,.F.);
#3180=ADVANCED_FACE('',(#305),#193,.F.);
#3181=ADVANCED_FACE('',(#306,#55),#128,.T.);
#3182=ADVANCED_FACE('',(#307),#194,.F.);
#3183=ADVANCED_FACE('',(#308,#56),#129,.T.);
#3184=ADVANCED_FACE('',(#309),#195,.F.);
#3185=ADVANCED_FACE('',(#310,#57),#130,.T.);
#3186=ADVANCED_FACE('',(#311),#196,.F.);
#3187=ADVANCED_FACE('',(#312,#58),#131,.T.);
#3188=ADVANCED_FACE('',(#313),#197,.T.);
#3189=ADVANCED_FACE('',(#314),#198,.T.);
#3190=ADVANCED_FACE('',(#315),#199,.T.);
#3191=ADVANCED_FACE('',(#316),#200,.T.);
#3192=ADVANCED_FACE('',(#317),#201,.F.);
#3193=ADVANCED_FACE('',(#318),#202,.F.);
#3194=ADVANCED_FACE('',(#319),#203,.F.);
#3195=ADVANCED_FACE('',(#320),#204,.F.);
#3196=ADVANCED_FACE('',(#321),#132,.T.);
#3197=ADVANCED_FACE('',(#322),#133,.T.);
#3198=ADVANCED_FACE('',(#323),#134,.F.);
#3199=ADVANCED_FACE('',(#324),#135,.T.);
#3200=ADVANCED_FACE('',(#325),#136,.T.);
#3201=ADVANCED_FACE('',(#326),#137,.F.);
#3202=ADVANCED_FACE('',(#327),#138,.F.);
#3203=ADVANCED_FACE('',(#328),#139,.T.);
#3204=ADVANCED_FACE('',(#329),#140,.F.);
#3205=ADVANCED_FACE('',(#330),#141,.T.);
#3206=ADVANCED_FACE('',(#331),#142,.T.);
#3207=ADVANCED_FACE('',(#332),#143,.T.);
#3208=ADVANCED_FACE('',(#333),#3114,.F.);
#3209=ADVANCED_FACE('',(#334),#205,.F.);
#3210=ADVANCED_FACE('',(#335),#144,.T.);
#3211=ADVANCED_FACE('',(#336),#145,.T.);
#3212=ADVANCED_FACE('',(#337),#146,.T.);
#3213=ADVANCED_FACE('',(#338),#147,.T.);
#3214=ADVANCED_FACE('',(#339),#148,.T.);
#3215=ADVANCED_FACE('',(#340),#149,.T.);
#3216=ADVANCED_FACE('',(#341,#59),#150,.T.);
#3217=ADVANCED_FACE('',(#342,#60),#151,.T.);
#3218=ADVANCED_FACE('',(#343),#206,.T.);
#3219=ADVANCED_FACE('',(#344),#152,.T.);
#3220=ADVANCED_FACE('',(#345),#207,.T.);
#3221=ADVANCED_FACE('',(#346),#153,.T.);
#3222=ADVANCED_FACE('',(#347),#208,.T.);
#3223=ADVANCED_FACE('',(#348),#154,.T.);
#3224=ADVANCED_FACE('',(#349),#209,.T.);
#3225=ADVANCED_FACE('',(#350),#155,.T.);
#3226=ADVANCED_FACE('',(#351),#156,.F.);
#3227=ADVANCED_FACE('',(#352),#157,.F.);
#3228=ADVANCED_FACE('',(#353),#158,.F.);
#3229=ADVANCED_FACE('',(#354),#159,.F.);
#3230=ADVANCED_FACE('',(#355),#160,.F.);
#3231=ADVANCED_FACE('',(#356),#161,.F.);
#3232=ADVANCED_FACE('',(#357),#162,.F.);
#3233=ADVANCED_FACE('',(#358),#163,.F.);
#3234=ADVANCED_FACE('',(#359),#164,.F.);
#3235=ADVANCED_FACE('',(#360),#165,.F.);
#3236=ADVANCED_FACE('',(#361),#166,.F.);
#3237=ADVANCED_FACE('',(#362),#167,.T.);
#3238=ADVANCED_FACE('',(#363),#210,.T.);
#3239=ADVANCED_FACE('',(#364),#168,.T.);
#3240=ADVANCED_FACE('',(#365),#169,.F.);
#3241=ADVANCED_FACE('',(#366),#170,.T.);
#3242=ADVANCED_FACE('',(#367),#211,.T.);
#3243=ADVANCED_FACE('',(#368),#171,.T.);
#3244=ADVANCED_FACE('',(#369),#172,.F.);
#3245=ADVANCED_FACE('',(#370,#61,#62),#173,.T.);
#3246=ADVANCED_FACE('',(#371,#63,#64,#65,#66,#67,#68,#69,#70,#71,#72),#174,
 .F.);
#3247=ADVANCED_FACE('',(#372),#175,.F.);
#3248=ADVANCED_FACE('',(#373),#176,.F.);
#3249=ADVANCED_FACE('',(#374),#177,.F.);
#3250=ADVANCED_FACE('',(#375),#17,.T.);
#3251=ADVANCED_FACE('',(#376),#18,.T.);
#3252=ADVANCED_FACE('',(#377),#212,.T.);
#3253=ADVANCED_FACE('',(#378),#19,.T.);
#3254=ADVANCED_FACE('',(#379),#20,.T.);
#3255=ADVANCED_FACE('',(#380),#213,.T.);
#3256=ADVANCED_FACE('',(#381),#21,.T.);
#3257=ADVANCED_FACE('',(#382),#22,.T.);
#3258=ADVANCED_FACE('',(#383),#214,.T.);
#3259=ADVANCED_FACE('',(#384),#23,.T.);
#3260=ADVANCED_FACE('',(#385),#24,.T.);
#3261=ADVANCED_FACE('',(#386),#215,.T.);
#3262=ADVANCED_FACE('',(#387),#25,.T.);
#3263=ADVANCED_FACE('',(#388),#216,.T.);
#3264=ADVANCED_FACE('',(#389),#26,.T.);
#3265=ADVANCED_FACE('',(#390),#27,.T.);
#3266=ADVANCED_FACE('',(#391),#217,.T.);
#3267=ADVANCED_FACE('',(#392),#28,.T.);
#3268=ADVANCED_FACE('',(#393),#29,.T.);
#3269=ADVANCED_FACE('',(#394),#30,.T.);
#3270=ADVANCED_FACE('',(#395),#31,.T.);
#3271=ADVANCED_FACE('',(#396),#218,.T.);
#3272=ADVANCED_FACE('',(#397),#15,.T.);
#3273=ADVANCED_FACE('',(#398),#219,.T.);
#3274=ADVANCED_FACE('',(#399),#32,.T.);
#3275=ADVANCED_FACE('',(#400),#220,.T.);
#3276=ADVANCED_FACE('',(#401),#221,.T.);
#3277=ADVANCED_FACE('',(#402),#222,.T.);
#3278=ADVANCED_FACE('',(#403),#223,.T.);
#3279=ADVANCED_FACE('',(#404),#224,.T.);
#3280=ADVANCED_FACE('',(#405),#225,.T.);
#3281=ADVANCED_FACE('',(#406),#226,.T.);
#3282=ADVANCED_FACE('',(#407),#227,.T.);
#3283=ADVANCED_FACE('',(#408),#228,.T.);
#3284=ADVANCED_FACE('',(#409),#16,.T.);
#3285=ADVANCED_FACE('',(#410),#229,.T.);
#3286=ADVANCED_FACE('',(#411),#230,.T.);
#3287=ADVANCED_FACE('',(#412),#231,.T.);
#3288=ADVANCED_FACE('',(#413),#232,.T.);
#3289=ADVANCED_FACE('',(#414),#233,.T.);
#3290=ADVANCED_FACE('',(#415),#234,.T.);
#3291=ADVANCED_FACE('',(#416),#235,.T.);
#3292=ADVANCED_FACE('',(#417),#236,.T.);
#3293=ADVANCED_FACE('',(#418),#237,.T.);
#3294=ADVANCED_FACE('',(#419),#178,.T.);
#3295=ADVANCED_FACE('',(#420),#179,.T.);
#3296=ADVANCED_FACE('',(#421),#180,.F.);
#3297=ADVANCED_FACE('',(#422),#238,.F.);
#3298=ADVANCED_FACE('',(#423),#181,.F.);
#3299=ADVANCED_FACE('',(#424),#182,.T.);
#3300=ADVANCED_FACE('',(#425),#183,.F.);
#3301=ADVANCED_FACE('',(#426),#239,.F.);
#3302=ADVANCED_FACE('',(#427),#184,.F.);
#3303=ADVANCED_FACE('',(#428),#185,.T.);
#3304=ADVANCED_FACE('',(#429),#186,.T.);
#3305=CLOSED_SHELL('',(#3115,#3116,#3117,#3118,#3119,#3120,#3121,#3122,
#3123,#3124,#3125,#3126,#3127,#3128,#3129,#3130,#3131,#3132,#3133,#3134,
#3135,#3136,#3137,#3138,#3139,#3140,#3141,#3142,#3143,#3144,#3145,#3146,
#3147,#3148,#3149,#3150,#3151,#3152,#3153,#3154,#3155,#3156,#3157,#3158,
#3159,#3160,#3161,#3162,#3163,#3164,#3165,#3166,#3167,#3168,#3169,#3170,
#3171,#3172,#3173,#3174,#3175,#3176,#3177,#3178,#3179,#3180,#3181,#3182,
#3183,#3184,#3185,#3186,#3187,#3188,#3189,#3190,#3191,#3192,#3193,#3194,
#3195,#3196,#3197,#3198,#3199,#3200,#3201,#3202,#3203,#3204,#3205,#3206,
#3207,#3208,#3209,#3210,#3211,#3212,#3213,#3214,#3215,#3216,#3217,#3218,
#3219,#3220,#3221,#3222,#3223,#3224,#3225,#3226,#3227,#3228,#3229,#3230,
#3231,#3232,#3233,#3234,#3235,#3236,#3237,#3238,#3239,#3240,#3241,#3242,
#3243,#3244,#3245,#3246,#3247,#3248,#3249,#3250,#3251,#3252,#3253,#3254,
#3255,#3256,#3257,#3258,#3259,#3260,#3261,#3262,#3263,#3264,#3265,#3266,
#3267,#3268,#3269,#3270,#3271,#3272,#3273,#3274,#3275,#3276,#3277,#3278,
#3279,#3280,#3281,#3282,#3283,#3284,#3285,#3286,#3287,#3288,#3289,#3290,
#3291,#3292,#3293,#3294,#3295,#3296,#3297,#3298,#3299,#3300,#3301,#3302,
#3303,#3304));
#3306=DERIVED_UNIT_ELEMENT(#3308,1.);
#3307=DERIVED_UNIT_ELEMENT(#5588,-3.);
#3308=(
MASS_UNIT()
NAMED_UNIT(*)
SI_UNIT(.KILO.,.GRAM.)
);
#3309=DERIVED_UNIT((#3306,#3307));
#3310=MEASURE_REPRESENTATION_ITEM('density measure',
POSITIVE_RATIO_MEASURE(7850.),#3309);
#3311=PROPERTY_DEFINITION_REPRESENTATION(#3316,#3313);
#3312=PROPERTY_DEFINITION_REPRESENTATION(#3317,#3314);
#3313=REPRESENTATION('material name',(#3315),#5585);
#3314=REPRESENTATION('density',(#3310),#5585);
#3315=DESCRIPTIVE_REPRESENTATION_ITEM('Steel','Steel');
#3316=PROPERTY_DEFINITION('material property','material name',#5595);
#3317=PROPERTY_DEFINITION('material property','density of part',#5595);
#3318=AXIS2_PLACEMENT_3D('',#4590,#3629,#3630);
#3319=AXIS2_PLACEMENT_3D('',#4591,#3631,#3632);
#3320=AXIS2_PLACEMENT_3D('',#4593,#3633,#3634);
#3321=AXIS2_PLACEMENT_3D('',#4596,#3636,#3637);
#3322=AXIS2_PLACEMENT_3D('',#4597,#3638,#3639);
#3323=AXIS2_PLACEMENT_3D('',#4600,#3641,#3642);
#3324=AXIS2_PLACEMENT_3D('',#4601,#3643,#3644);
#3325=AXIS2_PLACEMENT_3D('',#4602,#3645,#3646);
#3326=AXIS2_PLACEMENT_3D('',#4604,#3647,#3648);
#3327=AXIS2_PLACEMENT_3D('',#4607,#3650,#3651);
#3328=AXIS2_PLACEMENT_3D('',#4608,#3652,#3653);
#3329=AXIS2_PLACEMENT_3D('',#4611,#3655,#3656);
#3330=AXIS2_PLACEMENT_3D('',#4612,#3657,#3658);
#3331=AXIS2_PLACEMENT_3D('',#4613,#3659,#3660);
#3332=AXIS2_PLACEMENT_3D('',#4615,#3661,#3662);
#3333=AXIS2_PLACEMENT_3D('',#4618,#3664,#3665);
#3334=AXIS2_PLACEMENT_3D('',#4619,#3666,#3667);
#3335=AXIS2_PLACEMENT_3D('',#4622,#3669,#3670);
#3336=AXIS2_PLACEMENT_3D('',#4623,#3671,#3672);
#3337=AXIS2_PLACEMENT_3D('',#4624,#3673,#3674);
#3338=AXIS2_PLACEMENT_3D('',#4626,#3675,#3676);
#3339=AXIS2_PLACEMENT_3D('',#4629,#3678,#3679);
#3340=AXIS2_PLACEMENT_3D('',#4630,#3680,#3681);
#3341=AXIS2_PLACEMENT_3D('',#4633,#3683,#3684);
#3342=AXIS2_PLACEMENT_3D('',#4634,#3685,#3686);
#3343=AXIS2_PLACEMENT_3D('',#4635,#3687,#3688);
#3344=AXIS2_PLACEMENT_3D('',#4638,#3689,#3690);
#3345=AXIS2_PLACEMENT_3D('',#4642,#3692,#3693);
#3346=AXIS2_PLACEMENT_3D('',#4644,#3695,#3696);
#3347=AXIS2_PLACEMENT_3D('',#4650,#3700,#3701);
#3348=AXIS2_PLACEMENT_3D('',#4655,#3703,#3704);
#3349=AXIS2_PLACEMENT_3D('',#4667,#3710,#3711);
#3350=AXIS2_PLACEMENT_3D('',#4686,#3721,#3722);
#3351=AXIS2_PLACEMENT_3D('',#4691,#3725,#3726);
#3352=AXIS2_PLACEMENT_3D('',#4692,#3727,#3728);
#3353=AXIS2_PLACEMENT_3D('',#4696,#3730,#3731);
#3354=AXIS2_PLACEMENT_3D('',#4698,#3733,#3734);
#3355=AXIS2_PLACEMENT_3D('',#4702,#3737,#3738);
#3356=AXIS2_PLACEMENT_3D('',#4711,#3743,#3744);
#3357=AXIS2_PLACEMENT_3D('',#4717,#3748,#3749);
#3358=AXIS2_PLACEMENT_3D('',#4723,#3753,#3754);
#3359=AXIS2_PLACEMENT_3D('',#4725,#3756,#3757);
#3360=AXIS2_PLACEMENT_3D('',#4732,#3762,#3763);
#3361=AXIS2_PLACEMENT_3D('',#4736,#3766,#3767);
#3362=AXIS2_PLACEMENT_3D('',#4740,#3770,#3771);
#3363=AXIS2_PLACEMENT_3D('',#4742,#3773,#3774);
#3364=AXIS2_PLACEMENT_3D('',#4744,#3776,#3777);
#3365=AXIS2_PLACEMENT_3D('',#4746,#3779,#3780);
#3366=AXIS2_PLACEMENT_3D('',#4755,#3785,#3786);
#3367=AXIS2_PLACEMENT_3D('',#4761,#3790,#3791);
#3368=AXIS2_PLACEMENT_3D('',#4770,#3796,#3797);
#3369=AXIS2_PLACEMENT_3D('',#4776,#3801,#3802);
#3370=AXIS2_PLACEMENT_3D('',#4783,#3807,#3808);
#3371=AXIS2_PLACEMENT_3D('',#4785,#3810,#3811);
#3372=AXIS2_PLACEMENT_3D('',#4788,#3812,#3813);
#3373=AXIS2_PLACEMENT_3D('',#4791,#3815,#3816);
#3374=AXIS2_PLACEMENT_3D('',#4793,#3818,#3819);
#3375=AXIS2_PLACEMENT_3D('',#4797,#3821,#3822);
#3376=AXIS2_PLACEMENT_3D('',#4799,#3824,#3825);
#3377=AXIS2_PLACEMENT_3D('',#4801,#3826,#3827);
#3378=AXIS2_PLACEMENT_3D('',#4804,#3830,#3831);
#3379=AXIS2_PLACEMENT_3D('',#4806,#3832,#3833);
#3380=AXIS2_PLACEMENT_3D('',#4814,#3838,#3839);
#3381=AXIS2_PLACEMENT_3D('',#4819,#3842,#3843);
#3382=AXIS2_PLACEMENT_3D('',#4820,#3844,#3845);
#3383=AXIS2_PLACEMENT_3D('',#4824,#3848,#3849);
#3384=AXIS2_PLACEMENT_3D('',#4833,#3854,#3855);
#3385=AXIS2_PLACEMENT_3D('',#4839,#3859,#3860);
#3386=AXIS2_PLACEMENT_3D('',#4845,#3864,#3865);
#3387=AXIS2_PLACEMENT_3D('',#4848,#3868,#3869);
#3388=AXIS2_PLACEMENT_3D('',#4854,#3873,#3874);
#3389=AXIS2_PLACEMENT_3D('',#4858,#3877,#3878);
#3390=AXIS2_PLACEMENT_3D('',#4861,#3879,#3880);
#3391=AXIS2_PLACEMENT_3D('',#4863,#3881,#3882);
#3392=AXIS2_PLACEMENT_3D('',#4881,#3892,#3893);
#3393=AXIS2_PLACEMENT_3D('',#4887,#3897,#3898);
#3394=AXIS2_PLACEMENT_3D('',#4891,#3901,#3902);
#3395=AXIS2_PLACEMENT_3D('',#4895,#3905,#3906);
#3396=AXIS2_PLACEMENT_3D('',#4897,#3908,#3909);
#3397=AXIS2_PLACEMENT_3D('',#4903,#3913,#3914);
#3398=AXIS2_PLACEMENT_3D('',#4907,#3917,#3918);
#3399=AXIS2_PLACEMENT_3D('',#4913,#3922,#3923);
#3400=AXIS2_PLACEMENT_3D('',#4919,#3927,#3928);
#3401=AXIS2_PLACEMENT_3D('',#4924,#3932,#3933);
#3402=AXIS2_PLACEMENT_3D('',#4926,#3935,#3936);
#3403=AXIS2_PLACEMENT_3D('',#4928,#3938,#3939);
#3404=AXIS2_PLACEMENT_3D('',#4949,#3950,#3951);
#3405=AXIS2_PLACEMENT_3D('',#4952,#3954,#3955);
#3406=AXIS2_PLACEMENT_3D('',#4956,#3958,#3959);
#3407=AXIS2_PLACEMENT_3D('',#4959,#3962,#3963);
#3408=AXIS2_PLACEMENT_3D('',#4960,#3964,#3965);
#3409=AXIS2_PLACEMENT_3D('',#4962,#3967,#3968);
#3410=AXIS2_PLACEMENT_3D('',#4963,#3969,#3970);
#3411=AXIS2_PLACEMENT_3D('',#4964,#3971,#3972);
#3412=AXIS2_PLACEMENT_3D('',#4967,#3973,#3974);
#3413=AXIS2_PLACEMENT_3D('',#4979,#3976,#3977);
#3414=AXIS2_PLACEMENT_3D('',#4988,#3978,#3979);
#3415=AXIS2_PLACEMENT_3D('',#4990,#3980,#3981);
#3416=AXIS2_PLACEMENT_3D('',#4991,#3982,#3983);
#3417=AXIS2_PLACEMENT_3D('',#5003,#3985,#3986);
#3418=AXIS2_PLACEMENT_3D('',#5012,#3987,#3988);
#3419=AXIS2_PLACEMENT_3D('',#5014,#3989,#3990);
#3420=AXIS2_PLACEMENT_3D('',#5015,#3991,#3992);
#3421=AXIS2_PLACEMENT_3D('',#5032,#3994,#3995);
#3422=AXIS2_PLACEMENT_3D('',#5033,#3996,#3997);
#3423=AXIS2_PLACEMENT_3D('',#5035,#3998,#3999);
#3424=AXIS2_PLACEMENT_3D('',#5036,#4000,#4001);
#3425=AXIS2_PLACEMENT_3D('',#5039,#4002,#4003);
#3426=AXIS2_PLACEMENT_3D('',#5055,#4004,#4005);
#3427=AXIS2_PLACEMENT_3D('',#5058,#4007,#4008);
#3428=AXIS2_PLACEMENT_3D('',#5059,#4009,#4010);
#3429=AXIS2_PLACEMENT_3D('',#5061,#4011,#4012);
#3430=AXIS2_PLACEMENT_3D('',#5062,#4013,#4014);
#3431=AXIS2_PLACEMENT_3D('',#5066,#4016,#4017);
#3432=AXIS2_PLACEMENT_3D('',#5070,#4019,#4020);
#3433=AXIS2_PLACEMENT_3D('',#5072,#4022,#4023);
#3434=AXIS2_PLACEMENT_3D('',#5074,#4024,#4025);
#3435=AXIS2_PLACEMENT_3D('',#5077,#4027,#4028);
#3436=AXIS2_PLACEMENT_3D('',#5078,#4029,#4030);
#3437=AXIS2_PLACEMENT_3D('',#5080,#4031,#4032);
#3438=AXIS2_PLACEMENT_3D('',#5083,#4034,#4035);
#3439=AXIS2_PLACEMENT_3D('',#5084,#4036,#4037);
#3440=AXIS2_PLACEMENT_3D('',#5088,#4039,#4040);
#3441=AXIS2_PLACEMENT_3D('',#5092,#4042,#4043);
#3442=AXIS2_PLACEMENT_3D('',#5094,#4045,#4046);
#3443=AXIS2_PLACEMENT_3D('',#5096,#4047,#4048);
#3444=AXIS2_PLACEMENT_3D('',#5098,#4050,#4051);
#3445=AXIS2_PLACEMENT_3D('',#5100,#4052,#4053);
#3446=AXIS2_PLACEMENT_3D('',#5102,#4055,#4056);
#3447=AXIS2_PLACEMENT_3D('',#5104,#4057,#4058);
#3448=AXIS2_PLACEMENT_3D('',#5106,#4060,#4061);
#3449=AXIS2_PLACEMENT_3D('',#5108,#4062,#4063);
#3450=AXIS2_PLACEMENT_3D('',#5110,#4065,#4066);
#3451=AXIS2_PLACEMENT_3D('',#5116,#4070,#4071);
#3452=AXIS2_PLACEMENT_3D('',#5120,#4074,#4075);
#3453=AXIS2_PLACEMENT_3D('',#5128,#4080,#4081);
#3454=AXIS2_PLACEMENT_3D('',#5137,#4086,#4087);
#3455=AXIS2_PLACEMENT_3D('',#5143,#4091,#4092);
#3456=AXIS2_PLACEMENT_3D('',#5149,#4096,#4097);
#3457=AXIS2_PLACEMENT_3D('',#5157,#4102,#4103);
#3458=AXIS2_PLACEMENT_3D('',#5163,#4107,#4108);
#3459=AXIS2_PLACEMENT_3D('',#5180,#4118,#4119);
#3460=AXIS2_PLACEMENT_3D('',#5189,#4124,#4125);
#3461=AXIS2_PLACEMENT_3D('',#5192,#4128,#4129);
#3462=AXIS2_PLACEMENT_3D('',#5198,#4133,#4134);
#3463=AXIS2_PLACEMENT_3D('',#5201,#4136,#4137);
#3464=AXIS2_PLACEMENT_3D('',#5202,#4138,#4139);
#3465=AXIS2_PLACEMENT_3D('',#5204,#4140,#4141);
#3466=AXIS2_PLACEMENT_3D('',#5206,#4143,#4144);
#3467=AXIS2_PLACEMENT_3D('',#5212,#4148,#4149);
#3468=AXIS2_PLACEMENT_3D('',#5216,#4152,#4153);
#3469=AXIS2_PLACEMENT_3D('',#5230,#4162,#4163);
#3470=AXIS2_PLACEMENT_3D('',#5232,#4165,#4166);
#3471=AXIS2_PLACEMENT_3D('',#5234,#4168,#4169);
#3472=AXIS2_PLACEMENT_3D('',#5236,#4171,#4172);
#3473=AXIS2_PLACEMENT_3D('',#5238,#4173,#4174);
#3474=AXIS2_PLACEMENT_3D('',#5242,#4176,#4177);
#3475=AXIS2_PLACEMENT_3D('',#5248,#4181,#4182);
#3476=AXIS2_PLACEMENT_3D('',#5256,#4186,#4187);
#3477=AXIS2_PLACEMENT_3D('',#5259,#4189,#4190);
#3478=AXIS2_PLACEMENT_3D('',#5260,#4191,#4192);
#3479=AXIS2_PLACEMENT_3D('',#5262,#4193,#4194);
#3480=AXIS2_PLACEMENT_3D('',#5265,#4196,#4197);
#3481=AXIS2_PLACEMENT_3D('',#5266,#4198,#4199);
#3482=AXIS2_PLACEMENT_3D('',#5267,#4200,#4201);
#3483=AXIS2_PLACEMENT_3D('',#5269,#4202,#4203);
#3484=AXIS2_PLACEMENT_3D('',#5272,#4205,#4206);
#3485=AXIS2_PLACEMENT_3D('',#5273,#4207,#4208);
#3486=AXIS2_PLACEMENT_3D('',#5274,#4209,#4210);
#3487=AXIS2_PLACEMENT_3D('',#5276,#4211,#4212);
#3488=AXIS2_PLACEMENT_3D('',#5279,#4214,#4215);
#3489=AXIS2_PLACEMENT_3D('',#5280,#4216,#4217);
#3490=AXIS2_PLACEMENT_3D('',#5281,#4218,#4219);
#3491=AXIS2_PLACEMENT_3D('',#5283,#4220,#4221);
#3492=AXIS2_PLACEMENT_3D('',#5286,#4223,#4224);
#3493=AXIS2_PLACEMENT_3D('',#5287,#4225,#4226);
#3494=AXIS2_PLACEMENT_3D('',#5288,#4227,#4228);
#3495=AXIS2_PLACEMENT_3D('',#5297,#4233,#4234);
#3496=AXIS2_PLACEMENT_3D('',#5303,#4238,#4239);
#3497=AXIS2_PLACEMENT_3D('',#5312,#4244,#4245);
#3498=AXIS2_PLACEMENT_3D('',#5320,#4249,#4250);
#3499=AXIS2_PLACEMENT_3D('',#5332,#4256,#4257);
#3500=AXIS2_PLACEMENT_3D('',#5334,#4259,#4260);
#3501=AXIS2_PLACEMENT_3D('',#5337,#4263,#4264);
#3502=AXIS2_PLACEMENT_3D('',#5343,#4268,#4269);
#3503=AXIS2_PLACEMENT_3D('',#5345,#4271,#4272);
#3504=AXIS2_PLACEMENT_3D('',#5351,#4276,#4277);
#3505=AXIS2_PLACEMENT_3D('',#5355,#4280,#4281);
#3506=AXIS2_PLACEMENT_3D('',#5359,#4283,#4284);
#3507=AXIS2_PLACEMENT_3D('',#5366,#4288,#4289);
#3508=AXIS2_PLACEMENT_3D('',#5370,#4292,#4293);
#3509=AXIS2_PLACEMENT_3D('',#5374,#4296,#4297);
#3510=AXIS2_PLACEMENT_3D('',#5380,#4301,#4302);
#3511=AXIS2_PLACEMENT_3D('',#5383,#4304,#4305);
#3512=AXIS2_PLACEMENT_3D('',#5384,#4306,#4307);
#3513=AXIS2_PLACEMENT_3D('',#5387,#4310,#4311);
#3514=AXIS2_PLACEMENT_3D('',#5389,#4313,#4314);
#3515=AXIS2_PLACEMENT_3D('',#5397,#4319,#4320);
#3516=AXIS2_PLACEMENT_3D('',#5400,#4322,#4323);
#3517=AXIS2_PLACEMENT_3D('',#5401,#4324,#4325);
#3518=AXIS2_PLACEMENT_3D('',#5404,#4328,#4329);
#3519=AXIS2_PLACEMENT_3D('',#5405,#4330,#4331);
#3520=AXIS2_PLACEMENT_3D('',#5409,#4333,#4334);
#3521=AXIS2_PLACEMENT_3D('',#5413,#4336,#4337);
#3522=AXIS2_PLACEMENT_3D('',#5417,#4339,#4340);
#3523=AXIS2_PLACEMENT_3D('',#5421,#4342,#4343);
#3524=AXIS2_PLACEMENT_3D('',#5424,#4346,#4347);
#3525=AXIS2_PLACEMENT_3D('',#5427,#4350,#4351);
#3526=AXIS2_PLACEMENT_3D('',#5429,#4353,#4354);
#3527=AXIS2_PLACEMENT_3D('',#5430,#4355,#4356);
#3528=AXIS2_PLACEMENT_3D('',#5431,#4357,#4358);
#3529=AXIS2_PLACEMENT_3D('',#5433,#4359,#4360);
#3530=AXIS2_PLACEMENT_3D('',#5434,#4361,#4362);
#3531=AXIS2_PLACEMENT_3D('',#5435,#4363,#4364);
#3532=AXIS2_PLACEMENT_3D('',#5437,#4365,#4366);
#3533=AXIS2_PLACEMENT_3D('',#5439,#4367,#4368);
#3534=AXIS2_PLACEMENT_3D('',#5440,#4369,#4370);
#3535=AXIS2_PLACEMENT_3D('',#5441,#4371,#4372);
#3536=AXIS2_PLACEMENT_3D('',#5444,#4375,#4376);
#3537=AXIS2_PLACEMENT_3D('',#5445,#4377,#4378);
#3538=AXIS2_PLACEMENT_3D('',#5446,#4379,#4380);
#3539=AXIS2_PLACEMENT_3D('',#5447,#4381,#4382);
#3540=AXIS2_PLACEMENT_3D('',#5449,#4383,#4384);
#3541=AXIS2_PLACEMENT_3D('',#5450,#4385,#4386);
#3542=AXIS2_PLACEMENT_3D('',#5451,#4387,#4388);
#3543=AXIS2_PLACEMENT_3D('',#5453,#4390,#4391);
#3544=AXIS2_PLACEMENT_3D('',#5456,#4392,#4393);
#3545=AXIS2_PLACEMENT_3D('',#5457,#4394,#4395);
#3546=AXIS2_PLACEMENT_3D('',#5458,#4396,#4397);
#3547=AXIS2_PLACEMENT_3D('',#5459,#4398,#4399);
#3548=AXIS2_PLACEMENT_3D('',#5460,#4400,#4401);
#3549=AXIS2_PLACEMENT_3D('',#5462,#4402,#4403);
#3550=AXIS2_PLACEMENT_3D('',#5463,#4404,#4405);
#3551=AXIS2_PLACEMENT_3D('',#5464,#4406,#4407);
#3552=AXIS2_PLACEMENT_3D('',#5466,#4409,#4410);
#3553=AXIS2_PLACEMENT_3D('',#5468,#4411,#4412);
#3554=AXIS2_PLACEMENT_3D('',#5470,#4413,#4414);
#3555=AXIS2_PLACEMENT_3D('',#5471,#4415,#4416);
#3556=AXIS2_PLACEMENT_3D('',#5472,#4417,#4418);
#3557=AXIS2_PLACEMENT_3D('',#5473,#4419,#4420);
#3558=AXIS2_PLACEMENT_3D('',#5474,#4421,#4422);
#3559=AXIS2_PLACEMENT_3D('',#5475,#4423,#4424);
#3560=AXIS2_PLACEMENT_3D('',#5476,#4425,#4426);
#3561=AXIS2_PLACEMENT_3D('',#5478,#4427,#4428);
#3562=AXIS2_PLACEMENT_3D('',#5479,#4429,#4430);
#3563=AXIS2_PLACEMENT_3D('',#5480,#4431,#4432);
#3564=AXIS2_PLACEMENT_3D('',#5483,#4435,#4436);
#3565=AXIS2_PLACEMENT_3D('',#5485,#4437,#4438);
#3566=AXIS2_PLACEMENT_3D('',#5486,#4439,#4440);
#3567=AXIS2_PLACEMENT_3D('',#5487,#4441,#4442);
#3568=AXIS2_PLACEMENT_3D('',#5488,#4443,#4444);
#3569=AXIS2_PLACEMENT_3D('',#5490,#4445,#4446);
#3570=AXIS2_PLACEMENT_3D('',#5491,#4447,#4448);
#3571=AXIS2_PLACEMENT_3D('',#5492,#4449,#4450);
#3572=AXIS2_PLACEMENT_3D('',#5493,#4451,#4452);
#3573=AXIS2_PLACEMENT_3D('',#5494,#4453,#4454);
#3574=AXIS2_PLACEMENT_3D('',#5496,#4455,#4456);
#3575=AXIS2_PLACEMENT_3D('',#5498,#4457,#4458);
#3576=AXIS2_PLACEMENT_3D('',#5499,#4459,#4460);
#3577=AXIS2_PLACEMENT_3D('',#5500,#4461,#4462);
#3578=AXIS2_PLACEMENT_3D('',#5501,#4463,#4464);
#3579=AXIS2_PLACEMENT_3D('',#5502,#4465,#4466);
#3580=AXIS2_PLACEMENT_3D('',#5503,#4467,#4468);
#3581=AXIS2_PLACEMENT_3D('',#5505,#4469,#4470);
#3582=AXIS2_PLACEMENT_3D('',#5506,#4471,#4472);
#3583=AXIS2_PLACEMENT_3D('',#5507,#4473,#4474);
#3584=AXIS2_PLACEMENT_3D('',#5509,#4475,#4476);
#3585=AXIS2_PLACEMENT_3D('',#5510,#4477,#4478);
#3586=AXIS2_PLACEMENT_3D('',#5511,#4479,#4480);
#3587=AXIS2_PLACEMENT_3D('',#5512,#4481,#4482);
#3588=AXIS2_PLACEMENT_3D('',#5514,#4483,#4484);
#3589=AXIS2_PLACEMENT_3D('',#5516,#4486,#4487);
#3590=AXIS2_PLACEMENT_3D('',#5518,#4488,#4489);
#3591=AXIS2_PLACEMENT_3D('',#5519,#4490,#4491);
#3592=AXIS2_PLACEMENT_3D('',#5520,#4492,#4493);
#3593=AXIS2_PLACEMENT_3D('',#5522,#4495,#4496);
#3594=AXIS2_PLACEMENT_3D('',#5523,#4497,#4498);
#3595=AXIS2_PLACEMENT_3D('',#5524,#4499,#4500);
#3596=AXIS2_PLACEMENT_3D('',#5525,#4501,#4502);
#3597=AXIS2_PLACEMENT_3D('',#5526,#4503,#4504);
#3598=AXIS2_PLACEMENT_3D('',#5528,#4506,#4507);
#3599=AXIS2_PLACEMENT_3D('',#5530,#4509,#4510);
#3600=AXIS2_PLACEMENT_3D('',#5533,#4513,#4514);
#3601=AXIS2_PLACEMENT_3D('',#5535,#4516,#4517);
#3602=AXIS2_PLACEMENT_3D('',#5536,#4518,#4519);
#3603=AXIS2_PLACEMENT_3D('',#5539,#4522,#4523);
#3604=AXIS2_PLACEMENT_3D('',#5541,#4525,#4526);
#3605=AXIS2_PLACEMENT_3D('',#5543,#4527,#4528);
#3606=AXIS2_PLACEMENT_3D('',#5545,#4530,#4531);
#3607=AXIS2_PLACEMENT_3D('',#5547,#4532,#4533);
#3608=AXIS2_PLACEMENT_3D('',#5548,#4534,#4535);
#3609=AXIS2_PLACEMENT_3D('',#5549,#4536,#4537);
#3610=AXIS2_PLACEMENT_3D('',#5551,#4539,#4540);
#3611=AXIS2_PLACEMENT_3D('',#5553,#4542,#4543);
#3612=AXIS2_PLACEMENT_3D('',#5555,#4545,#4546);
#3613=AXIS2_PLACEMENT_3D('',#5558,#4549,#4550);
#3614=AXIS2_PLACEMENT_3D('',#5560,#4552,#4553);
#3615=AXIS2_PLACEMENT_3D('',#5561,#4554,#4555);
#3616=AXIS2_PLACEMENT_3D('',#5564,#4558,#4559);
#3617=AXIS2_PLACEMENT_3D('',#5566,#4561,#4562);
#3618=AXIS2_PLACEMENT_3D('',#5568,#4564,#4565);
#3619=AXIS2_PLACEMENT_3D('',#5569,#4566,#4567);
#3620=AXIS2_PLACEMENT_3D('',#5570,#4568,#4569);
#3621=AXIS2_PLACEMENT_3D('',#5572,#4571,#4572);
#3622=AXIS2_PLACEMENT_3D('',#5574,#4574,#4575);
#3623=AXIS2_PLACEMENT_3D('',#5575,#4576,#4577);
#3624=AXIS2_PLACEMENT_3D('',#5576,#4578,#4579);
#3625=AXIS2_PLACEMENT_3D('',#5578,#4581,#4582);
#3626=AXIS2_PLACEMENT_3D('',#5580,#4584,#4585);
#3627=AXIS2_PLACEMENT_3D('',#5581,#4586,#4587);
#3628=AXIS2_PLACEMENT_3D('',#5582,#4588,#4589);
#3629=DIRECTION('axis',(0.,0.,1.));
#3630=DIRECTION('refdir',(1.,0.,0.));
#3631=DIRECTION('center_axis',(0.,0.,-1.));
#3632=DIRECTION('ref_axis',(-1.,0.,0.));
#3633=DIRECTION('center_axis',(0.,0.,-1.));
#3634=DIRECTION('ref_axis',(-1.,0.,0.));
#3635=DIRECTION('',(0.766044443118978,9.38133875270273E-17,-0.64278760968654));
#3636=DIRECTION('center_axis',(0.,0.,1.));
#3637=DIRECTION('ref_axis',(-1.,0.,0.));
#3638=DIRECTION('center_axis',(0.,0.,1.));
#3639=DIRECTION('ref_axis',(-1.,0.,0.));
#3640=DIRECTION('',(0.,0.,-1.));
#3641=DIRECTION('center_axis',(0.,1.42285613693505E-15,-1.));
#3642=DIRECTION('ref_axis',(-1.,0.,0.));
#3643=DIRECTION('center_axis',(0.,0.,1.));
#3644=DIRECTION('ref_axis',(-1.,0.,0.));
#3645=DIRECTION('center_axis',(0.,0.,-1.));
#3646=DIRECTION('ref_axis',(-1.,0.,0.));
#3647=DIRECTION('center_axis',(0.,0.,-1.));
#3648=DIRECTION('ref_axis',(-1.,0.,0.));
#3649=DIRECTION('',(0.766044443118978,9.38133875270273E-17,-0.64278760968654));
#3650=DIRECTION('center_axis',(0.,0.,1.));
#3651=DIRECTION('ref_axis',(-1.,0.,0.));
#3652=DIRECTION('center_axis',(0.,0.,1.));
#3653=DIRECTION('ref_axis',(-1.,0.,0.));
#3654=DIRECTION('',(0.,0.,-1.));
#3655=DIRECTION('center_axis',(0.,1.42285613693505E-15,-1.));
#3656=DIRECTION('ref_axis',(-1.,0.,0.));
#3657=DIRECTION('center_axis',(0.,0.,1.));
#3658=DIRECTION('ref_axis',(-1.,0.,0.));
#3659=DIRECTION('center_axis',(0.,0.,-1.));
#3660=DIRECTION('ref_axis',(-1.,0.,0.));
#3661=DIRECTION('center_axis',(0.,0.,-1.));
#3662=DIRECTION('ref_axis',(-1.,0.,0.));
#3663=DIRECTION('',(0.766044443118978,9.38133875270273E-17,-0.64278760968654));
#3664=DIRECTION('center_axis',(0.,0.,1.));
#3665=DIRECTION('ref_axis',(-1.,0.,0.));
#3666=DIRECTION('center_axis',(0.,0.,1.));
#3667=DIRECTION('ref_axis',(-1.,0.,0.));
#3668=DIRECTION('',(0.,0.,-1.));
#3669=DIRECTION('center_axis',(0.,1.42285613693505E-15,-1.));
#3670=DIRECTION('ref_axis',(-1.,0.,0.));
#3671=DIRECTION('center_axis',(0.,0.,1.));
#3672=DIRECTION('ref_axis',(-1.,0.,0.));
#3673=DIRECTION('center_axis',(0.,0.,-1.));
#3674=DIRECTION('ref_axis',(-1.,0.,0.));
#3675=DIRECTION('center_axis',(0.,0.,-1.));
#3676=DIRECTION('ref_axis',(-1.,0.,0.));
#3677=DIRECTION('',(0.766044443118978,9.38133875270273E-17,-0.64278760968654));
#3678=DIRECTION('center_axis',(0.,0.,1.));
#3679=DIRECTION('ref_axis',(-1.,0.,0.));
#3680=DIRECTION('center_axis',(0.,0.,1.));
#3681=DIRECTION('ref_axis',(-1.,0.,0.));
#3682=DIRECTION('',(0.,0.,-1.));
#3683=DIRECTION('center_axis',(0.,1.42285613693505E-15,-1.));
#3684=DIRECTION('ref_axis',(-1.,0.,0.));
#3685=DIRECTION('center_axis',(0.,0.,1.));
#3686=DIRECTION('ref_axis',(-1.,0.,0.));
#3687=DIRECTION('center_axis',(0.,0.,-1.));
#3688=DIRECTION('ref_axis',(0.707106781186546,-0.707106781186549,0.));
#3689=DIRECTION('center_axis',(0.,-1.42285613693505E-15,1.));
#3690=DIRECTION('ref_axis',(0.707106781186546,-0.707106781186549,0.));
#3691=DIRECTION('',(0.,0.,1.));
#3692=DIRECTION('center_axis',(0.,1.42285613693505E-15,-1.));
#3693=DIRECTION('ref_axis',(0.707106781186546,-0.707106781186549,0.));
#3694=DIRECTION('',(0.,0.,-1.));
#3695=DIRECTION('center_axis',(-1.,0.,0.));
#3696=DIRECTION('ref_axis',(0.,1.,0.));
#3697=DIRECTION('',(0.,-1.,-1.42285613693505E-15));
#3698=DIRECTION('',(0.,0.,-1.));
#3699=DIRECTION('',(0.,1.,1.42285613693505E-15));
#3700=DIRECTION('center_axis',(0.,1.42285613693505E-15,-1.));
#3701=DIRECTION('ref_axis',(0.,1.,1.42285613693505E-15));
#3702=DIRECTION('',(-0.481242240933735,0.876587648521856,1.24725811526079E-15));
#3703=DIRECTION('center_axis',(0.,1.42285613693505E-15,-1.));
#3704=DIRECTION('ref_axis',(-0.00104938161490542,-0.999999449398962,-1.42285535350898E-15));
#3705=DIRECTION('',(-0.483080929955572,-0.87557570495832,-1.24581826515118E-15));
#3706=DIRECTION('',(-1.,0.,0.));
#3707=DIRECTION('',(0.,1.,1.42285613693505E-15));
#3708=DIRECTION('',(1.,0.,0.));
#3709=DIRECTION('',(0.482183709660471,-0.876070128550258,-1.24652175879321E-15));
#3710=DIRECTION('center_axis',(0.,1.42285613693505E-15,-1.));
#3711=DIRECTION('ref_axis',(-5.55111512312578E-16,1.,1.42285613693505E-15));
#3712=DIRECTION('',(0.482183709660472,0.876070128550258,1.24652175879321E-15));
#3713=DIRECTION('',(1.,0.,0.));
#3714=DIRECTION('',(0.,-1.,-1.42285613693505E-15));
#3715=DIRECTION('',(-1.,0.,0.));
#3716=DIRECTION('',(-1.,0.,0.));
#3717=DIRECTION('',(0.,-1.,-1.42285613693505E-15));
#3718=DIRECTION('',(1.,0.,0.));
#3719=DIRECTION('',(0.,1.,1.42285613693505E-15));
#3720=DIRECTION('',(-1.,0.,0.));
#3721=DIRECTION('center_axis',(0.,-1.42285613693505E-15,1.));
#3722=DIRECTION('ref_axis',(-0.707106781186551,-0.707106781186544,0.));
#3723=DIRECTION('',(0.,1.,1.42285613693505E-15));
#3724=DIRECTION('',(-1.,0.,0.));
#3725=DIRECTION('center_axis',(0.,1.42285613693505E-15,-1.));
#3726=DIRECTION('ref_axis',(1.,0.,0.));
#3727=DIRECTION('center_axis',(0.,0.,-1.));
#3728=DIRECTION('ref_axis',(-0.707106781186551,-0.707106781186544,0.));
#3729=DIRECTION('',(0.,0.,1.));
#3730=DIRECTION('center_axis',(0.,1.42285613693505E-15,-1.));
#3731=DIRECTION('ref_axis',(-0.707106781186551,-0.707106781186544,0.));
#3732=DIRECTION('',(0.,0.,-1.));
#3733=DIRECTION('center_axis',(1.,0.,0.));
#3734=DIRECTION('ref_axis',(0.,-1.,0.));
#3735=DIRECTION('',(0.,-1.,-1.42285613693505E-15));
#3736=DIRECTION('',(0.,0.,-1.));
#3737=DIRECTION('center_axis',(-1.,0.,0.));
#3738=DIRECTION('ref_axis',(0.,1.,0.));
#3739=DIRECTION('',(0.,1.,1.42285613693505E-15));
#3740=DIRECTION('',(0.,0.,-1.));
#3741=DIRECTION('',(0.,1.,0.));
#3742=DIRECTION('',(0.,0.,-1.));
#3743=DIRECTION('center_axis',(-1.33440267382831E-16,-1.,0.));
#3744=DIRECTION('ref_axis',(-1.,1.33440267382831E-16,0.));
#3745=DIRECTION('',(-1.,1.33440267382831E-16,1.89866303359915E-31));
#3746=DIRECTION('',(0.,0.,-1.));
#3747=DIRECTION('',(-1.,1.33440267382831E-16,0.));
#3748=DIRECTION('center_axis',(1.,0.,0.));
#3749=DIRECTION('ref_axis',(0.,-1.,0.));
#3750=DIRECTION('',(0.,-1.,-1.42285613693505E-15));
#3751=DIRECTION('',(0.,0.,1.));
#3752=DIRECTION('',(0.,-1.,0.));
#3753=DIRECTION('center_axis',(0.,0.,-1.));
#3754=DIRECTION('ref_axis',(-1.,0.,0.));
#3755=DIRECTION('',(1.,0.,0.));
#3756=DIRECTION('center_axis',(0.,-1.,0.));
#3757=DIRECTION('ref_axis',(-1.,0.,0.));
#3758=DIRECTION('',(-1.,0.,0.));
#3759=DIRECTION('',(0.,0.,-1.));
#3760=DIRECTION('',(0.,0.,-1.));
#3761=DIRECTION('',(-1.,0.,0.));
#3762=DIRECTION('center_axis',(-1.,0.,0.));
#3763=DIRECTION('ref_axis',(0.,1.,0.));
#3764=DIRECTION('',(0.,0.,-1.));
#3765=DIRECTION('',(0.,1.,1.42285613693505E-15));
#3766=DIRECTION('center_axis',(1.,0.,0.));
#3767=DIRECTION('ref_axis',(0.,-1.,0.));
#3768=DIRECTION('',(0.,-1.,-1.42285613693505E-15));
#3769=DIRECTION('',(0.,0.,-1.));
#3770=DIRECTION('center_axis',(0.,1.,0.));
#3771=DIRECTION('ref_axis',(1.,0.,0.));
#3772=DIRECTION('',(1.,0.,0.));
#3773=DIRECTION('center_axis',(0.,1.,0.));
#3774=DIRECTION('ref_axis',(1.,0.,0.));
#3775=DIRECTION('',(1.,0.,0.));
#3776=DIRECTION('center_axis',(0.,1.,0.));
#3777=DIRECTION('ref_axis',(1.,0.,0.));
#3778=DIRECTION('',(1.,0.,0.));
#3779=DIRECTION('center_axis',(-0.707106781186538,-0.500000000000007,0.500000000000007));
#3780=DIRECTION('ref_axis',(0.577350269189636,0.,0.816496580927719));
#3781=DIRECTION('',(-0.707106781186557,0.499999999999993,-0.499999999999993));
#3782=DIRECTION('',(0.,0.707106781186547,0.707106781186548));
#3783=DIRECTION('',(0.707106781186557,-0.499999999999993,0.499999999999993));
#3784=DIRECTION('',(0.,-0.707106781186547,-0.707106781186548));
#3785=DIRECTION('center_axis',(1.,0.,0.));
#3786=DIRECTION('ref_axis',(0.,-0.707106781186547,-0.707106781186548));
#3787=DIRECTION('',(0.,0.707106781186548,-0.707106781186547));
#3788=DIRECTION('',(0.,0.707106781186547,0.707106781186548));
#3789=DIRECTION('',(0.,0.707106781186548,-0.707106781186547));
#3790=DIRECTION('center_axis',(0.707106781186543,-0.500000000000003,0.500000000000003));
#3791=DIRECTION('ref_axis',(0.57735026918963,0.,-0.816496580927723));
#3792=DIRECTION('',(0.707106781186552,0.499999999999997,-0.499999999999997));
#3793=DIRECTION('',(0.,-0.707106781186547,-0.707106781186548));
#3794=DIRECTION('',(-0.707106781186552,-0.499999999999997,0.499999999999997));
#3795=DIRECTION('',(0.,0.707106781186547,0.707106781186548));
#3796=DIRECTION('center_axis',(-1.,0.,0.));
#3797=DIRECTION('ref_axis',(0.,0.707106781186547,0.707106781186548));
#3798=DIRECTION('',(0.,0.707106781186548,-0.707106781186547));
#3799=DIRECTION('',(0.,-0.707106781186547,-0.707106781186548));
#3800=DIRECTION('',(0.,0.707106781186548,-0.707106781186547));
#3801=DIRECTION('center_axis',(0.,0.999687255538428,-0.0250078210575556));
#3802=DIRECTION('ref_axis',(0.,0.0250078210575556,0.999687255538428));
#3803=DIRECTION('',(-0.567480306535025,0.0205911139966952,0.823129459878147));
#3804=DIRECTION('',(-1.,0.,0.));
#3805=DIRECTION('',(-0.567480306535031,-0.0205911139966951,-0.823129459878143));
#3806=DIRECTION('',(1.,0.,0.));
#3807=DIRECTION('center_axis',(0.,-0.707106781186547,-0.707106781186548));
#3808=DIRECTION('ref_axis',(-1.,0.,0.));
#3809=DIRECTION('',(-1.,0.,0.));
#3810=DIRECTION('center_axis',(0.707106781186532,0.500000000000011,-0.50000000000001));
#3811=DIRECTION('ref_axis',(-0.577350269189642,0.,-0.816496580927714));
#3812=DIRECTION('center_axis',(-0.707106781186532,-0.500000000000011,0.50000000000001));
#3813=DIRECTION('ref_axis',(0.408248290463866,0.288675134594826,0.866025403784433));
#3814=DIRECTION('',(0.577350269189637,-0.816496580927718,-2.56395024851146E-14));
#3815=DIRECTION('center_axis',(0.707106781186532,0.500000000000011,-0.50000000000001));
#3816=DIRECTION('ref_axis',(-0.707106781186563,0.49999999999999,-0.499999999999989));
#3817=DIRECTION('',(0.,0.707106781186547,0.707106781186548));
#3818=DIRECTION('center_axis',(-0.707106781186538,0.500000000000007,-0.500000000000007));
#3819=DIRECTION('ref_axis',(-0.577350269189636,0.,0.816496580927719));
#3820=DIRECTION('',(0.,-0.707106781186547,-0.707106781186548));
#3821=DIRECTION('center_axis',(-0.707106781186538,0.500000000000007,-0.500000000000007));
#3822=DIRECTION('ref_axis',(0.707106781186557,0.499999999999993,-0.499999999999993));
#3823=DIRECTION('',(0.577350269189624,0.816496580927727,1.92296268638356E-14));
#3824=DIRECTION('center_axis',(0.,-7.85046229341859E-15,-1.));
#3825=DIRECTION('ref_axis',(-1.,0.,0.));
#3826=DIRECTION('center_axis',(0.,7.85046229341859E-15,1.));
#3827=DIRECTION('ref_axis',(1.,0.,0.));
#3828=DIRECTION('',(1.,0.,0.));
#3829=DIRECTION('',(-1.,0.,0.));
#3830=DIRECTION('center_axis',(0.,0.707106781186548,-0.707106781186547));
#3831=DIRECTION('ref_axis',(0.,0.707106781186547,0.707106781186548));
#3832=DIRECTION('center_axis',(0.,-0.707106781186548,0.707106781186547));
#3833=DIRECTION('ref_axis',(0.,0.707106781186547,0.707106781186548));
#3834=DIRECTION('',(0.,-0.707106781186547,-0.707106781186548));
#3835=DIRECTION('',(-1.,0.,0.));
#3836=DIRECTION('',(-0.361886816564667,0.65918052610673,0.659180526106731));
#3837=DIRECTION('',(1.,0.,0.));
#3838=DIRECTION('center_axis',(0.,0.707106781186548,-0.707106781186547));
#3839=DIRECTION('ref_axis',(0.,0.707106781186547,0.707106781186548));
#3840=DIRECTION('',(1.,0.,0.));
#3841=DIRECTION('',(0.,-0.707106781186547,-0.707106781186548));
#3842=DIRECTION('center_axis',(0.,-0.707106781186548,0.707106781186547));
#3843=DIRECTION('ref_axis',(0.,0.707106781186547,0.707106781186548));
#3844=DIRECTION('center_axis',(0.,0.707106781186547,0.707106781186548));
#3845=DIRECTION('ref_axis',(1.,0.,0.));
#3846=DIRECTION('',(1.,0.,0.));
#3847=DIRECTION('',(-1.,0.,0.));
#3848=DIRECTION('center_axis',(-0.707106781186572,-0.499999999999983,-0.499999999999981));
#3849=DIRECTION('ref_axis',(-0.577350269189598,0.,0.816496580927746));
#3850=DIRECTION('',(0.,-0.707106781186546,0.707106781186549));
#3851=DIRECTION('',(-0.577350269189596,0.816496580927747,-6.40987562127864E-15));
#3852=DIRECTION('',(0.,0.707106781186546,-0.707106781186549));
#3853=DIRECTION('',(0.577350269189599,0.,-0.816496580927745));
#3854=DIRECTION('center_axis',(5.16477782461769E-17,0.,-1.));
#3855=DIRECTION('ref_axis',(-1.,0.,-5.16477782461769E-17));
#3856=DIRECTION('',(-1.,5.16477782461767E-17,-5.16477782461769E-17));
#3857=DIRECTION('',(0.577350269189616,0.816496580927733,-6.40987562127857E-15));
#3858=DIRECTION('',(1.,-5.16477782461767E-17,5.16477782461769E-17));
#3859=DIRECTION('center_axis',(0.707106781186557,-0.499999999999995,-0.499999999999993));
#3860=DIRECTION('ref_axis',(-0.577350269189615,0.,-0.816496580927734));
#3861=DIRECTION('',(0.,0.707106781186546,-0.707106781186549));
#3862=DIRECTION('',(0.577350269189616,0.,0.816496580927733));
#3863=DIRECTION('',(0.,-0.707106781186546,0.707106781186549));
#3864=DIRECTION('center_axis',(0.,-1.,0.));
#3865=DIRECTION('ref_axis',(0.,0.,-1.));
#3866=DIRECTION('',(-1.,0.,0.));
#3867=DIRECTION('',(1.,0.,0.));
#3868=DIRECTION('center_axis',(0.,0.707106781186546,-0.707106781186549));
#3869=DIRECTION('ref_axis',(-1.,0.,0.));
#3870=DIRECTION('',(0.,0.707106781186549,0.707106781186546));
#3871=DIRECTION('',(1.,0.,0.));
#3872=DIRECTION('',(0.,0.707106781186549,0.707106781186546));
#3873=DIRECTION('center_axis',(1.,0.,0.));
#3874=DIRECTION('ref_axis',(0.,0.707106781186546,-0.707106781186549));
#3875=DIRECTION('',(0.,0.707106781186549,0.707106781186546));
#3876=DIRECTION('',(0.,-0.707106781186546,0.707106781186549));
#3877=DIRECTION('center_axis',(0.,-0.707106781186549,-0.707106781186546));
#3878=DIRECTION('ref_axis',(0.,0.707106781186546,-0.707106781186549));
#3879=DIRECTION('center_axis',(0.,0.707106781186549,0.707106781186546));
#3880=DIRECTION('ref_axis',(0.,0.707106781186546,-0.707106781186549));
#3881=DIRECTION('center_axis',(0.,0.707106781186549,0.707106781186546));
#3882=DIRECTION('ref_axis',(0.,0.707106781186546,-0.707106781186549));
#3883=DIRECTION('',(0.,0.707106781186546,-0.707106781186549));
#3884=DIRECTION('',(1.,0.,0.));
#3885=DIRECTION('',(0.362687811942553,-0.658960374783006,0.658960374783009));
#3886=DIRECTION('',(-1.,0.,0.));
#3887=DIRECTION('',(0.,0.707106781186546,-0.707106781186549));
#3888=DIRECTION('',(-1.,0.,0.));
#3889=DIRECTION('',(0.,-0.707106781186546,0.707106781186549));
#3890=DIRECTION('',(1.,0.,0.));
#3891=DIRECTION('',(0.,0.707106781186546,-0.707106781186549));
#3892=DIRECTION('center_axis',(0.,0.,-1.));
#3893=DIRECTION('ref_axis',(-1.,0.,0.));
#3894=DIRECTION('',(0.577350269189624,0.816496580927727,-6.40987562127853E-15));
#3895=DIRECTION('',(1.,0.,0.));
#3896=DIRECTION('',(0.577350269189613,-0.816496580927735,0.));
#3897=DIRECTION('center_axis',(0.707106781186549,-0.5,-0.499999999999998));
#3898=DIRECTION('ref_axis',(-0.577350269189624,0.,-0.816496580927727));
#3899=DIRECTION('',(0.577350269189624,0.,0.816496580927727));
#3900=DIRECTION('',(0.,-0.707106781186546,0.707106781186549));
#3901=DIRECTION('center_axis',(0.,-1.,0.));
#3902=DIRECTION('ref_axis',(0.,0.,-1.));
#3903=DIRECTION('',(-0.577350269189622,-6.40987562127864E-15,0.816496580927729));
#3904=DIRECTION('',(-1.,0.,0.));
#3905=DIRECTION('center_axis',(-0.707106781186557,-0.499999999999995,-0.499999999999993));
#3906=DIRECTION('ref_axis',(-0.577350269189615,0.,0.816496580927734));
#3907=DIRECTION('',(0.,0.707106781186546,-0.707106781186549));
#3908=DIRECTION('center_axis',(1.,0.,0.));
#3909=DIRECTION('ref_axis',(0.,0.707106781186546,-0.707106781186549));
#3910=DIRECTION('',(0.,0.707106781186549,0.707106781186546));
#3911=DIRECTION('',(0.,-0.707106781186546,0.707106781186549));
#3912=DIRECTION('',(0.,0.707106781186549,0.707106781186546));
#3913=DIRECTION('center_axis',(0.,-0.707106781186546,0.707106781186549));
#3914=DIRECTION('ref_axis',(1.,0.,0.));
#3915=DIRECTION('',(0.,0.707106781186549,0.707106781186546));
#3916=DIRECTION('',(-1.,0.,0.));
#3917=DIRECTION('center_axis',(0.,1.,-7.85046229341884E-15));
#3918=DIRECTION('ref_axis',(0.,7.85046229341884E-15,1.));
#3919=DIRECTION('',(1.,0.,0.));
#3920=DIRECTION('',(-0.577350269189616,0.,-0.816496580927733));
#3921=DIRECTION('',(-0.577350269189624,0.,0.816496580927727));
#3922=DIRECTION('center_axis',(0.707106781186549,0.5,0.499999999999998));
#3923=DIRECTION('ref_axis',(0.577350269189624,0.,-0.816496580927727));
#3924=DIRECTION('',(0.,0.707106781186546,-0.707106781186549));
#3925=DIRECTION('',(-0.577350269189628,0.816496580927725,6.40987562127856E-15));
#3926=DIRECTION('',(0.,-0.707106781186546,0.707106781186549));
#3927=DIRECTION('center_axis',(0.,-1.57009245868377E-14,1.));
#3928=DIRECTION('ref_axis',(1.,0.,0.));
#3929=DIRECTION('',(-1.,0.,0.));
#3930=DIRECTION('',(1.,0.,0.));
#3931=DIRECTION('',(0.577350269189622,0.816496580927729,0.));
#3932=DIRECTION('center_axis',(-0.707106781186554,0.499999999999997,0.499999999999995));
#3933=DIRECTION('ref_axis',(0.577350269189618,0.,0.816496580927731));
#3934=DIRECTION('',(0.,0.707106781186546,-0.707106781186549));
#3935=DIRECTION('center_axis',(-1.,0.,0.));
#3936=DIRECTION('ref_axis',(0.,-0.707106781186546,0.707106781186549));
#3937=DIRECTION('',(0.,0.707106781186549,0.707106781186546));
#3938=DIRECTION('center_axis',(0.,-0.707106781186549,-0.707106781186546));
#3939=DIRECTION('ref_axis',(0.,0.707106781186546,-0.707106781186549));
#3940=DIRECTION('',(1.,0.,0.));
#3941=DIRECTION('',(0.,0.707106781186546,-0.707106781186549));
#3942=DIRECTION('',(1.,0.,0.));
#3943=DIRECTION('',(0.362687811942553,-0.658960374783006,0.658960374783009));
#3944=DIRECTION('',(-1.,0.,0.));
#3945=DIRECTION('',(0.,0.707106781186546,-0.707106781186549));
#3946=DIRECTION('',(0.,0.707106781186546,-0.707106781186549));
#3947=DIRECTION('',(1.,-5.16477782461767E-17,5.16477782461769E-17));
#3948=DIRECTION('',(0.,-0.707106781186546,0.707106781186549));
#3949=DIRECTION('',(-1.,0.,0.));
#3950=DIRECTION('center_axis',(-0.70710678118657,0.499999999999985,0.499999999999984));
#3951=DIRECTION('ref_axis',(0.577350269189601,0.,0.816496580927743));
#3952=DIRECTION('',(-0.577350269189602,-0.816496580927743,-6.4098756212787E-15));
#3953=DIRECTION('',(0.577350269189596,-6.40987562127864E-15,0.816496580927747));
#3954=DIRECTION('center_axis',(5.16477782461767E-17,1.,0.));
#3955=DIRECTION('ref_axis',(0.,0.,1.));
#3956=DIRECTION('',(-1.,5.16477782461767E-17,-5.16477782461769E-17));
#3957=DIRECTION('',(-0.577350269189613,-6.40987562127854E-15,0.816496580927735));
#3958=DIRECTION('center_axis',(0.707106781186557,0.499999999999995,0.499999999999993));
#3959=DIRECTION('ref_axis',(0.577350269189615,0.,-0.816496580927734));
#3960=DIRECTION('',(0.,0.707106781186546,-0.707106781186549));
#3961=DIRECTION('',(-0.577350269189619,0.816496580927731,6.40987562127861E-15));
#3962=DIRECTION('center_axis',(0.,-1.57009245868377E-14,1.));
#3963=DIRECTION('ref_axis',(1.,0.,0.));
#3964=DIRECTION('center_axis',(-7.30409884621814E-17,-0.707106781186546,
0.707106781186549));
#3965=DIRECTION('ref_axis',(1.,-5.16477782461767E-17,5.16477782461769E-17));
#3966=DIRECTION('',(0.,0.707106781186549,0.707106781186546));
#3967=DIRECTION('center_axis',(0.,0.707106781186546,-0.707106781186549));
#3968=DIRECTION('ref_axis',(-1.,0.,0.));
#3969=DIRECTION('center_axis',(-1.,0.,0.));
#3970=DIRECTION('ref_axis',(0.,-0.707106781186546,0.707106781186549));
#3971=DIRECTION('center_axis',(0.,-1.3356066461656E-15,1.));
#3972=DIRECTION('ref_axis',(1.,0.,0.));
#3973=DIRECTION('center_axis',(0.,0.707106781186549,0.707106781186546));
#3974=DIRECTION('ref_axis',(0.,0.707106781186546,-0.707106781186549));
#3975=DIRECTION('',(0.,-1.3356066461656E-15,1.));
#3976=DIRECTION('center_axis',(0.,-1.34380857377199E-15,1.));
#3977=DIRECTION('ref_axis',(1.,0.,0.));
#3978=DIRECTION('center_axis',(0.,1.34380857377199E-15,-1.));
#3979=DIRECTION('ref_axis',(1.,0.,0.));
#3980=DIRECTION('center_axis',(0.,1.34380857377199E-15,-1.));
#3981=DIRECTION('ref_axis',(-1.,0.,0.));
#3982=DIRECTION('center_axis',(0.,-1.3356066461656E-15,1.));
#3983=DIRECTION('ref_axis',(1.,0.,0.));
#3984=DIRECTION('',(0.,-1.3356066461656E-15,1.));
#3985=DIRECTION('center_axis',(0.,-1.34380857377199E-15,1.));
#3986=DIRECTION('ref_axis',(1.,0.,0.));
#3987=DIRECTION('center_axis',(0.,1.34380857377199E-15,-1.));
#3988=DIRECTION('ref_axis',(1.,0.,0.));
#3989=DIRECTION('center_axis',(0.,1.34380857377199E-15,-1.));
#3990=DIRECTION('ref_axis',(-1.,0.,0.));
#3991=DIRECTION('center_axis',(0.,-1.3356066461656E-15,1.));
#3992=DIRECTION('ref_axis',(1.,0.,0.));
#3993=DIRECTION('',(0.,-1.3356066461656E-15,1.));
#3994=DIRECTION('center_axis',(0.,-1.34380857377199E-15,1.));
#3995=DIRECTION('ref_axis',(1.,0.,0.));
#3996=DIRECTION('center_axis',(0.,1.34380857377199E-15,-1.));
#3997=DIRECTION('ref_axis',(1.,0.,0.));
#3998=DIRECTION('center_axis',(0.,1.34380857377199E-15,-1.));
#3999=DIRECTION('ref_axis',(-1.,0.,0.));
#4000=DIRECTION('center_axis',(0.,-1.3356066461656E-15,1.));
#4001=DIRECTION('ref_axis',(1.,0.,0.));
#4002=DIRECTION('center_axis',(0.,-0.707106781186548,0.707106781186547));
#4003=DIRECTION('ref_axis',(0.,0.707106781186547,0.707106781186548));
#4004=DIRECTION('center_axis',(0.,-0.707106781186548,0.707106781186547));
#4005=DIRECTION('ref_axis',(0.,0.707106781186547,0.707106781186548));
#4006=DIRECTION('',(0.,-1.3356066461656E-15,1.));
#4007=DIRECTION('center_axis',(0.,-1.34380857377199E-15,1.));
#4008=DIRECTION('ref_axis',(1.,0.,0.));
#4009=DIRECTION('center_axis',(0.,1.34380857377199E-15,-1.));
#4010=DIRECTION('ref_axis',(1.,0.,0.));
#4011=DIRECTION('center_axis',(0.,1.34380857377199E-15,-1.));
#4012=DIRECTION('ref_axis',(-1.,0.,0.));
#4013=DIRECTION('center_axis',(0.,0.707106781186546,-0.707106781186549));
#4014=DIRECTION('ref_axis',(-0.707106781186547,-0.500000000000002,-0.499999999999999));
#4015=DIRECTION('',(0.,-0.707106781186546,0.707106781186549));
#4016=DIRECTION('center_axis',(1.57009245868378E-15,-0.707106781186546,
0.707106781186549));
#4017=DIRECTION('ref_axis',(0.,-0.707106781186549,-0.707106781186546));
#4018=DIRECTION('',(0.,0.707106781186546,-0.707106781186549));
#4019=DIRECTION('center_axis',(0.,0.707106781186548,-0.707106781186548));
#4020=DIRECTION('ref_axis',(-1.,0.,0.));
#4021=DIRECTION('',(0.,-0.707106781186546,0.707106781186549));
#4022=DIRECTION('center_axis',(0.,0.707106781186547,0.707106781186548));
#4023=DIRECTION('ref_axis',(-0.707106781186548,0.499999999999999,-0.499999999999999));
#4024=DIRECTION('center_axis',(0.,-0.707106781186548,-0.707106781186548));
#4025=DIRECTION('ref_axis',(0.,0.707106781186548,-0.707106781186548));
#4026=DIRECTION('',(0.,0.707106781186547,0.707106781186548));
#4027=DIRECTION('center_axis',(0.,0.707106781186546,0.707106781186549));
#4028=DIRECTION('ref_axis',(-1.,0.,0.));
#4029=DIRECTION('center_axis',(0.,-0.707106781186546,0.707106781186549));
#4030=DIRECTION('ref_axis',(0.707106781186549,-0.5,-0.499999999999997));
#4031=DIRECTION('center_axis',(2.35513868802566E-15,0.707106781186546,-0.707106781186549));
#4032=DIRECTION('ref_axis',(0.,-0.707106781186549,-0.707106781186546));
#4033=DIRECTION('',(0.,-0.707106781186546,0.707106781186549));
#4034=DIRECTION('center_axis',(0.,-0.707106781186548,0.707106781186548));
#4035=DIRECTION('ref_axis',(1.,0.,0.));
#4036=DIRECTION('center_axis',(0.,-0.707106781186547,-0.707106781186548));
#4037=DIRECTION('ref_axis',(0.70710678118655,0.499999999999998,-0.499999999999998));
#4038=DIRECTION('',(0.,0.707106781186547,0.707106781186548));
#4039=DIRECTION('center_axis',(0.,0.707106781186548,0.707106781186548));
#4040=DIRECTION('ref_axis',(0.,0.707106781186548,-0.707106781186548));
#4041=DIRECTION('',(0.,-0.707106781186547,-0.707106781186548));
#4042=DIRECTION('center_axis',(0.,-0.707106781186548,-0.707106781186548));
#4043=DIRECTION('ref_axis',(1.,0.,0.));
#4044=DIRECTION('',(0.,0.707106781186547,0.707106781186548));
#4045=DIRECTION('center_axis',(0.,0.,-1.));
#4046=DIRECTION('ref_axis',(-1.,0.,0.));
#4047=DIRECTION('center_axis',(0.,0.,-1.));
#4048=DIRECTION('ref_axis',(-1.,0.,0.));
#4049=DIRECTION('',(0.,0.,-1.));
#4050=DIRECTION('center_axis',(0.,0.,-1.));
#4051=DIRECTION('ref_axis',(-1.,0.,0.));
#4052=DIRECTION('center_axis',(0.,0.,-1.));
#4053=DIRECTION('ref_axis',(-1.,0.,0.));
#4054=DIRECTION('',(0.,0.,-1.));
#4055=DIRECTION('center_axis',(0.,0.,-1.));
#4056=DIRECTION('ref_axis',(-1.,0.,0.));
#4057=DIRECTION('center_axis',(0.,0.,-1.));
#4058=DIRECTION('ref_axis',(-1.,0.,0.));
#4059=DIRECTION('',(0.,0.,-1.));
#4060=DIRECTION('center_axis',(0.,0.,-1.));
#4061=DIRECTION('ref_axis',(-1.,0.,0.));
#4062=DIRECTION('center_axis',(0.,0.,-1.));
#4063=DIRECTION('ref_axis',(-1.,0.,0.));
#4064=DIRECTION('',(0.,0.,-1.));
#4065=DIRECTION('center_axis',(0.,1.,0.));
#4066=DIRECTION('ref_axis',(1.,0.,0.));
#4067=DIRECTION('',(0.,0.,-1.));
#4068=DIRECTION('',(1.,0.,0.));
#4069=DIRECTION('',(0.,0.,1.));
#4070=DIRECTION('center_axis',(-1.,0.,0.));
#4071=DIRECTION('ref_axis',(0.,1.,0.));
#4072=DIRECTION('',(0.,0.,-1.));
#4073=DIRECTION('',(0.,1.,0.));
#4074=DIRECTION('center_axis',(1.,0.,0.));
#4075=DIRECTION('ref_axis',(0.,0.,-1.));
#4076=DIRECTION('',(0.,-1.,0.));
#4077=DIRECTION('',(0.,0.,-1.));
#4078=DIRECTION('',(0.,0.707106781186547,0.707106781186548));
#4079=DIRECTION('',(0.,1.,1.42285613693505E-15));
#4080=DIRECTION('center_axis',(0.,1.,0.));
#4081=DIRECTION('ref_axis',(1.,0.,0.));
#4082=DIRECTION('',(1.,0.,0.));
#4083=DIRECTION('',(0.,0.,-1.));
#4084=DIRECTION('',(1.,0.,0.));
#4085=DIRECTION('',(0.,0.,-1.));
#4086=DIRECTION('center_axis',(0.,-0.707106781186549,-0.707106781186546));
#4087=DIRECTION('ref_axis',(0.,0.707106781186546,-0.707106781186549));
#4088=DIRECTION('',(-1.,0.,0.));
#4089=DIRECTION('',(0.362687811942553,0.658960374783006,-0.658960374783009));
#4090=DIRECTION('',(1.,0.,0.));
#4091=DIRECTION('center_axis',(0.,0.707106781186548,-0.707106781186547));
#4092=DIRECTION('ref_axis',(0.,0.707106781186547,0.707106781186548));
#4093=DIRECTION('',(-1.,0.,0.));
#4094=DIRECTION('',(0.,0.707106781186547,0.707106781186548));
#4095=DIRECTION('',(-1.,0.,0.));
#4096=DIRECTION('center_axis',(0.,0.707106781186548,-0.707106781186547));
#4097=DIRECTION('ref_axis',(0.,0.707106781186547,0.707106781186548));
#4098=DIRECTION('',(-1.,0.,0.));
#4099=DIRECTION('',(0.361886816564666,-0.65918052610673,-0.659180526106731));
#4100=DIRECTION('',(-1.,0.,0.));
#4101=DIRECTION('',(0.,-0.707106781186547,-0.707106781186548));
#4102=DIRECTION('center_axis',(0.,-1.,0.));
#4103=DIRECTION('ref_axis',(-1.,0.,0.));
#4104=DIRECTION('',(0.,0.,-1.));
#4105=DIRECTION('',(1.,0.,0.));
#4106=DIRECTION('',(0.,0.,1.));
#4107=DIRECTION('center_axis',(-1.,0.,0.));
#4108=DIRECTION('ref_axis',(0.,0.,1.));
#4109=DIRECTION('',(0.,0.707106781186546,-0.707106781186549));
#4110=DIRECTION('',(0.,1.,1.42285613693505E-15));
#4111=DIRECTION('',(0.,1.,0.));
#4112=DIRECTION('',(0.,0.,1.));
#4113=DIRECTION('',(0.,0.707106781186548,-0.707106781186547));
#4114=DIRECTION('',(0.,1.,0.));
#4115=DIRECTION('',(0.,0.707106781186547,0.707106781186548));
#4116=DIRECTION('',(0.,0.,1.));
#4117=DIRECTION('',(0.,1.,0.));
#4118=DIRECTION('center_axis',(-1.,0.,0.));
#4119=DIRECTION('ref_axis',(0.,1.,0.));
#4120=DIRECTION('',(0.,0.707106781186547,0.707106781186548));
#4121=DIRECTION('',(0.,0.,-1.));
#4122=DIRECTION('',(0.,-1.,0.));
#4123=DIRECTION('',(0.,0.,1.));
#4124=DIRECTION('center_axis',(0.,-1.,0.));
#4125=DIRECTION('ref_axis',(-1.,0.,0.));
#4126=DIRECTION('',(-1.,0.,0.));
#4127=DIRECTION('',(1.,0.,0.));
#4128=DIRECTION('center_axis',(0.,0.707106781186548,-0.707106781186547));
#4129=DIRECTION('ref_axis',(0.,0.707106781186547,0.707106781186548));
#4130=DIRECTION('',(1.,0.,0.));
#4131=DIRECTION('',(-0.363451735588678,-0.658749890283701,-0.658749890283702));
#4132=DIRECTION('',(-1.,0.,0.));
#4133=DIRECTION('center_axis',(0.,1.1102230246252E-15,-1.));
#4134=DIRECTION('ref_axis',(1.,0.,0.));
#4135=DIRECTION('',(0.707106781186562,-8.71641834965453E-16,0.707106781186533));
#4136=DIRECTION('center_axis',(0.,-1.42285613693505E-15,1.));
#4137=DIRECTION('ref_axis',(1.,0.,0.));
#4138=DIRECTION('center_axis',(0.,0.,-1.));
#4139=DIRECTION('ref_axis',(1.,0.,0.));
#4140=DIRECTION('center_axis',(0.,1.42285613693505E-15,-1.));
#4141=DIRECTION('ref_axis',(1.,0.,0.));
#4142=DIRECTION('',(0.,0.,-1.));
#4143=DIRECTION('center_axis',(0.,0.707106781186547,0.707106781186548));
#4144=DIRECTION('ref_axis',(1.,0.,0.));
#4145=DIRECTION('',(0.,-0.707106781186548,0.707106781186547));
#4146=DIRECTION('',(1.,0.,0.));
#4147=DIRECTION('',(-1.,0.,0.));
#4148=DIRECTION('center_axis',(0.,0.,1.));
#4149=DIRECTION('ref_axis',(1.,0.,0.));
#4150=DIRECTION('',(0.,-1.,0.));
#4151=DIRECTION('',(-1.,0.,0.));
#4152=DIRECTION('center_axis',(-1.,0.,0.));
#4153=DIRECTION('ref_axis',(0.,0.,1.));
#4154=DIRECTION('',(0.,0.,1.));
#4155=DIRECTION('',(0.,-1.,0.));
#4156=DIRECTION('',(0.,0.,1.));
#4157=DIRECTION('',(0.,1.,1.42285613693505E-15));
#4158=DIRECTION('',(0.,0.,-1.));
#4159=DIRECTION('',(0.,-1.,0.));
#4160=DIRECTION('',(0.,0.,1.));
#4161=DIRECTION('',(0.,-0.707106781186547,-0.707106781186548));
#4162=DIRECTION('center_axis',(0.,-0.707106781186548,0.707106781186547));
#4163=DIRECTION('ref_axis',(1.,0.,0.));
#4164=DIRECTION('',(1.,0.,0.));
#4165=DIRECTION('center_axis',(0.,-1.,0.));
#4166=DIRECTION('ref_axis',(1.,0.,0.));
#4167=DIRECTION('',(-1.,0.,0.));
#4168=DIRECTION('center_axis',(0.,1.,0.));
#4169=DIRECTION('ref_axis',(-1.,0.,0.));
#4170=DIRECTION('',(1.,0.,0.));
#4171=DIRECTION('center_axis',(0.,0.,1.));
#4172=DIRECTION('ref_axis',(0.,-1.,0.));
#4173=DIRECTION('center_axis',(0.,0.,-1.));
#4174=DIRECTION('ref_axis',(-0.707106781186547,-0.707106781186548,0.));
#4175=DIRECTION('',(1.,0.,0.));
#4176=DIRECTION('center_axis',(0.,0.,-1.));
#4177=DIRECTION('ref_axis',(0.508830173210831,-0.860866920511083,0.));
#4178=DIRECTION('',(0.482183709660472,0.876070128550258,0.));
#4179=DIRECTION('',(-1.,-4.38606627012408E-16,0.));
#4180=DIRECTION('',(0.,-1.,0.));
#4181=DIRECTION('center_axis',(0.,0.,1.));
#4182=DIRECTION('ref_axis',(0.,-1.,0.));
#4183=DIRECTION('',(0.,1.,0.));
#4184=DIRECTION('',(1.,-2.19303313506204E-16,0.));
#4185=DIRECTION('',(-0.481242240933735,0.876587648521856,0.));
#4186=DIRECTION('center_axis',(0.,0.,-1.));
#4187=DIRECTION('ref_axis',(0.509292528448171,0.860593469918793,0.));
#4188=DIRECTION('',(1.,0.,0.));
#4189=DIRECTION('center_axis',(0.,0.,-1.));
#4190=DIRECTION('ref_axis',(-0.707106781186549,0.707106781186546,0.));
#4191=DIRECTION('center_axis',(0.,0.,-1.));
#4192=DIRECTION('ref_axis',(-1.,0.,0.));
#4193=DIRECTION('center_axis',(0.,1.42285613693505E-15,-1.));
#4194=DIRECTION('ref_axis',(-1.,0.,0.));
#4195=DIRECTION('',(0.,0.,1.));
#4196=DIRECTION('center_axis',(0.,0.,1.));
#4197=DIRECTION('ref_axis',(-1.,0.,0.));
#4198=DIRECTION('center_axis',(0.,0.,1.));
#4199=DIRECTION('ref_axis',(-1.,0.,0.));
#4200=DIRECTION('center_axis',(0.,0.,-1.));
#4201=DIRECTION('ref_axis',(-1.,0.,0.));
#4202=DIRECTION('center_axis',(0.,1.42285613693505E-15,-1.));
#4203=DIRECTION('ref_axis',(-1.,0.,0.));
#4204=DIRECTION('',(0.,0.,1.));
#4205=DIRECTION('center_axis',(0.,0.,1.));
#4206=DIRECTION('ref_axis',(-1.,0.,0.));
#4207=DIRECTION('center_axis',(0.,0.,1.));
#4208=DIRECTION('ref_axis',(-1.,0.,0.));
#4209=DIRECTION('center_axis',(0.,0.,-1.));
#4210=DIRECTION('ref_axis',(-1.,0.,0.));
#4211=DIRECTION('center_axis',(0.,1.42285613693505E-15,-1.));
#4212=DIRECTION('ref_axis',(-1.,0.,0.));
#4213=DIRECTION('',(0.,0.,1.));
#4214=DIRECTION('center_axis',(0.,0.,1.));
#4215=DIRECTION('ref_axis',(-1.,0.,0.));
#4216=DIRECTION('center_axis',(0.,0.,1.));
#4217=DIRECTION('ref_axis',(-1.,0.,0.));
#4218=DIRECTION('center_axis',(0.,0.,-1.));
#4219=DIRECTION('ref_axis',(-1.,0.,0.));
#4220=DIRECTION('center_axis',(0.,1.42285613693505E-15,-1.));
#4221=DIRECTION('ref_axis',(-1.,0.,0.));
#4222=DIRECTION('',(0.,0.,1.));
#4223=DIRECTION('center_axis',(0.,0.,1.));
#4224=DIRECTION('ref_axis',(-1.,0.,0.));
#4225=DIRECTION('center_axis',(0.,0.,1.));
#4226=DIRECTION('ref_axis',(-1.,0.,0.));
#4227=DIRECTION('center_axis',(4.38606627012408E-16,-1.,0.));
#4228=DIRECTION('ref_axis',(-1.,-4.38606627012408E-16,0.));
#4229=DIRECTION('',(0.,0.,-1.));
#4230=DIRECTION('',(-1.,-4.38606627012408E-16,0.));
#4231=DIRECTION('',(0.,0.,-1.));
#4232=DIRECTION('',(-1.,-4.38606627012408E-16,0.));
#4233=DIRECTION('center_axis',(4.38606627012408E-16,-1.,0.));
#4234=DIRECTION('ref_axis',(-1.,-4.38606627012408E-16,0.));
#4235=DIRECTION('',(0.,0.,1.));
#4236=DIRECTION('',(-1.,-4.38606627012408E-16,0.));
#4237=DIRECTION('',(0.,0.,-1.));
#4238=DIRECTION('center_axis',(1.,0.,0.));
#4239=DIRECTION('ref_axis',(0.,-1.,0.));
#4240=DIRECTION('',(0.,0.,-1.));
#4241=DIRECTION('',(0.,-1.,0.));
#4242=DIRECTION('',(0.,0.,-1.));
#4243=DIRECTION('',(0.,-1.,0.));
#4244=DIRECTION('center_axis',(0.,0.,-1.));
#4245=DIRECTION('ref_axis',(-1.,0.,0.));
#4246=DIRECTION('',(-1.,0.,0.));
#4247=DIRECTION('',(1.,-2.19303313506204E-16,0.));
#4248=DIRECTION('',(0.483080929955572,0.87557570495832,0.));
#4249=DIRECTION('center_axis',(0.,0.,1.));
#4250=DIRECTION('ref_axis',(-0.876587648521856,-0.481242240933735,0.));
#4251=DIRECTION('',(0.481242240933735,-0.876587648521856,0.));
#4252=DIRECTION('',(1.,-2.19303313506204E-16,0.));
#4253=DIRECTION('',(0.,1.,0.));
#4254=DIRECTION('',(-1.,0.,0.));
#4255=DIRECTION('',(-0.481242240933735,0.876587648521856,0.));
#4256=DIRECTION('center_axis',(0.,0.,-1.));
#4257=DIRECTION('ref_axis',(-0.876587648521856,-0.481242240933735,0.));
#4258=DIRECTION('',(-0.483080929955572,-0.87557570495832,0.));
#4259=DIRECTION('center_axis',(-1.,0.,0.));
#4260=DIRECTION('ref_axis',(0.,1.,0.));
#4261=DIRECTION('',(0.,0.,-1.));
#4262=DIRECTION('',(0.,0.,-1.));
#4263=DIRECTION('center_axis',(-1.,0.,0.));
#4264=DIRECTION('ref_axis',(0.,1.,0.));
#4265=DIRECTION('',(0.,1.,0.));
#4266=DIRECTION('',(0.,0.,1.));
#4267=DIRECTION('',(0.,-0.707106781186546,0.707106781186549));
#4268=DIRECTION('center_axis',(2.19303313506204E-16,1.,0.));
#4269=DIRECTION('ref_axis',(1.,-2.19303313506204E-16,0.));
#4270=DIRECTION('',(0.,0.,-1.));
#4271=DIRECTION('center_axis',(1.,0.,0.));
#4272=DIRECTION('ref_axis',(0.,-1.,0.));
#4273=DIRECTION('',(0.,0.,1.));
#4274=DIRECTION('',(0.,-1.,0.));
#4275=DIRECTION('',(0.,-1.,0.));
#4276=DIRECTION('center_axis',(2.19303313506204E-16,1.,0.));
#4277=DIRECTION('ref_axis',(1.,-2.19303313506204E-16,0.));
#4278=DIRECTION('',(0.,0.,1.));
#4279=DIRECTION('',(1.,-2.19303313506204E-16,0.));
#4280=DIRECTION('center_axis',(0.,0.,-1.));
#4281=DIRECTION('ref_axis',(-1.,0.,0.));
#4282=DIRECTION('',(-0.482183709660472,-0.876070128550258,0.));
#4283=DIRECTION('center_axis',(0.,0.,1.));
#4284=DIRECTION('ref_axis',(0.876070128550258,0.482183709660473,0.));
#4285=DIRECTION('',(-0.482183709660471,0.876070128550258,0.));
#4286=DIRECTION('',(1.,0.,0.));
#4287=DIRECTION('',(0.482183709660471,-0.876070128550258,0.));
#4288=DIRECTION('center_axis',(0.,0.,-1.));
#4289=DIRECTION('ref_axis',(0.876070128550258,0.482183709660473,0.));
#4290=DIRECTION('',(0.482183709660472,0.876070128550258,0.));
#4291=DIRECTION('',(1.,0.,0.));
#4292=DIRECTION('center_axis',(0.,-1.,0.));
#4293=DIRECTION('ref_axis',(0.,0.,-1.));
#4294=DIRECTION('',(0.,0.,1.));
#4295=DIRECTION('',(-1.,0.,0.));
#4296=DIRECTION('center_axis',(-0.876070128550258,0.482183709660472,0.));
#4297=DIRECTION('ref_axis',(0.482183709660472,0.876070128550258,0.));
#4298=DIRECTION('',(0.,0.,-1.));
#4299=DIRECTION('',(0.482183709660472,0.876070128550258,1.24652175879321E-15));
#4300=DIRECTION('',(0.362687811942553,0.658960374783006,-0.658960374783009));
#4301=DIRECTION('center_axis',(0.,0.,-1.));
#4302=DIRECTION('ref_axis',(0.876070128550258,0.482183709660473,0.));
#4303=DIRECTION('',(0.,0.,-1.));
#4304=DIRECTION('center_axis',(0.,1.42285613693505E-15,-1.));
#4305=DIRECTION('ref_axis',(0.876070128550258,0.482183709660473,0.));
#4306=DIRECTION('center_axis',(0.876070128550258,0.482183709660472,0.));
#4307=DIRECTION('ref_axis',(0.482183709660471,-0.876070128550258,0.));
#4308=DIRECTION('',(0.,0.,-1.));
#4309=DIRECTION('',(0.482183709660471,-0.876070128550258,-1.24652175879321E-15));
#4310=DIRECTION('center_axis',(0.,-1.,0.));
#4311=DIRECTION('ref_axis',(0.,0.,-1.));
#4312=DIRECTION('',(-1.,0.,0.));
#4313=DIRECTION('center_axis',(0.87557570495832,-0.483080929955572,0.));
#4314=DIRECTION('ref_axis',(-0.483080929955572,-0.87557570495832,0.));
#4315=DIRECTION('',(0.,0.,-1.));
#4316=DIRECTION('',(0.483080929955572,0.87557570495832,1.24581826515118E-15));
#4317=DIRECTION('',(0.363451735588678,0.658749890283701,0.658749890283702));
#4318=DIRECTION('',(0.,0.,-1.));
#4319=DIRECTION('center_axis',(0.,0.,-1.));
#4320=DIRECTION('ref_axis',(-0.876587648521856,-0.481242240933735,0.));
#4321=DIRECTION('',(0.,0.,-1.));
#4322=DIRECTION('center_axis',(0.,-1.42285613693505E-15,1.));
#4323=DIRECTION('ref_axis',(-0.876587648521856,-0.481242240933735,0.));
#4324=DIRECTION('center_axis',(-0.876587648521856,-0.481242240933735,0.));
#4325=DIRECTION('ref_axis',(-0.481242240933735,0.876587648521856,0.));
#4326=DIRECTION('',(0.,0.,-1.));
#4327=DIRECTION('',(0.481242240933735,-0.876587648521856,-1.24725811526079E-15));
#4328=DIRECTION('center_axis',(0.,1.,0.));
#4329=DIRECTION('ref_axis',(0.,0.,1.));
#4330=DIRECTION('center_axis',(0.,0.,1.));
#4331=DIRECTION('ref_axis',(0.,-1.,0.));
#4332=DIRECTION('',(0.482183709660471,-0.876070128550258,0.));
#4333=DIRECTION('center_axis',(0.,0.,-1.));
#4334=DIRECTION('ref_axis',(-0.50883017321083,-0.860866920511084,0.));
#4335=DIRECTION('',(1.,0.,0.));
#4336=DIRECTION('center_axis',(0.,0.,-1.));
#4337=DIRECTION('ref_axis',(0.707106781186549,-0.707106781186546,0.));
#4338=DIRECTION('',(0.,1.,0.));
#4339=DIRECTION('center_axis',(0.,0.,-1.));
#4340=DIRECTION('ref_axis',(0.707106781186551,0.707106781186544,0.));
#4341=DIRECTION('',(1.,0.,0.));
#4342=DIRECTION('center_axis',(0.,0.,-1.));
#4343=DIRECTION('ref_axis',(-0.508389157065938,0.861127438291096,0.));
#4344=DIRECTION('',(-0.483080929955572,-0.87557570495832,0.));
#4345=DIRECTION('',(1.,0.,0.));
#4346=DIRECTION('center_axis',(0.,1.42285613693505E-15,-1.));
#4347=DIRECTION('ref_axis',(0.,1.,1.42285613693505E-15));
#4348=DIRECTION('',(1.,0.,0.));
#4349=DIRECTION('',(-1.,0.,0.));
#4350=DIRECTION('center_axis',(0.,0.707106781186548,-0.707106781186547));
#4351=DIRECTION('ref_axis',(0.,0.707106781186547,0.707106781186548));
#4352=DIRECTION('',(-1.,0.,0.));
#4353=DIRECTION('center_axis',(0.,-0.707106781186549,-0.707106781186546));
#4354=DIRECTION('ref_axis',(0.,0.707106781186546,-0.707106781186549));
#4355=DIRECTION('center_axis',(0.,1.,0.));
#4356=DIRECTION('ref_axis',(0.,0.,1.));
#4357=DIRECTION('center_axis',(0.,0.,1.));
#4358=DIRECTION('ref_axis',(1.,0.,0.));
#4359=DIRECTION('center_axis',(-1.,0.,0.));
#4360=DIRECTION('ref_axis',(0.,0.707106781186547,-0.707106781186548));
#4361=DIRECTION('center_axis',(2.77555756156289E-15,0.,-1.));
#4362=DIRECTION('ref_axis',(0.,1.,0.));
#4363=DIRECTION('center_axis',(0.,0.,1.));
#4364=DIRECTION('ref_axis',(1.,0.,0.));
#4365=DIRECTION('center_axis',(1.,0.,-2.35513868802567E-15));
#4366=DIRECTION('ref_axis',(0.,1.,0.));
#4367=DIRECTION('center_axis',(-1.21901379105165E-15,2.22044604925031E-15,
-1.));
#4368=DIRECTION('ref_axis',(0.876587648521855,0.481242240933736,0.));
#4369=DIRECTION('center_axis',(-0.361886816564667,0.65918052610673,0.65918052610673));
#4370=DIRECTION('ref_axis',(0.,0.707106781186548,-0.707106781186548));
#4371=DIRECTION('center_axis',(0.,0.,-1.));
#4372=DIRECTION('ref_axis',(0.509292528448171,0.860593469918793,0.));
#4373=DIRECTION('',(0.,0.,-1.));
#4374=DIRECTION('',(0.,0.,1.));
#4375=DIRECTION('center_axis',(-0.17011243967911,-0.941663177664662,-0.290400099340397));
#4376=DIRECTION('ref_axis',(-0.475963149477968,0.336556770590776,-0.812519920068746));
#4377=DIRECTION('center_axis',(0.,1.,-4.44089209850061E-15));
#4378=DIRECTION('ref_axis',(-1.,0.,0.));
#4379=DIRECTION('center_axis',(-1.,0.,0.));
#4380=DIRECTION('ref_axis',(0.,0.,-1.));
#4381=DIRECTION('center_axis',(0.,0.,1.));
#4382=DIRECTION('ref_axis',(1.,0.,0.));
#4383=DIRECTION('center_axis',(-1.,0.,0.));
#4384=DIRECTION('ref_axis',(0.,-1.,0.));
#4385=DIRECTION('center_axis',(0.,2.22044604925031E-15,-1.));
#4386=DIRECTION('ref_axis',(-1.,0.,0.));
#4387=DIRECTION('center_axis',(0.,0.,-1.));
#4388=DIRECTION('ref_axis',(-0.707106781186547,-0.707106781186548,0.));
#4389=DIRECTION('',(0.,0.,1.));
#4390=DIRECTION('center_axis',(0.,0.,1.));
#4391=DIRECTION('ref_axis',(1.,0.,0.));
#4392=DIRECTION('center_axis',(3.16998010091544E-15,0.,-1.));
#4393=DIRECTION('ref_axis',(0.,1.,0.));
#4394=DIRECTION('center_axis',(-1.,0.,0.));
#4395=DIRECTION('ref_axis',(0.,0.707106781186547,-0.707106781186548));
#4396=DIRECTION('center_axis',(0.363451735588677,0.658749890283701,0.658749890283702));
#4397=DIRECTION('ref_axis',(-0.875575704958321,0.483080929955571,0.));
#4398=DIRECTION('center_axis',(0.24049035959893,-0.850188363168261,-0.468341898695014));
#4399=DIRECTION('ref_axis',(0.3883578436,0.526478629322476,-0.756305783516882));
#4400=DIRECTION('center_axis',(1.,1.11022302462515E-15,1.11022302462516E-15));
#4401=DIRECTION('ref_axis',(0.,0.707106781186549,-0.707106781186546));
#4402=DIRECTION('center_axis',(0.361886816564669,-0.659180526106733,-0.659180526106726));
#4403=DIRECTION('ref_axis',(0.876587648521855,0.481242240933736,0.));
#4404=DIRECTION('center_axis',(-0.481242240933744,0.876587648521851,0.));
#4405=DIRECTION('ref_axis',(0.,0.,-1.));
#4406=DIRECTION('center_axis',(0.361886816564667,-0.65918052610673,-0.659180526106731));
#4407=DIRECTION('ref_axis',(0.535403266977116,0.725821256807723,-0.431887537301424));
#4408=DIRECTION('',(0.361886816564666,-0.65918052610673,-0.659180526106731));
#4409=DIRECTION('center_axis',(0.,0.,1.));
#4410=DIRECTION('ref_axis',(1.,0.,0.));
#4411=DIRECTION('center_axis',(1.,0.,0.));
#4412=DIRECTION('ref_axis',(0.,-0.707106781186549,-0.707106781186546));
#4413=DIRECTION('center_axis',(-0.362687811942554,-0.658960374783008,0.658960374783007));
#4414=DIRECTION('ref_axis',(0.876070128550259,-0.482183709660471,0.));
#4415=DIRECTION('center_axis',(1.90091464446296E-15,0.,-1.));
#4416=DIRECTION('ref_axis',(0.,-1.,0.));
#4417=DIRECTION('center_axis',(0.170112439679111,-0.941663177664661,0.290400099340399));
#4418=DIRECTION('ref_axis',(-0.475963149477967,-0.336556770590777,-0.812519920068746));
#4419=DIRECTION('center_axis',(-1.,0.,0.));
#4420=DIRECTION('ref_axis',(0.,-0.707106781186549,-0.707106781186546));
#4421=DIRECTION('center_axis',(0.,-1.,-2.22044604925031E-15));
#4422=DIRECTION('ref_axis',(0.,2.22044604925031E-15,-1.));
#4423=DIRECTION('center_axis',(0.,1.,1.42285613693505E-15));
#4424=DIRECTION('ref_axis',(-0.707106781186547,9.81307786677359E-16,-0.707106781186548));
#4425=DIRECTION('center_axis',(0.,0.,1.));
#4426=DIRECTION('ref_axis',(1.,0.,0.));
#4427=DIRECTION('center_axis',(1.,0.,0.));
#4428=DIRECTION('ref_axis',(0.,1.,0.));
#4429=DIRECTION('center_axis',(0.,3.88578058618804E-15,-1.));
#4430=DIRECTION('ref_axis',(1.,0.,0.));
#4431=DIRECTION('center_axis',(0.,0.,-1.));
#4432=DIRECTION('ref_axis',(0.707106781186551,0.707106781186544,0.));
#4433=DIRECTION('',(0.,0.,-1.));
#4434=DIRECTION('',(0.,0.,1.));
#4435=DIRECTION('center_axis',(-0.240580959146683,-0.849766840278363,-0.469059824819169));
#4436=DIRECTION('ref_axis',(-0.387810565068153,0.527158721035067,-0.756112854313555));
#4437=DIRECTION('center_axis',(-0.363451735588677,-0.658749890283702,-0.658749890283702));
#4438=DIRECTION('ref_axis',(0.,0.707106781186548,-0.707106781186548));
#4439=DIRECTION('center_axis',(-1.,3.14018491736754E-15,0.));
#4440=DIRECTION('ref_axis',(0.,0.,-1.));
#4441=DIRECTION('center_axis',(0.483080929955575,0.875575704958319,0.));
#4442=DIRECTION('ref_axis',(-0.875575704958319,0.483080929955575,0.));
#4443=DIRECTION('center_axis',(-0.24053699464903,-0.849972599586886,0.46870943467859));
#4444=DIRECTION('ref_axis',(0.388077859351396,-0.526826897520913,-0.756206979027387));
#4445=DIRECTION('center_axis',(0.362687811942551,0.658960374783005,-0.658960374783011));
#4446=DIRECTION('ref_axis',(-1.11022302462515E-15,-0.70710678118655,-0.707106781186545));
#4447=DIRECTION('center_axis',(1.,0.,0.));
#4448=DIRECTION('ref_axis',(0.,1.11022302462516E-15,-1.));
#4449=DIRECTION('center_axis',(-0.482183709660471,-0.876070128550259,2.04329614103127E-15));
#4450=DIRECTION('ref_axis',(0.876070128550259,-0.482183709660471,0.));
#4451=DIRECTION('center_axis',(-1.,0.,0.));
#4452=DIRECTION('ref_axis',(0.,-0.382683432365089,-0.923879532511287));
#4453=DIRECTION('center_axis',(0.,0.,1.));
#4454=DIRECTION('ref_axis',(1.,0.,0.));
#4455=DIRECTION('center_axis',(0.362687811942552,-0.658960374783006,0.658960374783009));
#4456=DIRECTION('ref_axis',(0.,-0.707106781186549,-0.707106781186546));
#4457=DIRECTION('center_axis',(-1.,0.,0.));
#4458=DIRECTION('ref_axis',(0.,-1.,0.));
#4459=DIRECTION('center_axis',(6.11060050010044E-16,-1.11022302462516E-15,
-1.));
#4460=DIRECTION('ref_axis',(-0.876070128550258,-0.482183709660471,0.));
#4461=DIRECTION('center_axis',(0.170112439679112,-0.941663177664662,-0.290400099340397));
#4462=DIRECTION('ref_axis',(0.475963149477969,0.336556770590775,-0.812519920068746));
#4463=DIRECTION('center_axis',(1.,0.,0.));
#4464=DIRECTION('ref_axis',(0.,0.707106781186549,-0.707106781186546));
#4465=DIRECTION('center_axis',(-4.44089209850062E-15,1.,0.));
#4466=DIRECTION('ref_axis',(0.,0.,-1.));
#4467=DIRECTION('center_axis',(0.,0.,1.));
#4468=DIRECTION('ref_axis',(1.,0.,0.));
#4469=DIRECTION('center_axis',(1.,0.,0.));
#4470=DIRECTION('ref_axis',(0.,-0.707106781186549,-0.707106781186546));
#4471=DIRECTION('center_axis',(2.22044604925031E-15,0.,-1.));
#4472=DIRECTION('ref_axis',(0.,-1.,0.));
#4473=DIRECTION('center_axis',(0.24053699464903,-0.849972599586885,0.468709434678592));
#4474=DIRECTION('ref_axis',(-0.388077859351394,-0.526826897520915,-0.756206979027387));
#4475=DIRECTION('center_axis',(-0.362687811942554,0.658960374783008,-0.658960374783007));
#4476=DIRECTION('ref_axis',(-0.876070128550258,-0.482183709660472,0.));
#4477=DIRECTION('center_axis',(0.482183709660474,-0.876070128550257,-9.72633227902815E-16));
#4478=DIRECTION('ref_axis',(0.,1.11022302462516E-15,-1.));
#4479=DIRECTION('center_axis',(-1.,0.,0.));
#4480=DIRECTION('ref_axis',(0.,-0.707106781186549,-0.707106781186546));
#4481=DIRECTION('center_axis',(-0.482183709660472,0.876070128550258,1.24652175879321E-15));
#4482=DIRECTION('ref_axis',(-0.619475128692857,-0.340955370878604,-0.707106781186548));
#4483=DIRECTION('center_axis',(0.482183709660471,-0.876070128550258,-9.72633227902817E-16));
#4484=DIRECTION('ref_axis',(-0.876070128550258,-0.482183709660472,0.));
#4485=DIRECTION('',(-0.482183709660471,0.876070128550258,1.24652175879321E-15));
#4486=DIRECTION('center_axis',(0.,-1.42285613693505E-15,1.));
#4487=DIRECTION('ref_axis',(1.,0.,0.));
#4488=DIRECTION('center_axis',(0.482183709660472,0.876070128550258,9.72633227902816E-16));
#4489=DIRECTION('ref_axis',(0.876070128550258,-0.482183709660472,-2.22044604925032E-15));
#4490=DIRECTION('center_axis',(0.,-1.42285613693505E-15,1.));
#4491=DIRECTION('ref_axis',(-5.55111512312578E-16,1.,1.42247325030098E-15));
#4492=DIRECTION('center_axis',(-0.482183709660472,-0.876070128550258,-1.24652175879321E-15));
#4493=DIRECTION('ref_axis',(0.619475128692857,-0.340955370878604,-0.707106781186548));
#4494=DIRECTION('',(-0.482183709660472,-0.876070128550258,-1.24652175879321E-15));
#4495=DIRECTION('center_axis',(-0.170112439679112,-0.94166317766466,0.290400099340401));
#4496=DIRECTION('ref_axis',(0.475963149477969,-0.336556770590778,-0.812519920068744));
#4497=DIRECTION('center_axis',(0.,-1.,-2.22044604925031E-15));
#4498=DIRECTION('ref_axis',(1.,0.,0.));
#4499=DIRECTION('center_axis',(1.,0.,0.));
#4500=DIRECTION('ref_axis',(0.,1.11022302462516E-15,-1.));
#4501=DIRECTION('center_axis',(-1.,0.,0.));
#4502=DIRECTION('ref_axis',(0.,-0.382683432365089,-0.923879532511287));
#4503=DIRECTION('center_axis',(0.,-1.,-1.42285613693505E-15));
#4504=DIRECTION('ref_axis',(0.707106781186549,9.81307786677356E-16,-0.707106781186546));
#4505=DIRECTION('',(0.,-1.,-1.42285613693505E-15));
#4506=DIRECTION('center_axis',(-0.362687811942553,0.658960374783006,-0.658960374783009));
#4507=DIRECTION('ref_axis',(-0.534954336673466,-0.726215955674639,-0.431780318446571));
#4508=DIRECTION('',(-0.362687811942553,0.658960374783006,-0.658960374783009));
#4509=DIRECTION('center_axis',(0.,0.,1.));
#4510=DIRECTION('ref_axis',(0.707106781186549,-0.707106781186546,0.));
#4511=DIRECTION('',(0.,0.,-1.));
#4512=DIRECTION('',(0.,0.,1.));
#4513=DIRECTION('center_axis',(1.,0.,0.));
#4514=DIRECTION('ref_axis',(0.,-0.923879532511287,-0.382683432365088));
#4515=DIRECTION('',(-1.,0.,0.));
#4516=DIRECTION('center_axis',(1.,0.,0.));
#4517=DIRECTION('ref_axis',(0.,0.382683432365088,-0.923879532511287));
#4518=DIRECTION('center_axis',(0.,0.,-1.));
#4519=DIRECTION('ref_axis',(-0.50883017321083,-0.860866920511084,0.));
#4520=DIRECTION('',(0.,0.,-1.));
#4521=DIRECTION('',(0.,0.,1.));
#4522=DIRECTION('center_axis',(-0.362687811942553,-0.658960374783006,0.658960374783009));
#4523=DIRECTION('ref_axis',(0.534954336673466,-0.726215955674639,-0.431780318446571));
#4524=DIRECTION('',(-0.362687811942553,-0.658960374783006,0.658960374783009));
#4525=DIRECTION('center_axis',(0.481242240933735,-0.876587648521856,-1.24725811526079E-15));
#4526=DIRECTION('ref_axis',(0.619841070574174,0.340289651957658,-0.707106781186546));
#4527=DIRECTION('center_axis',(-0.481242240933735,0.876587648521856,1.94641558098198E-15));
#4528=DIRECTION('ref_axis',(0.876587648521856,0.481242240933735,2.22044604925031E-15));
#4529=DIRECTION('',(0.481242240933735,-0.876587648521856,-1.24725811526079E-15));
#4530=DIRECTION('center_axis',(0.,-1.42285613693505E-15,1.));
#4531=DIRECTION('ref_axis',(1.,0.,0.));
#4532=DIRECTION('center_axis',(-0.483080929955574,-0.87557570495832,0.));
#4533=DIRECTION('ref_axis',(-0.875575704958319,0.483080929955574,2.22044604925032E-15));
#4534=DIRECTION('center_axis',(0.,-1.42285613693505E-15,1.));
#4535=DIRECTION('ref_axis',(-0.00104938161490542,-0.999999449398962,-1.42247325030098E-15));
#4536=DIRECTION('center_axis',(0.483080929955572,0.87557570495832,1.24581826515118E-15));
#4537=DIRECTION('ref_axis',(-0.619125518418218,0.341589801433491,-0.707106781186548));
#4538=DIRECTION('',(0.483080929955572,0.87557570495832,1.24581826515118E-15));
#4539=DIRECTION('center_axis',(0.363451735588678,0.658749890283701,0.658749890283702));
#4540=DIRECTION('ref_axis',(-0.534525994933719,0.726591963268797,-0.431678213086221));
#4541=DIRECTION('',(0.363451735588678,0.658749890283701,0.658749890283702));
#4542=DIRECTION('center_axis',(1.,0.,0.));
#4543=DIRECTION('ref_axis',(0.,0.923879532511286,-0.382683432365091));
#4544=DIRECTION('',(1.,0.,0.));
#4545=DIRECTION('center_axis',(0.,0.,1.));
#4546=DIRECTION('ref_axis',(0.508830173210831,-0.860866920511083,0.));
#4547=DIRECTION('',(0.,0.,-1.));
#4548=DIRECTION('',(0.,0.,1.));
#4549=DIRECTION('center_axis',(1.,0.,0.));
#4550=DIRECTION('ref_axis',(0.,-0.923879532511287,-0.382683432365088));
#4551=DIRECTION('',(-1.,0.,0.));
#4552=DIRECTION('center_axis',(1.,0.,0.));
#4553=DIRECTION('ref_axis',(0.,0.382683432365088,-0.923879532511287));
#4554=DIRECTION('center_axis',(0.,0.,1.));
#4555=DIRECTION('ref_axis',(-0.508389157065938,0.861127438291096,0.));
#4556=DIRECTION('',(0.,0.,-1.));
#4557=DIRECTION('',(0.,0.,1.));
#4558=DIRECTION('center_axis',(1.,0.,0.));
#4559=DIRECTION('ref_axis',(0.,0.923879532511286,-0.382683432365091));
#4560=DIRECTION('',(1.,0.,0.));
#4561=DIRECTION('center_axis',(0.,0.,1.));
#4562=DIRECTION('ref_axis',(-0.707106781186549,0.707106781186546,0.));
#4563=DIRECTION('',(0.,0.,-1.));
#4564=DIRECTION('center_axis',(1.,0.,0.));
#4565=DIRECTION('ref_axis',(0.,0.,-1.));
#4566=DIRECTION('center_axis',(0.,1.,0.));
#4567=DIRECTION('ref_axis',(0.,0.,1.));
#4568=DIRECTION('center_axis',(0.87557570495832,-0.483080929955572,0.));
#4569=DIRECTION('ref_axis',(-0.483080929955572,-0.87557570495832,0.));
#4570=DIRECTION('',(0.,0.,-1.));
#4571=DIRECTION('center_axis',(0.,0.,-1.));
#4572=DIRECTION('ref_axis',(-0.876587648521856,-0.481242240933735,0.));
#4573=DIRECTION('',(0.,0.,-1.));
#4574=DIRECTION('center_axis',(-0.876587648521856,-0.481242240933735,0.));
#4575=DIRECTION('ref_axis',(-0.481242240933735,0.876587648521856,0.));
#4576=DIRECTION('center_axis',(0.,1.,0.));
#4577=DIRECTION('ref_axis',(0.,0.,1.));
#4578=DIRECTION('center_axis',(0.876070128550258,0.482183709660472,0.));
#4579=DIRECTION('ref_axis',(0.482183709660471,-0.876070128550258,0.));
#4580=DIRECTION('',(0.,0.,-1.));
#4581=DIRECTION('center_axis',(0.,0.,-1.));
#4582=DIRECTION('ref_axis',(0.876070128550258,0.482183709660473,0.));
#4583=DIRECTION('',(0.,0.,-1.));
#4584=DIRECTION('center_axis',(-0.876070128550258,0.482183709660472,0.));
#4585=DIRECTION('ref_axis',(0.482183709660472,0.876070128550258,0.));
#4586=DIRECTION('center_axis',(0.,-1.,0.));
#4587=DIRECTION('ref_axis',(0.,0.,-1.));
#4588=DIRECTION('center_axis',(0.,-1.,0.));
#4589=DIRECTION('ref_axis',(0.,0.,-1.));
#4590=CARTESIAN_POINT('',(0.,0.,0.));
#4591=CARTESIAN_POINT('Origin',(38.2,2.5000000000001,-19.3356399269709));
#4592=CARTESIAN_POINT('',(38.85,2.5000000000001,-19.0000000745));
#4593=CARTESIAN_POINT('Origin',(38.2,2.5000000000001,-19.0000000745));
#4594=CARTESIAN_POINT('',(39.65,2.5000000000001,-19.6712797794418));
#4595=CARTESIAN_POINT('',(39.25,2.5000000000001,-19.3356399269709));
#4596=CARTESIAN_POINT('Origin',(38.2,2.5000000000001,-19.6712797794418));
#4597=CARTESIAN_POINT('Origin',(38.2,2.5000000000001,-21.0000000745));
#4598=CARTESIAN_POINT('',(39.65,2.5000000000001,-21.0000000745));
#4599=CARTESIAN_POINT('',(39.65,2.5000000000001,-21.0000000745));
#4600=CARTESIAN_POINT('Origin',(38.2,2.5000000000001,-21.0000000745));
#4601=CARTESIAN_POINT('Origin',(38.2,2.5000000000001,-19.0000000745));
#4602=CARTESIAN_POINT('Origin',(38.2,31.2500000000001,-19.3356399269709));
#4603=CARTESIAN_POINT('',(38.85,31.2500000000001,-19.0000000745));
#4604=CARTESIAN_POINT('Origin',(38.2,31.2500000000001,-19.0000000745));
#4605=CARTESIAN_POINT('',(39.65,31.2500000000001,-19.6712797794418));
#4606=CARTESIAN_POINT('',(39.25,31.2500000000001,-19.3356399269709));
#4607=CARTESIAN_POINT('Origin',(38.2,31.2500000000001,-19.6712797794418));
#4608=CARTESIAN_POINT('Origin',(38.2,31.2500000000001,-21.0000000745));
#4609=CARTESIAN_POINT('',(39.65,31.2500000000001,-21.0000000745));
#4610=CARTESIAN_POINT('',(39.65,31.2500000000001,-21.0000000745));
#4611=CARTESIAN_POINT('Origin',(38.2,31.2500000000001,-21.0000000745));
#4612=CARTESIAN_POINT('Origin',(38.2,31.2500000000001,-19.0000000745));
#4613=CARTESIAN_POINT('Origin',(7.4,31.2500000000001,-19.3356399269709));
#4614=CARTESIAN_POINT('',(8.05,31.2500000000001,-19.0000000745));
#4615=CARTESIAN_POINT('Origin',(7.4,31.2500000000001,-19.0000000745));
#4616=CARTESIAN_POINT('',(8.85,31.2500000000001,-19.6712797794418));
#4617=CARTESIAN_POINT('',(8.45,31.2500000000001,-19.3356399269709));
#4618=CARTESIAN_POINT('Origin',(7.4,31.2500000000001,-19.6712797794418));
#4619=CARTESIAN_POINT('Origin',(7.4,31.2500000000001,-21.0000000745));
#4620=CARTESIAN_POINT('',(8.85,31.2500000000001,-21.0000000745));
#4621=CARTESIAN_POINT('',(8.85,31.2500000000001,-21.0000000745));
#4622=CARTESIAN_POINT('Origin',(7.4,31.2500000000001,-21.0000000745));
#4623=CARTESIAN_POINT('Origin',(7.4,31.2500000000001,-19.0000000745));
#4624=CARTESIAN_POINT('Origin',(7.4,2.5000000000001,-19.3356399269709));
#4625=CARTESIAN_POINT('',(8.05,2.5000000000001,-19.0000000745));
#4626=CARTESIAN_POINT('Origin',(7.4,2.5000000000001,-19.0000000745));
#4627=CARTESIAN_POINT('',(8.85,2.5000000000001,-19.6712797794418));
#4628=CARTESIAN_POINT('',(8.45,2.5000000000001,-19.3356399269709));
#4629=CARTESIAN_POINT('Origin',(7.4,2.5000000000001,-19.6712797794418));
#4630=CARTESIAN_POINT('Origin',(7.4,2.5000000000001,-21.0000000745));
#4631=CARTESIAN_POINT('',(8.85,2.5000000000001,-21.0000000745));
#4632=CARTESIAN_POINT('',(8.85,2.5000000000001,-21.0000000745));
#4633=CARTESIAN_POINT('Origin',(7.4,2.5000000000001,-21.0000000745));
#4634=CARTESIAN_POINT('Origin',(7.4,2.5000000000001,-19.0000000745));
#4635=CARTESIAN_POINT('Origin',(15.3,30.4000000000001,-21.0000000745));
#4636=CARTESIAN_POINT('',(15.3,29.4000000000001,-23.0000000744999));
#4637=CARTESIAN_POINT('',(16.3,30.4000000000001,-23.0000000744999));
#4638=CARTESIAN_POINT('Origin',(15.3,30.4000000000001,-23.0000000745));
#4639=CARTESIAN_POINT('',(16.3,30.4000000000001,-21.0000000744999));
#4640=CARTESIAN_POINT('',(16.3,30.4000000000001,-21.0000000745));
#4641=CARTESIAN_POINT('',(15.3,29.4000000000001,-21.0000000744999));
#4642=CARTESIAN_POINT('Origin',(15.3,30.4000000000001,-21.0000000745));
#4643=CARTESIAN_POINT('',(15.3,29.4000000000001,-21.0000000745));
#4644=CARTESIAN_POINT('Origin',(16.3,29.4000000000001,-21.0000000745));
#4645=CARTESIAN_POINT('',(16.3,32.7000000000001,-23.0000000744999));
#4646=CARTESIAN_POINT('',(16.3,8.90500000000003,-23.0000000745));
#4647=CARTESIAN_POINT('',(16.3,32.7000000000001,-21.0000000745));
#4648=CARTESIAN_POINT('',(16.3,32.7000000000001,-21.0000000745));
#4649=CARTESIAN_POINT('',(16.3,8.90500000000003,-21.0000000745));
#4650=CARTESIAN_POINT('Origin',(0.,-11.59,-23.0000000745));
#4651=CARTESIAN_POINT('',(13.9841235147814,38.9375775906626,-23.0000000744999));
#4652=CARTESIAN_POINT('',(11.3357741969179,43.7615728752539,-23.0000000744999));
#4653=CARTESIAN_POINT('',(23.0223579806616,22.4743413588165,-23.0000000745));
#4654=CARTESIAN_POINT('',(31.5057570495832,38.9191907004443,-23.0000000744999));
#4655=CARTESIAN_POINT('Origin',(22.75,43.75,-23.0000000744999));
#4656=CARTESIAN_POINT('',(34.1774420574703,43.7615728752539,-23.0000000744999));
#4657=CARTESIAN_POINT('',(22.2826416873659,22.202456020133,-23.0000000745));
#4658=CARTESIAN_POINT('',(52.,43.7615728752539,-23.0000000744999));
#4659=CARTESIAN_POINT('',(0.,43.7615728752539,-23.0000000744999));
#4660=CARTESIAN_POINT('',(52.,-10.7615728752539,-23.0000000745));
#4661=CARTESIAN_POINT('',(52.,2.45499999999998,-23.0000000745));
#4662=CARTESIAN_POINT('',(34.1709809532929,-10.7615728752539,-23.0000000745));
#4663=CARTESIAN_POINT('',(0.,-10.7615728752539,-23.0000000745));
#4664=CARTESIAN_POINT('',(31.5107012855026,-5.92816290339528,-23.0000000745));
#4665=CARTESIAN_POINT('',(29.0434201660161,-1.44540821008513,-23.0000000745));
#4666=CARTESIAN_POINT('',(13.9892987144974,-5.92816290339528,-23.0000000745));
#4667=CARTESIAN_POINT('Origin',(22.75,-10.75,-23.0000000745));
#4668=CARTESIAN_POINT('',(11.3290190467071,-10.7615728752539,-23.0000000745));
#4669=CARTESIAN_POINT('',(6.04645964382597,-20.3593514862633,-23.0000000745));
#4670=CARTESIAN_POINT('',(-3.,-10.7615728752539,-23.0000000745));
#4671=CARTESIAN_POINT('',(0.,-10.7615728752539,-23.0000000745));
#4672=CARTESIAN_POINT('',(-3.,43.7615728752539,-23.0000000744999));
#4673=CARTESIAN_POINT('',(-3.,2.45499999999998,-23.0000000745));
#4674=CARTESIAN_POINT('',(0.,43.7615728752539,-23.0000000744999));
#4675=CARTESIAN_POINT('',(5.1,29.4000000000001,-23.0000000744999));
#4676=CARTESIAN_POINT('',(2.55,29.4000000000001,-23.0000000744999));
#4677=CARTESIAN_POINT('',(5.1,6.0000000000001,-23.0000000745));
#4678=CARTESIAN_POINT('',(5.1,-2.79499999999997,-23.0000000745));
#4679=CARTESIAN_POINT('',(40.5,6.0000000000001,-23.0000000745));
#4680=CARTESIAN_POINT('',(20.25,6.0000000000001,-23.0000000745));
#4681=CARTESIAN_POINT('',(40.5,29.4000000000001,-23.0000000744999));
#4682=CARTESIAN_POINT('',(40.5,8.90500000000003,-23.0000000745));
#4683=CARTESIAN_POINT('',(30.3,29.4000000000001,-23.0000000744999));
#4684=CARTESIAN_POINT('',(14.65,29.4000000000001,-23.0000000744999));
#4685=CARTESIAN_POINT('',(29.3,30.4000000000001,-23.0000000744999));
#4686=CARTESIAN_POINT('Origin',(30.3,30.4000000000001,-23.0000000745));
#4687=CARTESIAN_POINT('',(29.3,32.7000000000001,-23.0000000744999));
#4688=CARTESIAN_POINT('',(29.3,10.555,-23.0000000745));
#4689=CARTESIAN_POINT('',(8.15,32.7000000000001,-23.0000000744999));
#4690=CARTESIAN_POINT('',(7.85,-4.,-23.0000000745));
#4691=CARTESIAN_POINT('Origin',(10.,-4.,-23.0000000745));
#4692=CARTESIAN_POINT('Origin',(30.3,30.4000000000001,-21.0000000745));
#4693=CARTESIAN_POINT('',(30.3,29.4000000000001,-21.0000000744999));
#4694=CARTESIAN_POINT('',(30.3,29.4000000000001,-21.0000000745));
#4695=CARTESIAN_POINT('',(29.3,30.4000000000001,-21.0000000744999));
#4696=CARTESIAN_POINT('Origin',(30.3,30.4000000000001,-21.0000000745));
#4697=CARTESIAN_POINT('',(29.3,30.4000000000001,-21.0000000745));
#4698=CARTESIAN_POINT('Origin',(29.3,32.7000000000001,-21.0000000745));
#4699=CARTESIAN_POINT('',(29.3,32.7000000000001,-21.0000000745));
#4700=CARTESIAN_POINT('',(29.3,10.555,-21.0000000745));
#4701=CARTESIAN_POINT('',(29.3,32.7000000000001,-21.0000000745));
#4702=CARTESIAN_POINT('Origin',(16.3,-0.500000000000026,-21.0000000745));
#4703=CARTESIAN_POINT('',(16.3,-0.500000000000026,-21.0000000745));
#4704=CARTESIAN_POINT('',(16.3,6.00000000000007,-21.0000000745));
#4705=CARTESIAN_POINT('',(16.3,-6.04500000000004,-21.0000000745));
#4706=CARTESIAN_POINT('',(16.3,-0.500000000000026,-22.0000000745));
#4707=CARTESIAN_POINT('',(16.3,-0.500000000000026,-21.0000000745));
#4708=CARTESIAN_POINT('',(16.3,6.00000000000007,-22.0000000745));
#4709=CARTESIAN_POINT('',(16.3,-0.500000000000026,-22.0000000745));
#4710=CARTESIAN_POINT('',(16.3,6.0000000000001,-21.0000000745));
#4711=CARTESIAN_POINT('Origin',(29.3,-0.500000000000028,-21.0000000745));
#4712=CARTESIAN_POINT('',(29.3,-0.500000000000027,-21.0000000745));
#4713=CARTESIAN_POINT('',(14.65,-0.500000000000025,-21.0000000745));
#4714=CARTESIAN_POINT('',(29.3,-0.500000000000027,-22.0000000745));
#4715=CARTESIAN_POINT('',(29.3,-0.500000000000027,-21.0000000745));
#4716=CARTESIAN_POINT('',(29.3,-0.500000000000028,-22.0000000745));
#4717=CARTESIAN_POINT('Origin',(29.3,6.00000000000007,-21.0000000745));
#4718=CARTESIAN_POINT('',(29.3,6.00000000000007,-21.0000000745));
#4719=CARTESIAN_POINT('',(29.3,-2.79499999999999,-21.0000000745));
#4720=CARTESIAN_POINT('',(29.3,6.00000000000007,-22.0000000745));
#4721=CARTESIAN_POINT('',(29.3,6.0000000000001,-21.0000000745));
#4722=CARTESIAN_POINT('',(29.3,6.00000000000007,-22.0000000745));
#4723=CARTESIAN_POINT('Origin',(22.8,2.75000000000002,-22.0000000745));
#4724=CARTESIAN_POINT('',(31.65,6.0000000000001,-22.0000000745));
#4725=CARTESIAN_POINT('Origin',(40.5,6.0000000000001,-21.0000000745));
#4726=CARTESIAN_POINT('',(40.5,6.0000000000001,-21.0000000745));
#4727=CARTESIAN_POINT('',(20.25,6.0000000000001,-21.0000000745));
#4728=CARTESIAN_POINT('',(40.5,6.0000000000001,-21.0000000745));
#4729=CARTESIAN_POINT('',(5.1,6.0000000000001,-21.0000000745));
#4730=CARTESIAN_POINT('',(5.1,6.0000000000001,-21.0000000745));
#4731=CARTESIAN_POINT('',(20.25,6.0000000000001,-21.0000000745));
#4732=CARTESIAN_POINT('Origin',(5.1,6.0000000000001,-21.0000000745));
#4733=CARTESIAN_POINT('',(5.1,29.4000000000001,-21.0000000745));
#4734=CARTESIAN_POINT('',(5.1,29.4000000000001,-21.0000000745));
#4735=CARTESIAN_POINT('',(5.1,-2.79499999999997,-21.0000000745));
#4736=CARTESIAN_POINT('Origin',(40.5,29.4000000000001,-21.0000000745));
#4737=CARTESIAN_POINT('',(40.5,29.4000000000001,-21.0000000745));
#4738=CARTESIAN_POINT('',(40.5,8.90500000000003,-21.0000000745));
#4739=CARTESIAN_POINT('',(40.5,29.4000000000001,-21.0000000745));
#4740=CARTESIAN_POINT('Origin',(29.3,29.4000000000001,-21.0000000745));
#4741=CARTESIAN_POINT('',(14.65,29.4000000000001,-21.0000000744999));
#4742=CARTESIAN_POINT('Origin',(16.3,32.7000000000001,-21.0000000745));
#4743=CARTESIAN_POINT('',(8.15,32.7000000000001,-21.0000000744999));
#4744=CARTESIAN_POINT('Origin',(5.1,29.4000000000001,-21.0000000745));
#4745=CARTESIAN_POINT('',(2.55,29.4000000000001,-21.0000000744999));
#4746=CARTESIAN_POINT('Origin',(4.2,47.1586038969322,-17.744390409059));
#4747=CARTESIAN_POINT('',(4.1,43.9029942314912,-21.1414214307372));
#4748=CARTESIAN_POINT('',(4.3,43.7615728752539,-21.0000000744999));
#4749=CARTESIAN_POINT('',(4.2,43.8322835533726,-21.0707107526186));
#4750=CARTESIAN_POINT('',(4.3,51.,-13.7615729497538));
#4751=CARTESIAN_POINT('',(4.3,47.0878932188135,-17.6736797309403));
#4752=CARTESIAN_POINT('',(4.1,51.1414213562373,-13.9029943059911));
#4753=CARTESIAN_POINT('',(3.49999999999998,51.5656854249492,-14.3272583747031));
#4754=CARTESIAN_POINT('',(4.1,47.2293145750508,-17.8151010871776));
#4755=CARTESIAN_POINT('Origin',(4.1,51.,-13.7615729497538));
#4756=CARTESIAN_POINT('',(4.1,52.2727922061358,-15.0343651558896));
#4757=CARTESIAN_POINT('',(4.1,51.,-13.7615729497538));
#4758=CARTESIAN_POINT('',(4.1,45.0343650813897,-22.2727922806357));
#4759=CARTESIAN_POINT('',(4.1,48.3606854249493,-18.9464719370761));
#4760=CARTESIAN_POINT('',(4.1,43.7615728752539,-21.0000000744999));
#4761=CARTESIAN_POINT('Origin',(1.2,43.5393903345591,-21.363603971432));
#4762=CARTESIAN_POINT('',(1.3,51.1414213562373,-13.9029943059911));
#4763=CARTESIAN_POINT('',(1.1,51.,-13.7615729497538));
#4764=CARTESIAN_POINT('',(1.2,51.0707106781187,-13.8322836278725));
#4765=CARTESIAN_POINT('',(1.1,43.7615728752539,-21.0000000744999));
#4766=CARTESIAN_POINT('',(1.1,43.4686796564405,-21.2928932933134));
#4767=CARTESIAN_POINT('',(1.3,43.9029942314912,-21.1414214307372));
#4768=CARTESIAN_POINT('',(1.90000000000001,44.3272583002032,-21.5656854994492));
#4769=CARTESIAN_POINT('',(1.3,43.6101010126778,-21.4343146495507));
#4770=CARTESIAN_POINT('Origin',(1.3,43.7615728752539,-21.0000000744999));
#4771=CARTESIAN_POINT('',(1.3,45.0343650813897,-22.2727922806357));
#4772=CARTESIAN_POINT('',(1.3,43.7615728752539,-21.0000000744999));
#4773=CARTESIAN_POINT('',(1.3,52.2727922061358,-15.0343651558896));
#4774=CARTESIAN_POINT('',(1.3,44.7414718625763,-22.5656854994492));
#4775=CARTESIAN_POINT('',(1.3,51.,-13.7615729497538));
#4776=CARTESIAN_POINT('Origin',(0.,45.0309179911433,-22.4105896593076));
#4777=CARTESIAN_POINT('',(4.29,45.0274709008969,-22.5483870379794));
#4778=CARTESIAN_POINT('',(2.70792482986767,45.08487675235,-20.2535890242315));
#4779=CARTESIAN_POINT('',(1.11,45.0274709008969,-22.5483870379794));
#4780=CARTESIAN_POINT('',(0.,45.0274709008969,-22.5483870379794));
#4781=CARTESIAN_POINT('',(0.956153309930392,45.0218885490571,-22.7715414654418));
#4782=CARTESIAN_POINT('',(0.,45.0343650813897,-22.2727922806357));
#4783=CARTESIAN_POINT('Origin',(4.1,43.7615728752539,-21.0000000744999));
#4784=CARTESIAN_POINT('',(0.,43.7615728752539,-21.0000000744999));
#4785=CARTESIAN_POINT('Origin',(1.2,44.8121825406949,-22.6363961775678));
#4786=CARTESIAN_POINT('',(1.1,52.3745879494034,-15.2154121250966));
#4787=CARTESIAN_POINT('',(1.17430810902845,52.4505473830281,-15.0343651558896));
#4788=CARTESIAN_POINT('Origin',(-1.14999999999999,54.65,-16.1219805898393));
#4789=CARTESIAN_POINT('',(1.1,52.5556349186104,-15.0343651558896));
#4790=CARTESIAN_POINT('',(1.1,45.175786437627,-22.414213636873));
#4791=CARTESIAN_POINT('Origin',(3.10000000000009,43.7615728752539,-21.0000000744999));
#4792=CARTESIAN_POINT('',(1.1,44.8828932188136,-22.7071068556865));
#4793=CARTESIAN_POINT('Origin',(4.2,48.431396103068,-19.0171826151948));
#4794=CARTESIAN_POINT('',(4.3,52.5556349186104,-15.0343651558896));
#4795=CARTESIAN_POINT('',(4.3,45.175786437627,-22.414213636873));
#4796=CARTESIAN_POINT('',(4.3,48.5021067811866,-19.0878932933134));
#4797=CARTESIAN_POINT('Origin',(2.29999999999994,43.7615728752539,-21.0000000744999));
#4798=CARTESIAN_POINT('',(4.1,52.2727922061358,-15.0343651558896));
#4799=CARTESIAN_POINT('Origin',(0.65,52.4142135623731,-15.0343651558896));
#4800=CARTESIAN_POINT('',(1.26942863210636,52.5556349186104,-15.0343651558896));
#4801=CARTESIAN_POINT('Origin',(-1.14999999999999,54.65,-15.0343651558896));
#4802=CARTESIAN_POINT('',(0.65,52.5556349186104,-15.0343651558896));
#4803=CARTESIAN_POINT('',(0.65,52.2727922061358,-15.0343651558896));
#4804=CARTESIAN_POINT('Origin',(0.,44.5900000000001,-23.0000000744999));
#4805=CARTESIAN_POINT('',(-3.,57.2610342778294,-10.3289657966706));
#4806=CARTESIAN_POINT('Origin',(-1.14999999999999,54.65,-12.9400000745));
#4807=CARTESIAN_POINT('',(-3.,57.9142135623731,-9.67578651212691));
#4808=CARTESIAN_POINT('',(-3.,39.8175000000001,-27.7725000745));
#4809=CARTESIAN_POINT('',(4.34244132732859,57.9142135623731,-9.67578651212691));
#4810=CARTESIAN_POINT('',(0.,57.9142135623731,-9.67578651212691));
#4811=CARTESIAN_POINT('',(11.3357741969179,45.175786437627,-22.414213636873));
#4812=CARTESIAN_POINT('',(9.57364031740764,48.3855312655613,-19.2044688089387));
#4813=CARTESIAN_POINT('',(0.,45.175786437627,-22.414213636873));
#4814=CARTESIAN_POINT('Origin',(0.,44.5900000000001,-23.0000000744999));
#4815=CARTESIAN_POINT('',(-3.,45.175786437627,-22.414213636873));
#4816=CARTESIAN_POINT('',(0.,45.175786437627,-22.414213636873));
#4817=CARTESIAN_POINT('',(-3.,52.0389657221706,-15.5510343523294));
#4818=CARTESIAN_POINT('',(-3.,39.8175000000001,-27.7725000745));
#4819=CARTESIAN_POINT('Origin',(-1.14999999999999,54.65,-12.9400000745));
#4820=CARTESIAN_POINT('Origin',(1.3,51.,-13.7615729497538));
#4821=CARTESIAN_POINT('',(2.5,51.,-13.7615729497538));
#4822=CARTESIAN_POINT('',(0.65,51.,-13.7615729497538));
#4823=CARTESIAN_POINT('',(1.25,51.,-13.7615729497538));
#4824=CARTESIAN_POINT('Origin',(48.6,-21.6663203435597,-12.782258374703));
#4825=CARTESIAN_POINT('',(48.7,-13.3071572875254,-21.2828427869746));
#4826=CARTESIAN_POINT('',(48.7,-18.1154833995939,-16.4745166749061));
#4827=CARTESIAN_POINT('',(48.7,-21.7370310216783,-12.8529690528217));
#4828=CARTESIAN_POINT('',(48.5,-17.8326406871193,-16.4745166749061));
#4829=CARTESIAN_POINT('',(48.7,-18.1154833995939,-16.4745166749061));
#4830=CARTESIAN_POINT('',(48.5,-13.3071572875254,-21.0000000745));
#4831=CARTESIAN_POINT('',(48.5,-21.595609665441,-12.7115476965844));
#4832=CARTESIAN_POINT('',(48.5,-13.3071572875254,-21.0000000745));
#4833=CARTESIAN_POINT('Origin',(22.35,-17.9740620433566,-16.4745166749061));
#4834=CARTESIAN_POINT('',(44.5,-18.1154833995939,-16.4745166749061));
#4835=CARTESIAN_POINT('',(22.35,-18.1154833995939,-16.4745166749061));
#4836=CARTESIAN_POINT('',(44.7,-17.8326406871193,-16.4745166749061));
#4837=CARTESIAN_POINT('',(44.5,-18.1154833995939,-16.4745166749061));
#4838=CARTESIAN_POINT('',(22.35,-17.8326406871193,-16.4745166749061));
#4839=CARTESIAN_POINT('Origin',(44.6,-19.4035786437627,-15.0450000745));
#4840=CARTESIAN_POINT('',(44.5,-13.3071572875254,-21.2828427869746));
#4841=CARTESIAN_POINT('',(44.5,-19.4742893218814,-15.1157107526187));
#4842=CARTESIAN_POINT('',(44.7,-13.3071572875254,-21.0000000745));
#4843=CARTESIAN_POINT('',(44.5,-13.3071572875254,-21.2828427869746));
#4844=CARTESIAN_POINT('',(44.7,-19.3328679656441,-14.9742893963813));
#4845=CARTESIAN_POINT('Origin',(24.25,-13.3071572875254,-21.1414214307373));
#4846=CARTESIAN_POINT('',(24.25,-13.3071572875254,-21.0000000745));
#4847=CARTESIAN_POINT('',(24.25,-13.3071572875254,-21.2828427869746));
#4848=CARTESIAN_POINT('Origin',(48.5,-13.4485786437627,-21.1414214307373));
#4849=CARTESIAN_POINT('',(48.5,-12.175786437627,-19.8686292246015));
#4850=CARTESIAN_POINT('',(48.5,-13.4485786437627,-21.1414214307373));
#4851=CARTESIAN_POINT('',(44.7,-12.175786437627,-19.8686292246015));
#4852=CARTESIAN_POINT('',(24.25,-12.175786437627,-19.8686292246015));
#4853=CARTESIAN_POINT('',(44.7,-13.4485786437627,-21.1414214307373));
#4854=CARTESIAN_POINT('Origin',(48.5,-17.9740620433566,-16.6159380311434));
#4855=CARTESIAN_POINT('',(48.5,-16.7012698372209,-15.3431458250076));
#4856=CARTESIAN_POINT('',(48.5,-17.9740620433566,-16.6159380311434));
#4857=CARTESIAN_POINT('',(48.5,-20.4642388155425,-11.5801768466859));
#4858=CARTESIAN_POINT('Origin',(0.,-25.5,-9.0900000745));
#4859=CARTESIAN_POINT('',(52.,-19.0389657221706,-15.5510343523294));
#4860=CARTESIAN_POINT('',(46.95,-21.65,-12.9400000745));
#4861=CARTESIAN_POINT('Origin',(50.15,-21.65,-12.9400000745));
#4862=CARTESIAN_POINT('',(52.,-24.2610342778294,-10.3289657966706));
#4863=CARTESIAN_POINT('Origin',(50.15,-21.65,-12.9400000745));
#4864=CARTESIAN_POINT('',(52.,-24.9142135623731,-9.67578651212691));
#4865=CARTESIAN_POINT('',(52.,-13.7725,-20.8175000745));
#4866=CARTESIAN_POINT('',(41.1821343371139,-24.9142135623731,-9.67578651212691));
#4867=CARTESIAN_POINT('',(0.,-24.9142135623731,-9.67578651212691));
#4868=CARTESIAN_POINT('',(34.1709809532929,-12.175786437627,-22.4142136368731));
#4869=CARTESIAN_POINT('',(36.2673797136932,-15.9846922441084,-18.6053078303917));
#4870=CARTESIAN_POINT('',(52.,-12.175786437627,-22.4142136368731));
#4871=CARTESIAN_POINT('',(0.,-12.175786437627,-22.4142136368731));
#4872=CARTESIAN_POINT('',(52.,-13.7725,-20.8175000745));
#4873=CARTESIAN_POINT('',(42.4,-18.1154833995939,-16.4745166749061));
#4874=CARTESIAN_POINT('',(38.2,-18.1154833995939,-16.4745166749061));
#4875=CARTESIAN_POINT('',(19.2,-18.1154833995939,-16.4745166749061));
#4876=CARTESIAN_POINT('',(42.4,-13.3071572875254,-21.2828427869746));
#4877=CARTESIAN_POINT('',(42.4,-21.7370310216783,-12.8529690528217));
#4878=CARTESIAN_POINT('',(38.2,-13.3071572875254,-21.2828427869746));
#4879=CARTESIAN_POINT('',(21.1,-13.3071572875254,-21.2828427869746));
#4880=CARTESIAN_POINT('',(38.2,-19.4742893218814,-15.1157107526187));
#4881=CARTESIAN_POINT('Origin',(19.2,-17.9740620433566,-16.4745166749061));
#4882=CARTESIAN_POINT('',(38.4,-17.8326406871193,-16.4745166749061));
#4883=CARTESIAN_POINT('',(38.2,-18.1154833995939,-16.4745166749061));
#4884=CARTESIAN_POINT('',(42.2,-17.8326406871193,-16.4745166749061));
#4885=CARTESIAN_POINT('',(19.2,-17.8326406871193,-16.4745166749061));
#4886=CARTESIAN_POINT('',(42.2,-17.8326406871193,-16.4745166749061));
#4887=CARTESIAN_POINT('Origin',(38.3,-19.4035786437627,-15.0450000745));
#4888=CARTESIAN_POINT('',(38.4,-13.3071572875254,-21.0000000745));
#4889=CARTESIAN_POINT('',(38.2,-13.3071572875254,-21.2828427869746));
#4890=CARTESIAN_POINT('',(38.4,-19.3328679656441,-14.9742893963813));
#4891=CARTESIAN_POINT('Origin',(21.1,-13.3071572875254,-21.1414214307373));
#4892=CARTESIAN_POINT('',(42.2,-13.3071572875254,-21.0000000745));
#4893=CARTESIAN_POINT('',(42.4,-13.3071572875254,-21.2828427869746));
#4894=CARTESIAN_POINT('',(21.1,-13.3071572875254,-21.0000000745));
#4895=CARTESIAN_POINT('Origin',(42.3,-21.6663203435597,-12.782258374703));
#4896=CARTESIAN_POINT('',(42.2,-21.595609665441,-12.7115476965844));
#4897=CARTESIAN_POINT('Origin',(42.2,-17.9740620433566,-16.6159380311434));
#4898=CARTESIAN_POINT('',(42.2,-16.7012698372209,-15.3431458250076));
#4899=CARTESIAN_POINT('',(42.2,-17.9740620433566,-16.6159380311434));
#4900=CARTESIAN_POINT('',(42.2,-12.175786437627,-19.8686292246015));
#4901=CARTESIAN_POINT('',(42.2,-20.4642388155425,-11.5801768466859));
#4902=CARTESIAN_POINT('',(42.2,-13.4485786437627,-21.1414214307373));
#4903=CARTESIAN_POINT('Origin',(38.4,-17.9740620433566,-16.6159380311434));
#4904=CARTESIAN_POINT('',(38.4,-16.7012698372208,-15.3431458250076));
#4905=CARTESIAN_POINT('',(38.4,-17.9740620433566,-16.6159380311434));
#4906=CARTESIAN_POINT('',(19.2,-16.7012698372209,-15.3431458250076));
#4907=CARTESIAN_POINT('Origin',(19.2,-16.7012698372208,-15.2017244687703));
#4908=CARTESIAN_POINT('',(38.2,-16.7012698372208,-15.060303112533));
#4909=CARTESIAN_POINT('',(42.4,-16.7012698372208,-15.060303112533));
#4910=CARTESIAN_POINT('',(19.2,-16.7012698372208,-15.060303112533));
#4911=CARTESIAN_POINT('',(42.4,-16.7012698372208,-15.060303112533));
#4912=CARTESIAN_POINT('',(38.4,-16.7012698372208,-15.3431458250076));
#4913=CARTESIAN_POINT('Origin',(38.3,-18.1307864376269,-13.7722078683642));
#4914=CARTESIAN_POINT('',(38.4,-12.175786437627,-19.8686292246015));
#4915=CARTESIAN_POINT('',(38.4,-18.2014971157456,-13.8429185464829));
#4916=CARTESIAN_POINT('',(38.2,-11.8929437251523,-19.8686292246015));
#4917=CARTESIAN_POINT('',(38.4,-12.175786437627,-19.8686292246015));
#4918=CARTESIAN_POINT('',(38.2,-18.0600757595083,-13.7014971902456));
#4919=CARTESIAN_POINT('Origin',(21.1,-12.0343650813896,-19.8686292246015));
#4920=CARTESIAN_POINT('',(42.4,-11.8929437251523,-19.8686292246015));
#4921=CARTESIAN_POINT('',(21.1,-11.8929437251523,-19.8686292246015));
#4922=CARTESIAN_POINT('',(21.1,-12.175786437627,-19.8686292246015));
#4923=CARTESIAN_POINT('',(42.2,-12.175786437627,-19.8686292246015));
#4924=CARTESIAN_POINT('Origin',(42.3,-20.3935281374239,-11.5094661685673));
#4925=CARTESIAN_POINT('',(42.4,-20.3228174593052,-11.4387554904486));
#4926=CARTESIAN_POINT('Origin',(38.4,-13.4485786437627,-21.1414214307373));
#4927=CARTESIAN_POINT('',(38.4,-13.4485786437627,-21.1414214307373));
#4928=CARTESIAN_POINT('Origin',(0.,-24.0857864376269,-7.67578651212691));
#4929=CARTESIAN_POINT('',(46.5,-18.,-13.7615729497538));
#4930=CARTESIAN_POINT('',(52.,-18.,-13.7615729497538));
#4931=CARTESIAN_POINT('',(23.25,-18.,-13.7615729497538));
#4932=CARTESIAN_POINT('',(52.,-10.7615728752539,-21.0000000745));
#4933=CARTESIAN_POINT('',(52.,-12.3582864376269,-19.4032865121269));
#4934=CARTESIAN_POINT('',(34.1709809532929,-10.7615728752539,-21.0000000745));
#4935=CARTESIAN_POINT('',(0.,-10.7615728752539,-21.0000000745));
#4936=CARTESIAN_POINT('',(41.1821343371139,-23.5,-8.26157294975382));
#4937=CARTESIAN_POINT('',(36.2673797136932,-14.5704786817353,-17.1910942680186));
#4938=CARTESIAN_POINT('',(46.5,-23.5,-8.26157294975381));
#4939=CARTESIAN_POINT('',(0.,-23.5,-8.26157294975381));
#4940=CARTESIAN_POINT('',(46.5,-24.6082864376269,-7.15328651212691));
#4941=CARTESIAN_POINT('',(48.7,-16.7012698372209,-15.060303112533));
#4942=CARTESIAN_POINT('',(48.7,-11.8929437251523,-19.8686292246015));
#4943=CARTESIAN_POINT('',(48.7,-20.3228174593052,-11.4387554904486));
#4944=CARTESIAN_POINT('',(44.5,-16.7012698372209,-15.060303112533));
#4945=CARTESIAN_POINT('',(22.35,-16.7012698372208,-15.060303112533));
#4946=CARTESIAN_POINT('',(44.5,-11.8929437251523,-19.8686292246015));
#4947=CARTESIAN_POINT('',(44.5,-18.0600757595083,-13.7014971902456));
#4948=CARTESIAN_POINT('',(24.25,-11.8929437251523,-19.8686292246015));
#4949=CARTESIAN_POINT('Origin',(48.6,-20.3935281374239,-11.5094661685673));
#4950=CARTESIAN_POINT('',(48.7,-11.8929437251523,-19.8686292246015));
#4951=CARTESIAN_POINT('',(48.5,-16.7012698372208,-15.3431458250076));
#4952=CARTESIAN_POINT('Origin',(22.35,-16.7012698372208,-15.2017244687703));
#4953=CARTESIAN_POINT('',(44.7,-16.7012698372208,-15.3431458250076));
#4954=CARTESIAN_POINT('',(22.35,-16.7012698372208,-15.3431458250076));
#4955=CARTESIAN_POINT('',(44.7,-16.7012698372208,-15.3431458250076));
#4956=CARTESIAN_POINT('Origin',(44.6,-18.1307864376269,-13.7722078683642));
#4957=CARTESIAN_POINT('',(44.7,-18.2014971157456,-13.8429185464829));
#4958=CARTESIAN_POINT('',(44.7,-12.175786437627,-19.8686292246015));
#4959=CARTESIAN_POINT('Origin',(24.25,-12.0343650813896,-19.8686292246015));
#4960=CARTESIAN_POINT('Origin',(44.7,-17.9740620433566,-16.6159380311434));
#4961=CARTESIAN_POINT('',(44.7,-17.9740620433566,-16.6159380311434));
#4962=CARTESIAN_POINT('Origin',(42.2,-13.4485786437627,-21.1414214307373));
#4963=CARTESIAN_POINT('Origin',(44.7,-13.4485786437627,-21.1414214307373));
#4964=CARTESIAN_POINT('Origin',(-1.14999999999999,-21.65,-23.0000000745));
#4965=CARTESIAN_POINT('',(-3.,-24.2610342778294,-10.3289657966706));
#4966=CARTESIAN_POINT('',(-3.,-19.0389657221706,-15.5510343523294));
#4967=CARTESIAN_POINT('Origin',(-1.14999999999999,-21.65,-12.9400000745));
#4968=CARTESIAN_POINT('',(-4.34999999999999,-21.65,-12.1984366252248));
#4969=CARTESIAN_POINT('Ctrl Pts',(-4.34999999999999,-21.65,-12.1984366252248));
#4970=CARTESIAN_POINT('Ctrl Pts',(-4.34999999999999,-21.9973404338168,-11.851096191408));
#4971=CARTESIAN_POINT('Ctrl Pts',(-4.28940522320265,-22.4168249717482,-11.5257511731777));
#4972=CARTESIAN_POINT('Ctrl Pts',(-3.95481838169115,-23.2551374951862,-11.0080513442278));
#4973=CARTESIAN_POINT('Ctrl Pts',(-3.67648184746351,-23.6623033943041,-10.7998164684744));
#4974=CARTESIAN_POINT('Ctrl Pts',(-3.25040675336832,-24.0688531128457,-10.5032350674522));
#4975=CARTESIAN_POINT('Ctrl Pts',(-3.12833027784552,-24.1701082352147,-10.4198918392853));
#4976=CARTESIAN_POINT('Ctrl Pts',(-3.,-24.2610342778294,-10.3289657966706));
#4977=CARTESIAN_POINT('',(-4.34999999999999,-21.65,-9.70000007450002));
#4978=CARTESIAN_POINT('',(-4.34999999999999,-21.65,-23.0000000745));
#4979=CARTESIAN_POINT('Origin',(-1.14999999999999,-21.65,-9.70000007450002));
#4980=CARTESIAN_POINT('Ctrl Pts',(-3.,-19.0389657221706,-15.5510343523294));
#4981=CARTESIAN_POINT('Ctrl Pts',(-3.13762141077618,-19.1364748250184,-15.4535252494816));
#4982=CARTESIAN_POINT('Ctrl Pts',(-3.25840250486939,-19.2387762242531,-15.3312482838141));
#4983=CARTESIAN_POINT('Ctrl Pts',(-3.70354848938839,-19.6635228879849,-14.7916111802362));
#4984=CARTESIAN_POINT('Ctrl Pts',(-3.93467409528606,-20.0189890133501,-14.2582394667485));
#4985=CARTESIAN_POINT('Ctrl Pts',(-4.26009720936615,-20.7886885218213,-13.186494997179));
#4986=CARTESIAN_POINT('Ctrl Pts',(-4.34999999999999,-21.2021777670592,-12.6462588581655));
#4987=CARTESIAN_POINT('Ctrl Pts',(-4.34999999999999,-21.65,-12.1984366252248));
#4988=CARTESIAN_POINT('Origin',(-1.14999999999999,-21.65,-9.70000007450002));
#4989=CARTESIAN_POINT('',(0.550000000000007,-21.65,-9.70000007450002));
#4990=CARTESIAN_POINT('Origin',(-1.14999999999999,-21.65,-9.70000007450002));
#4991=CARTESIAN_POINT('Origin',(-1.14999999999999,54.65,-23.0000000744999));
#4992=CARTESIAN_POINT('',(-4.34999999999999,54.65,-12.1984366252248));
#4993=CARTESIAN_POINT('Ctrl Pts',(-4.34999999999999,54.65,-12.1984366252248));
#4994=CARTESIAN_POINT('Ctrl Pts',(-4.34999999999999,54.2021777670592,-12.6462588581655));
#4995=CARTESIAN_POINT('Ctrl Pts',(-4.26009720936616,53.7886885218213,-13.186494997179));
#4996=CARTESIAN_POINT('Ctrl Pts',(-3.93467409528606,53.0189890133501,-14.2582394667485));
#4997=CARTESIAN_POINT('Ctrl Pts',(-3.70354848938839,52.6635228879849,-14.7916111802362));
#4998=CARTESIAN_POINT('Ctrl Pts',(-3.25840250486939,52.2387762242531,-15.3312482838141));
#4999=CARTESIAN_POINT('Ctrl Pts',(-3.13762141077619,52.1364748250184,-15.4535252494816));
#5000=CARTESIAN_POINT('Ctrl Pts',(-3.00000000000001,52.0389657221706,-15.5510343523294));
#5001=CARTESIAN_POINT('',(-4.34999999999999,54.65,-9.70000007449991));
#5002=CARTESIAN_POINT('',(-4.34999999999999,54.65,-23.0000000744999));
#5003=CARTESIAN_POINT('Origin',(-1.14999999999999,54.65,-9.70000007449991));
#5004=CARTESIAN_POINT('Ctrl Pts',(-3.,57.2610342778294,-10.3289657966706));
#5005=CARTESIAN_POINT('Ctrl Pts',(-3.12833027784552,57.1701082352147,-10.4198918392853));
#5006=CARTESIAN_POINT('Ctrl Pts',(-3.25040675336832,57.0688531128457,-10.5032350674522));
#5007=CARTESIAN_POINT('Ctrl Pts',(-3.67648184746351,56.6623033943041,-10.7998164684745));
#5008=CARTESIAN_POINT('Ctrl Pts',(-3.95481838169115,56.2551374951862,-11.0080513442278));
#5009=CARTESIAN_POINT('Ctrl Pts',(-4.28940522320265,55.4168249717482,-11.5257511731777));
#5010=CARTESIAN_POINT('Ctrl Pts',(-4.34999999999999,54.9973404338168,-11.851096191408));
#5011=CARTESIAN_POINT('Ctrl Pts',(-4.34999999999999,54.65,-12.1984366252248));
#5012=CARTESIAN_POINT('Origin',(-1.14999999999999,54.65,-9.70000007449991));
#5013=CARTESIAN_POINT('',(0.550000000000007,54.65,-9.70000007449991));
#5014=CARTESIAN_POINT('Origin',(-1.14999999999999,54.65,-9.70000007449991));
#5015=CARTESIAN_POINT('Origin',(50.15,-21.65,-23.0000000745));
#5016=CARTESIAN_POINT('Ctrl Pts',(52.,-24.2610342778294,-10.3289657966706));
#5017=CARTESIAN_POINT('Ctrl Pts',(52.1283302778455,-24.1701082352147,-10.4198918392853));
#5018=CARTESIAN_POINT('Ctrl Pts',(52.2504067533683,-24.0688531128457,-10.5032350674521));
#5019=CARTESIAN_POINT('Ctrl Pts',(52.6764818474635,-23.6623033943041,-10.7998164684744));
#5020=CARTESIAN_POINT('Ctrl Pts',(52.9548183816912,-23.2551374951862,-11.0080513442278));
#5021=CARTESIAN_POINT('Ctrl Pts',(53.2894052232027,-22.4168249717482,-11.5257511731777));
#5022=CARTESIAN_POINT('Ctrl Pts',(53.35,-21.9973404338168,-11.851096191408));
#5023=CARTESIAN_POINT('Ctrl Pts',(53.35,-21.2021777670592,-12.6462588581655));
#5024=CARTESIAN_POINT('Ctrl Pts',(53.2600972093662,-20.7886885218213,-13.186494997179));
#5025=CARTESIAN_POINT('Ctrl Pts',(52.9346740952861,-20.0189890133501,-14.2582394667485));
#5026=CARTESIAN_POINT('Ctrl Pts',(52.7035484893884,-19.6635228879849,-14.7916111802362));
#5027=CARTESIAN_POINT('Ctrl Pts',(52.2584025048694,-19.2387762242531,-15.3312482838141));
#5028=CARTESIAN_POINT('Ctrl Pts',(52.1376214107762,-19.1364748250184,-15.4535252494816));
#5029=CARTESIAN_POINT('Ctrl Pts',(52.,-19.0389657221706,-15.5510343523294));
#5030=CARTESIAN_POINT('',(46.95,-21.65,-9.70000007450002));
#5031=CARTESIAN_POINT('',(46.95,-21.65,-23.0000000745));
#5032=CARTESIAN_POINT('Origin',(50.15,-21.65,-9.70000007450002));
#5033=CARTESIAN_POINT('Origin',(50.15,-21.65,-9.70000007450002));
#5034=CARTESIAN_POINT('',(51.85,-21.65,-9.70000007450002));
#5035=CARTESIAN_POINT('Origin',(50.15,-21.65,-9.70000007450002));
#5036=CARTESIAN_POINT('Origin',(50.15,54.65,-23.0000000744999));
#5037=CARTESIAN_POINT('',(52.,57.2610342778294,-10.3289657966706));
#5038=CARTESIAN_POINT('',(46.95,54.65,-12.9400000745));
#5039=CARTESIAN_POINT('Origin',(50.15,54.65,-12.9400000745));
#5040=CARTESIAN_POINT('',(52.,52.0389657221706,-15.5510343523294));
#5041=CARTESIAN_POINT('Ctrl Pts',(52.,52.0389657221706,-15.5510343523294));
#5042=CARTESIAN_POINT('Ctrl Pts',(52.1376214107762,52.1364748250184,-15.4535252494816));
#5043=CARTESIAN_POINT('Ctrl Pts',(52.2584025048694,52.2387762242531,-15.3312482838141));
#5044=CARTESIAN_POINT('Ctrl Pts',(52.7035484893884,52.6635228879849,-14.7916111802362));
#5045=CARTESIAN_POINT('Ctrl Pts',(52.9346740952861,53.0189890133501,-14.2582394667485));
#5046=CARTESIAN_POINT('Ctrl Pts',(53.2600972093662,53.7886885218213,-13.186494997179));
#5047=CARTESIAN_POINT('Ctrl Pts',(53.35,54.2021777670592,-12.6462588581655));
#5048=CARTESIAN_POINT('Ctrl Pts',(53.35,54.9973404338168,-11.851096191408));
#5049=CARTESIAN_POINT('Ctrl Pts',(53.2894052232027,55.4168249717482,-11.5257511731777));
#5050=CARTESIAN_POINT('Ctrl Pts',(52.9548183816912,56.2551374951862,-11.0080513442278));
#5051=CARTESIAN_POINT('Ctrl Pts',(52.6764818474635,56.6623033943041,-10.7998164684745));
#5052=CARTESIAN_POINT('Ctrl Pts',(52.2504067533683,57.0688531128457,-10.5032350674522));
#5053=CARTESIAN_POINT('Ctrl Pts',(52.1283302778455,57.1701082352147,-10.4198918392853));
#5054=CARTESIAN_POINT('Ctrl Pts',(52.,57.2610342778294,-10.3289657966706));
#5055=CARTESIAN_POINT('Origin',(50.15,54.65,-12.9400000745));
#5056=CARTESIAN_POINT('',(46.95,54.65,-9.70000007449991));
#5057=CARTESIAN_POINT('',(46.95,54.65,-23.0000000744999));
#5058=CARTESIAN_POINT('Origin',(50.15,54.65,-9.70000007449991));
#5059=CARTESIAN_POINT('Origin',(50.15,54.65,-9.70000007449991));
#5060=CARTESIAN_POINT('',(51.85,54.65,-9.70000007449991));
#5061=CARTESIAN_POINT('Origin',(50.15,54.65,-9.70000007449991));
#5062=CARTESIAN_POINT('Origin',(-3.,-12.3582864376269,-19.4032865121269));
#5063=CARTESIAN_POINT('',(-3.,-24.9142135623731,-9.67578651212691));
#5064=CARTESIAN_POINT('',(-3.,-13.7725,-20.8175000745));
#5065=CARTESIAN_POINT('',(-5.,-23.5,-8.26157294975381));
#5066=CARTESIAN_POINT('Origin',(-3.,-23.5,-8.26157294975382));
#5067=CARTESIAN_POINT('',(-5.,-10.7615728752539,-21.0000000745));
#5068=CARTESIAN_POINT('',(-5.,-12.3582864376269,-19.4032865121269));
#5069=CARTESIAN_POINT('',(-3.,-12.175786437627,-22.4142136368731));
#5070=CARTESIAN_POINT('Origin',(-3.,-10.7615728752539,-21.0000000745));
#5071=CARTESIAN_POINT('',(-3.,-13.7725,-20.8175000745));
#5072=CARTESIAN_POINT('Origin',(-3.,38.403286437627,-26.3582865121269));
#5073=CARTESIAN_POINT('',(-5.,43.7615728752539,-21.0000000744999));
#5074=CARTESIAN_POINT('Origin',(-3.,43.7615728752539,-21.0000000744999));
#5075=CARTESIAN_POINT('',(-5.,56.5,-8.26157294975382));
#5076=CARTESIAN_POINT('',(-5.,38.403286437627,-26.3582865121269));
#5077=CARTESIAN_POINT('Origin',(-3.,56.5,-8.26157294975382));
#5078=CARTESIAN_POINT('Origin',(52.,-12.3582864376269,-19.4032865121269));
#5079=CARTESIAN_POINT('',(54.,-10.7615728752539,-21.0000000745));
#5080=CARTESIAN_POINT('Origin',(52.,-10.7615728752539,-21.0000000745));
#5081=CARTESIAN_POINT('',(54.,-23.5,-8.26157294975381));
#5082=CARTESIAN_POINT('',(54.,-12.3582864376269,-19.4032865121269));
#5083=CARTESIAN_POINT('Origin',(52.,-23.5,-8.26157294975381));
#5084=CARTESIAN_POINT('Origin',(52.,38.403286437627,-26.3582865121269));
#5085=CARTESIAN_POINT('',(52.,57.9142135623731,-9.67578651212691));
#5086=CARTESIAN_POINT('',(52.,39.8175000000001,-27.7725000745));
#5087=CARTESIAN_POINT('',(54.,56.5,-8.26157294975382));
#5088=CARTESIAN_POINT('Origin',(52.,56.5,-8.26157294975382));
#5089=CARTESIAN_POINT('',(54.,43.7615728752539,-21.0000000744999));
#5090=CARTESIAN_POINT('',(54.,38.403286437627,-26.3582865121269));
#5091=CARTESIAN_POINT('',(52.,45.175786437627,-22.414213636873));
#5092=CARTESIAN_POINT('Origin',(52.,43.7615728752539,-21.0000000744999));
#5093=CARTESIAN_POINT('',(52.,39.8175000000001,-27.7725000745));
#5094=CARTESIAN_POINT('Origin',(-1.14999999999999,54.65,-5.0000000745));
#5095=CARTESIAN_POINT('',(0.550000000000007,54.65,-5.0000000745));
#5096=CARTESIAN_POINT('Origin',(-1.14999999999999,54.65,-5.0000000745));
#5097=CARTESIAN_POINT('',(0.550000000000007,54.65,-5.0000000745));
#5098=CARTESIAN_POINT('Origin',(-1.14999999999999,-21.65,-5.0000000745));
#5099=CARTESIAN_POINT('',(0.550000000000007,-21.65,-5.0000000745));
#5100=CARTESIAN_POINT('Origin',(-1.14999999999999,-21.65,-5.0000000745));
#5101=CARTESIAN_POINT('',(0.550000000000007,-21.65,-5.0000000745));
#5102=CARTESIAN_POINT('Origin',(50.15,54.65,-5.0000000745));
#5103=CARTESIAN_POINT('',(51.85,54.65,-5.0000000745));
#5104=CARTESIAN_POINT('Origin',(50.15,54.65,-5.0000000745));
#5105=CARTESIAN_POINT('',(51.85,54.65,-5.0000000745));
#5106=CARTESIAN_POINT('Origin',(50.15,-21.65,-5.0000000745));
#5107=CARTESIAN_POINT('',(51.85,-21.65,-5.0000000745));
#5108=CARTESIAN_POINT('Origin',(50.15,-21.65,-5.0000000745));
#5109=CARTESIAN_POINT('',(51.85,-21.65,-5.0000000745));
#5110=CARTESIAN_POINT('Origin',(46.5,-18.,-5.0000000745));
#5111=CARTESIAN_POINT('',(46.5,-18.,-5.0000000745));
#5112=CARTESIAN_POINT('',(46.5,-18.,-5.0000000745));
#5113=CARTESIAN_POINT('',(52.,-18.,-5.0000000745));
#5114=CARTESIAN_POINT('',(46.5,-18.,-5.0000000745));
#5115=CARTESIAN_POINT('',(52.,-18.,-9.5000000745));
#5116=CARTESIAN_POINT('Origin',(46.5,-23.5,-5.0000000745));
#5117=CARTESIAN_POINT('',(46.5,-23.5,-5.0000000745));
#5118=CARTESIAN_POINT('',(46.5,-23.5,-5.0000000745));
#5119=CARTESIAN_POINT('',(46.5,-23.5,-5.0000000745));
#5120=CARTESIAN_POINT('Origin',(52.,16.5,-14.0000000745));
#5121=CARTESIAN_POINT('',(52.,51.,-5.0000000745));
#5122=CARTESIAN_POINT('',(52.,37.5,-5.0000000745));
#5123=CARTESIAN_POINT('',(52.,51.,-13.7615729497538));
#5124=CARTESIAN_POINT('',(52.,51.,-9.5000000745));
#5125=CARTESIAN_POINT('',(52.,43.7615728752539,-21.0000000744999));
#5126=CARTESIAN_POINT('',(52.,38.403286437627,-26.3582865121269));
#5127=CARTESIAN_POINT('',(52.,2.45499999999998,-21.0000000745));
#5128=CARTESIAN_POINT('Origin',(-3.,-18.,-5.0000000745));
#5129=CARTESIAN_POINT('',(-3.,-18.,-13.7615729497538));
#5130=CARTESIAN_POINT('',(2.5,-18.,-13.7615729497538));
#5131=CARTESIAN_POINT('',(-1.5,-18.,-13.7615729497538));
#5132=CARTESIAN_POINT('',(-3.,-18.,-5.0000000745));
#5133=CARTESIAN_POINT('',(-3.,-18.,-9.5000000745));
#5134=CARTESIAN_POINT('',(2.5,-18.,-5.0000000745));
#5135=CARTESIAN_POINT('',(-3.,-18.,-5.0000000745));
#5136=CARTESIAN_POINT('',(2.5,-18.,-5.0000000745));
#5137=CARTESIAN_POINT('Origin',(0.,-25.5,-9.0900000745));
#5138=CARTESIAN_POINT('',(11.3290190467071,-12.175786437627,-22.4142136368731));
#5139=CARTESIAN_POINT('',(0.,-12.175786437627,-22.4142136368731));
#5140=CARTESIAN_POINT('',(4.31786566288609,-24.9142135623731,-9.67578651212691));
#5141=CARTESIAN_POINT('',(3.34287383948458,-26.6856570909491,-7.9043429835509));
#5142=CARTESIAN_POINT('',(0.,-24.9142135623731,-9.67578651212691));
#5143=CARTESIAN_POINT('Origin',(0.,43.175786437627,-21.5857865121268));
#5144=CARTESIAN_POINT('',(-3.,51.,-13.7615729497538));
#5145=CARTESIAN_POINT('',(1.25,51.,-13.7615729497538));
#5146=CARTESIAN_POINT('',(-3.,43.7615728752539,-21.0000000744999));
#5147=CARTESIAN_POINT('',(-3.,38.403286437627,-26.3582865121269));
#5148=CARTESIAN_POINT('',(0.,43.7615728752539,-21.0000000744999));
#5149=CARTESIAN_POINT('Origin',(0.,43.175786437627,-21.5857865121268));
#5150=CARTESIAN_POINT('',(11.3357741969179,43.7615728752539,-21.0000000744999));
#5151=CARTESIAN_POINT('',(0.,43.7615728752539,-21.0000000744999));
#5152=CARTESIAN_POINT('',(4.34244132732859,56.5,-8.26157294975382));
#5153=CARTESIAN_POINT('',(9.57364031740764,46.9713177031883,-17.7902552465656));
#5154=CARTESIAN_POINT('',(2.5,56.5,-8.26157294975382));
#5155=CARTESIAN_POINT('',(0.,56.5,-8.26157294975382));
#5156=CARTESIAN_POINT('',(2.5,50.653286437627,-14.1082865121269));
#5157=CARTESIAN_POINT('Origin',(2.5,51.,-5.0000000745));
#5158=CARTESIAN_POINT('',(2.5,51.,-5.0000000745));
#5159=CARTESIAN_POINT('',(2.5,51.,-5.0000000745));
#5160=CARTESIAN_POINT('',(-3.,51.,-5.0000000745));
#5161=CARTESIAN_POINT('',(-3.,51.,-5.0000000745));
#5162=CARTESIAN_POINT('',(-3.,51.,-9.5000000745));
#5163=CARTESIAN_POINT('Origin',(-3.,16.5,-14.0000000745));
#5164=CARTESIAN_POINT('',(-3.,-10.7615728752539,-21.0000000745));
#5165=CARTESIAN_POINT('',(-3.,-12.3582864376269,-19.4032865121269));
#5166=CARTESIAN_POINT('',(-3.,2.45499999999998,-21.0000000745));
#5167=CARTESIAN_POINT('',(-3.,25.320279024,-5.0000000745));
#5168=CARTESIAN_POINT('',(-3.,-4.5,-5.0000000745));
#5169=CARTESIAN_POINT('',(-3.,25.320279024,-0.7500000745));
#5170=CARTESIAN_POINT('',(-3.,25.320279024,-5.0000000745));
#5171=CARTESIAN_POINT('',(-3.,24.570279024,-7.45000006130425E-8));
#5172=CARTESIAN_POINT('',(-3.,26.240209268,-1.66993031849999));
#5173=CARTESIAN_POINT('',(-3.,14.0702789048,-7.45000006130425E-8));
#5174=CARTESIAN_POINT('',(-3.,13.3202789048,-7.45000006130425E-8));
#5175=CARTESIAN_POINT('',(-3.,13.3202789048,-0.7500000745));
#5176=CARTESIAN_POINT('',(-3.,10.9902091786,-3.0800698007));
#5177=CARTESIAN_POINT('',(-3.,13.3202789048,-5.0000000745));
#5178=CARTESIAN_POINT('',(-3.,13.3202789048,-5.0000000745));
#5179=CARTESIAN_POINT('',(-3.,-4.5,-5.0000000745));
#5180=CARTESIAN_POINT('Origin',(46.5,51.,-5.0000000745));
#5181=CARTESIAN_POINT('',(46.5,51.,-13.7615729497538));
#5182=CARTESIAN_POINT('',(46.5,56.5,-8.26157294975381));
#5183=CARTESIAN_POINT('',(46.5,49.278286437627,-15.4832865121269));
#5184=CARTESIAN_POINT('',(46.5,51.,-5.0000000745));
#5185=CARTESIAN_POINT('',(46.5,51.,-5.0000000745));
#5186=CARTESIAN_POINT('',(46.5,56.5,-5.0000000745));
#5187=CARTESIAN_POINT('',(46.5,56.5,-5.0000000745));
#5188=CARTESIAN_POINT('',(46.5,56.5,-7.0450000745));
#5189=CARTESIAN_POINT('Origin',(52.,51.,-5.0000000745));
#5190=CARTESIAN_POINT('',(26.,51.,-13.7615729497538));
#5191=CARTESIAN_POINT('',(46.5,51.,-5.0000000745));
#5192=CARTESIAN_POINT('Origin',(0.,44.5900000000001,-23.0000000744999));
#5193=CARTESIAN_POINT('',(34.1774420574703,45.175786437627,-22.414213636873));
#5194=CARTESIAN_POINT('',(0.,45.175786437627,-22.414213636873));
#5195=CARTESIAN_POINT('',(41.2056078536953,57.9142135623731,-9.67578651212691));
#5196=CARTESIAN_POINT('',(35.8457879983615,48.1996341673325,-19.3903659071675));
#5197=CARTESIAN_POINT('',(0.,57.9142135623731,-9.67578651212691));
#5198=CARTESIAN_POINT('Origin',(10.,-4.,-22.7500000745));
#5199=CARTESIAN_POINT('',(8.35,-4.,-22.5000000745));
#5200=CARTESIAN_POINT('',(8.1,-4.,-22.7500000745));
#5201=CARTESIAN_POINT('Origin',(10.,-4.,-22.5000000745));
#5202=CARTESIAN_POINT('Origin',(10.,-4.,0.));
#5203=CARTESIAN_POINT('',(8.35,-4.,-21.0000000745));
#5204=CARTESIAN_POINT('Origin',(10.,-4.,-21.0000000745));
#5205=CARTESIAN_POINT('',(8.35,-4.,0.));
#5206=CARTESIAN_POINT('Origin',(-3.5,24.945279024,-0.375000074500001));
#5207=CARTESIAN_POINT('',(-5.,25.320279024,-0.7500000745));
#5208=CARTESIAN_POINT('',(-5.,24.570279024,-7.45000006130425E-8));
#5209=CARTESIAN_POINT('',(-5.,26.240209268,-1.66993031849999));
#5210=CARTESIAN_POINT('',(-3.5,24.570279024,-7.45000006130425E-8));
#5211=CARTESIAN_POINT('',(-3.5,25.320279024,-0.7500000745));
#5212=CARTESIAN_POINT('Origin',(-4.,19.3202789644,-7.45000006130425E-8));
#5213=CARTESIAN_POINT('',(-5.,14.0702789048,-7.45000006130425E-8));
#5214=CARTESIAN_POINT('',(-5.,58.5,-7.45000006130425E-8));
#5215=CARTESIAN_POINT('',(-4.5,14.0702789048,-7.45000006130425E-8));
#5216=CARTESIAN_POINT('Origin',(-5.,16.5,-14.0000000745));
#5217=CARTESIAN_POINT('',(-5.,25.320279024,-5.0000000745));
#5218=CARTESIAN_POINT('',(-5.,25.320279024,-5.0000000745));
#5219=CARTESIAN_POINT('',(-5.,56.5,-5.0000000745));
#5220=CARTESIAN_POINT('',(-5.,-4.5,-5.0000000745));
#5221=CARTESIAN_POINT('',(-5.,56.5,-11.5450000745));
#5222=CARTESIAN_POINT('',(-5.,2.45499999999998,-21.0000000745));
#5223=CARTESIAN_POINT('',(-5.,-23.5,-5.0000000745));
#5224=CARTESIAN_POINT('',(-5.,-23.5,-9.5000000745));
#5225=CARTESIAN_POINT('',(-5.,13.3202789048,-5.0000000745));
#5226=CARTESIAN_POINT('',(-5.,-4.5,-5.0000000745));
#5227=CARTESIAN_POINT('',(-5.,13.3202789048,-0.7500000745));
#5228=CARTESIAN_POINT('',(-5.,13.3202789048,-5.0000000745));
#5229=CARTESIAN_POINT('',(-5.,10.9902091786,-3.0800698007));
#5230=CARTESIAN_POINT('Origin',(-4.5,13.6952789048,-0.375000074500001));
#5231=CARTESIAN_POINT('',(-4.5,13.3202789048,-0.7500000745));
#5232=CARTESIAN_POINT('Origin',(-5.,13.3202789048,-5.0000000745));
#5233=CARTESIAN_POINT('',(-2.5,13.3202789048,-5.0000000745));
#5234=CARTESIAN_POINT('Origin',(-3.,25.320279024,-5.0000000745));
#5235=CARTESIAN_POINT('',(-1.5,25.320279024,-5.0000000745));
#5236=CARTESIAN_POINT('Origin',(0.,58.5,-5.0000000745));
#5237=CARTESIAN_POINT('',(-3.,-25.5,-5.0000000745));
#5238=CARTESIAN_POINT('Origin',(-3.,-23.5,-5.0000000745));
#5239=CARTESIAN_POINT('',(4.31786566288609,-25.5,-5.0000000745));
#5240=CARTESIAN_POINT('',(0.,-25.5,-5.0000000745));
#5241=CARTESIAN_POINT('',(6.0700059199866,-24.4643674193209,-5.0000000745));
#5242=CARTESIAN_POINT('Origin',(4.31786566288609,-23.5,-5.0000000745));
#5243=CARTESIAN_POINT('',(6.32559094405786,-24.,-5.0000000745));
#5244=CARTESIAN_POINT('',(22.6025451621774,5.57327899840428,-5.0000000745));
#5245=CARTESIAN_POINT('',(2.5,-24.,-5.0000000745));
#5246=CARTESIAN_POINT('',(21.5,-24.,-5.0000000745));
#5247=CARTESIAN_POINT('',(2.5,-18.,-5.0000000745));
#5248=CARTESIAN_POINT('Origin',(0.,58.5,-5.0000000745));
#5249=CARTESIAN_POINT('',(2.5,57.,-5.0000000745));
#5250=CARTESIAN_POINT('',(2.5,17.25,-5.0000000745));
#5251=CARTESIAN_POINT('',(6.34951829504526,57.,-5.0000000745));
#5252=CARTESIAN_POINT('',(1.25,57.,-5.0000000745));
#5253=CARTESIAN_POINT('',(6.0956166243723,57.4624844818675,-5.0000000745));
#5254=CARTESIAN_POINT('',(9.9917648302774,50.365610800371,-5.0000000745));
#5255=CARTESIAN_POINT('',(4.34244132732859,58.5,-5.0000000745));
#5256=CARTESIAN_POINT('Origin',(4.34244132732859,56.5,-5.0000000745));
#5257=CARTESIAN_POINT('',(-3.,58.5,-5.0000000745));
#5258=CARTESIAN_POINT('',(0.,58.5,-5.0000000745));
#5259=CARTESIAN_POINT('Origin',(-3.,56.5,-5.0000000745));
#5260=CARTESIAN_POINT('Origin',(3.,36.1000000000001,-10.));
#5261=CARTESIAN_POINT('',(5.60000000000012,36.1000000000001,-21.0000000744999));
#5262=CARTESIAN_POINT('Origin',(3.,36.1000000000001,-21.0000000745));
#5263=CARTESIAN_POINT('',(5.60000000000012,36.1000000000001,-10.));
#5264=CARTESIAN_POINT('',(5.60000000000012,36.1000000000001,-10.));
#5265=CARTESIAN_POINT('Origin',(3.,36.1000000000001,-10.));
#5266=CARTESIAN_POINT('Origin',(3.,36.1000000000001,-10.));
#5267=CARTESIAN_POINT('Origin',(42.5,36.1000000000001,-10.));
#5268=CARTESIAN_POINT('',(45.1000000000001,36.1000000000001,-21.0000000744999));
#5269=CARTESIAN_POINT('Origin',(42.5,36.1000000000001,-21.0000000745));
#5270=CARTESIAN_POINT('',(45.1000000000001,36.1000000000001,-10.));
#5271=CARTESIAN_POINT('',(45.1000000000001,36.1000000000001,-10.));
#5272=CARTESIAN_POINT('Origin',(42.5,36.1000000000001,-10.));
#5273=CARTESIAN_POINT('Origin',(42.5,36.1000000000001,-10.));
#5274=CARTESIAN_POINT('Origin',(3.,-3.89999999999987,-10.));
#5275=CARTESIAN_POINT('',(6.39999999999987,-3.89999999999987,-21.0000000745));
#5276=CARTESIAN_POINT('Origin',(3.,-3.89999999999987,-21.0000000745));
#5277=CARTESIAN_POINT('',(6.39999999999987,-3.89999999999987,-10.));
#5278=CARTESIAN_POINT('',(6.39999999999987,-3.89999999999987,-10.));
#5279=CARTESIAN_POINT('Origin',(3.,-3.89999999999987,-10.));
#5280=CARTESIAN_POINT('Origin',(3.,-3.89999999999987,-10.));
#5281=CARTESIAN_POINT('Origin',(42.5,-3.89999999999987,-10.));
#5282=CARTESIAN_POINT('',(45.8999999999999,-3.89999999999987,-21.0000000745));
#5283=CARTESIAN_POINT('Origin',(42.5,-3.89999999999987,-21.0000000745));
#5284=CARTESIAN_POINT('',(45.8999999999999,-3.89999999999987,-10.));
#5285=CARTESIAN_POINT('',(45.8999999999999,-3.89999999999987,-10.));
#5286=CARTESIAN_POINT('Origin',(42.5,-3.89999999999987,-10.));
#5287=CARTESIAN_POINT('Origin',(42.5,-3.89999999999987,-10.));
#5288=CARTESIAN_POINT('Origin',(43.,-24.,-5.0000000745));
#5289=CARTESIAN_POINT('',(39.1744090559421,-24.,-5.0000000745));
#5290=CARTESIAN_POINT('',(39.1744090559421,-24.,-7.0000000745));
#5291=CARTESIAN_POINT('',(39.1744090559421,-24.,-5.0000000745));
#5292=CARTESIAN_POINT('',(43.,-24.,-5.0000000745));
#5293=CARTESIAN_POINT('',(21.5,-24.,-5.0000000745));
#5294=CARTESIAN_POINT('',(43.,-24.,-7.0000000745));
#5295=CARTESIAN_POINT('',(43.,-24.,-5.0000000745));
#5296=CARTESIAN_POINT('',(43.,-24.,-7.0000000745));
#5297=CARTESIAN_POINT('Origin',(43.,-24.,-5.0000000745));
#5298=CARTESIAN_POINT('',(6.32559094405786,-24.,-7.0000000745));
#5299=CARTESIAN_POINT('',(6.32559094405786,-24.,-5.0000000745));
#5300=CARTESIAN_POINT('',(2.5,-24.,-7.0000000745));
#5301=CARTESIAN_POINT('',(43.,-24.,-7.0000000745));
#5302=CARTESIAN_POINT('',(2.5,-24.,-5.0000000745));
#5303=CARTESIAN_POINT('Origin',(43.,57.,-5.0000000745));
#5304=CARTESIAN_POINT('',(43.,56.5,-5.0000000745));
#5305=CARTESIAN_POINT('',(43.,56.5,-7.0000000745));
#5306=CARTESIAN_POINT('',(43.,56.5,-7.0450000745));
#5307=CARTESIAN_POINT('',(43.,57.,-5.0000000745));
#5308=CARTESIAN_POINT('',(43.,57.75,-5.0000000745));
#5309=CARTESIAN_POINT('',(43.,57.,-7.0000000745));
#5310=CARTESIAN_POINT('',(43.,57.,-5.0000000745));
#5311=CARTESIAN_POINT('',(43.,57.,-7.0000000745));
#5312=CARTESIAN_POINT('Origin',(22.75,16.5,-7.0000000745));
#5313=CARTESIAN_POINT('',(41.2056078536953,56.5,-7.0000000745));
#5314=CARTESIAN_POINT('',(11.375,56.5,-7.0000000745));
#5315=CARTESIAN_POINT('',(39.1972612023844,57.,-7.0000000745));
#5316=CARTESIAN_POINT('',(2.5,57.,-7.0000000745));
#5317=CARTESIAN_POINT('',(29.7546056396666,39.8853525603554,-7.0000000745));
#5318=CARTESIAN_POINT('',(29.1267107933656,38.7473041742595,-7.0000000745));
#5319=CARTESIAN_POINT('',(15.7372988118252,39.9000620725301,-7.0000000745));
#5320=CARTESIAN_POINT('Origin',(22.75,43.75,-7.0000000745));
#5321=CARTESIAN_POINT('',(6.34951829504526,57.,-7.0000000745));
#5322=CARTESIAN_POINT('',(21.485018746087,29.4305316095329,-7.0000000745));
#5323=CARTESIAN_POINT('',(2.5,57.,-7.0000000745));
#5324=CARTESIAN_POINT('',(2.5,57.,-7.0000000745));
#5325=CARTESIAN_POINT('',(2.5,56.5,-7.0000000745));
#5326=CARTESIAN_POINT('',(2.5,-24.,-7.0000000745));
#5327=CARTESIAN_POINT('',(4.34244132732859,56.5,-7.0000000745));
#5328=CARTESIAN_POINT('',(11.375,56.5,-7.0000000745));
#5329=CARTESIAN_POINT('',(13.9841235147814,38.9375775906626,-7.0000000745));
#5330=CARTESIAN_POINT('',(19.7318434490433,28.4680471276655,-7.0000000745));
#5331=CARTESIAN_POINT('',(31.5057570495832,38.9191907004443,-7.0000000745));
#5332=CARTESIAN_POINT('Origin',(22.75,43.75,-7.0000000745));
#5333=CARTESIAN_POINT('',(30.8778622032823,37.7811423143484,-7.0000000745));
#5334=CARTESIAN_POINT('Origin',(2.5,-24.,-5.0000000745));
#5335=CARTESIAN_POINT('',(2.5,57.,-5.0000000745));
#5336=CARTESIAN_POINT('',(2.5,56.5,-7.0450000745));
#5337=CARTESIAN_POINT('Origin',(2.5,-24.,-5.0000000745));
#5338=CARTESIAN_POINT('',(2.5,-23.5,-7.0000000745));
#5339=CARTESIAN_POINT('',(2.5,-24.,-7.0000000745));
#5340=CARTESIAN_POINT('',(2.5,-23.5,-8.26157294975382));
#5341=CARTESIAN_POINT('',(2.5,-23.5,-5.0000000745));
#5342=CARTESIAN_POINT('',(2.5,-23.2332864376269,-8.52828651212691));
#5343=CARTESIAN_POINT('Origin',(2.5,57.,-5.0000000745));
#5344=CARTESIAN_POINT('',(6.34951829504526,57.,-5.0000000745));
#5345=CARTESIAN_POINT('Origin',(43.,57.,-5.0000000745));
#5346=CARTESIAN_POINT('',(43.,-23.5,-7.0000000745));
#5347=CARTESIAN_POINT('',(43.,-23.5,-5.0000000745));
#5348=CARTESIAN_POINT('',(43.,-23.5,-5.0000000745));
#5349=CARTESIAN_POINT('',(43.,57.,-7.0000000745));
#5350=CARTESIAN_POINT('',(43.,57.75,-5.0000000745));
#5351=CARTESIAN_POINT('Origin',(2.5,57.,-5.0000000745));
#5352=CARTESIAN_POINT('',(39.1972612023844,57.,-5.0000000745));
#5353=CARTESIAN_POINT('',(39.1972612023844,57.,-5.0000000745));
#5354=CARTESIAN_POINT('',(1.25,57.,-5.0000000745));
#5355=CARTESIAN_POINT('Origin',(22.75,16.5,-7.0000000745));
#5356=CARTESIAN_POINT('',(15.7414389715979,-6.89253032271623,-7.0000000745));
#5357=CARTESIAN_POINT('',(16.3762838797081,-5.73909305572697,-7.0000000745));
#5358=CARTESIAN_POINT('',(29.7585610284021,-6.89253032271622,-7.0000000745));
#5359=CARTESIAN_POINT('Origin',(22.75,-10.75,-7.0000000745));
#5360=CARTESIAN_POINT('',(24.002996634493,3.56464178291492,-7.0000000745));
#5361=CARTESIAN_POINT('',(41.1821343371139,-23.5,-7.0000000745));
#5362=CARTESIAN_POINT('',(11.375,-23.5,-7.0000000745));
#5363=CARTESIAN_POINT('',(31.5107012855026,-5.92816290339528,-7.0000000745));
#5364=CARTESIAN_POINT('',(25.7551368915935,4.52900920223587,-7.0000000745));
#5365=CARTESIAN_POINT('',(13.9892987144974,-5.92816290339528,-7.0000000745));
#5366=CARTESIAN_POINT('Origin',(22.75,-10.75,-7.0000000745));
#5367=CARTESIAN_POINT('',(4.31786566288609,-23.5,-7.0000000745));
#5368=CARTESIAN_POINT('',(14.6241436226075,-4.77472563640602,-7.0000000745));
#5369=CARTESIAN_POINT('',(11.375,-23.5,-7.0000000745));
#5370=CARTESIAN_POINT('Origin',(0.,-23.5,-5.0000000745));
#5371=CARTESIAN_POINT('',(4.31786566288609,-23.5,-8.26157294975382));
#5372=CARTESIAN_POINT('',(4.31786566288609,-23.5,-5.0000000745));
#5373=CARTESIAN_POINT('',(0.,-23.5,-8.26157294975381));
#5374=CARTESIAN_POINT('Origin',(3.74785974289948,-24.5356325806791,-5.0000000745));
#5375=CARTESIAN_POINT('',(13.9892987144974,-5.92816290339529,-21.0000000745));
#5376=CARTESIAN_POINT('',(13.9892987144974,-5.92816290339528,-5.0000000745));
#5377=CARTESIAN_POINT('',(11.3290190467071,-10.7615728752539,-21.0000000745));
#5378=CARTESIAN_POINT('',(6.04645964382597,-20.3593514862633,-21.0000000745));
#5379=CARTESIAN_POINT('',(3.34287383948458,-25.271443528576,-6.49012942117781));
#5380=CARTESIAN_POINT('Origin',(22.75,-10.75,-5.0000000745));
#5381=CARTESIAN_POINT('',(31.5107012855026,-5.92816290339528,-21.0000000745));
#5382=CARTESIAN_POINT('',(31.5107012855026,-5.92816290339528,-5.0000000745));
#5383=CARTESIAN_POINT('Origin',(22.75,-10.75,-21.0000000745));
#5384=CARTESIAN_POINT('Origin',(31.5107012855026,-5.92816290339528,-5.0000000745));
#5385=CARTESIAN_POINT('',(41.1821343371139,-23.5,-5.0000000745));
#5386=CARTESIAN_POINT('',(29.0434201660161,-1.44540821008514,-21.0000000745));
#5387=CARTESIAN_POINT('Origin',(0.,-23.5,-5.0000000745));
#5388=CARTESIAN_POINT('',(0.,-23.5,-5.0000000745));
#5389=CARTESIAN_POINT('Origin',(41.7760068349706,57.5338381400889,-5.0000000745));
#5390=CARTESIAN_POINT('',(31.5057570495832,38.9191907004443,-21.0000000745));
#5391=CARTESIAN_POINT('',(31.5057570495832,38.9191907004443,-5.0000000745));
#5392=CARTESIAN_POINT('',(34.1774420574703,43.7615728752539,-21.0000000744999));
#5393=CARTESIAN_POINT('',(22.2826416873659,22.202456020133,-21.0000000745));
#5394=CARTESIAN_POINT('',(41.2056078536953,56.5,-8.26157294975381));
#5395=CARTESIAN_POINT('',(35.8457879983615,46.7854206049594,-17.9761523447945));
#5396=CARTESIAN_POINT('',(41.2056078536953,56.5,-7.0450000745));
#5397=CARTESIAN_POINT('Origin',(22.75,43.75,-5.0000000745));
#5398=CARTESIAN_POINT('',(13.9841235147814,38.9375775906626,-21.0000000744999));
#5399=CARTESIAN_POINT('',(13.9841235147814,38.9375775906626,-5.0000000745));
#5400=CARTESIAN_POINT('Origin',(22.75,43.75,-21.0000000745));
#5401=CARTESIAN_POINT('Origin',(13.9841235147814,38.9375775906626,-5.0000000745));
#5402=CARTESIAN_POINT('',(4.34244132732859,56.5,-7.0450000745));
#5403=CARTESIAN_POINT('',(23.0223579806616,22.4743413588165,-21.0000000745));
#5404=CARTESIAN_POINT('Origin',(0.,56.5,-9.0900000745));
#5405=CARTESIAN_POINT('Origin',(0.,58.5,-5.0000000745));
#5406=CARTESIAN_POINT('',(39.4299940800134,-24.4643674193209,-5.0000000745));
#5407=CARTESIAN_POINT('',(12.4873346476646,24.4872222745825,-5.0000000745));
#5408=CARTESIAN_POINT('',(41.1821343371139,-25.5,-5.0000000745));
#5409=CARTESIAN_POINT('Origin',(41.1821343371139,-23.5,-5.0000000745));
#5410=CARTESIAN_POINT('',(52.,-25.5,-5.0000000745));
#5411=CARTESIAN_POINT('',(0.,-25.5,-5.0000000745));
#5412=CARTESIAN_POINT('',(54.,-23.5,-5.0000000745));
#5413=CARTESIAN_POINT('Origin',(52.,-23.5,-5.0000000745));
#5414=CARTESIAN_POINT('',(54.,56.5,-5.0000000745));
#5415=CARTESIAN_POINT('',(54.,37.5,-5.0000000745));
#5416=CARTESIAN_POINT('',(52.,58.5,-5.0000000745));
#5417=CARTESIAN_POINT('Origin',(52.,56.5,-5.0000000745));
#5418=CARTESIAN_POINT('',(41.2056078536953,58.5,-5.0000000745));
#5419=CARTESIAN_POINT('',(0.,58.5,-5.0000000745));
#5420=CARTESIAN_POINT('',(39.4544564437786,57.4661618599111,-5.0000000745));
#5421=CARTESIAN_POINT('Origin',(41.2056078536953,56.5,-5.0000000745));
#5422=CARTESIAN_POINT('',(35.3546115070322,50.0352648856883,-5.0000000745));
#5423=CARTESIAN_POINT('',(0.,56.5,-5.0000000745));
#5424=CARTESIAN_POINT('Origin',(0.,-11.5900000000001,-21.0000000745));
#5425=CARTESIAN_POINT('',(0.,-10.7615728752539,-21.0000000745));
#5426=CARTESIAN_POINT('',(0.,43.7615728752539,-21.0000000744999));
#5427=CARTESIAN_POINT('Origin',(0.,43.175786437627,-21.5857865121268));
#5428=CARTESIAN_POINT('',(0.,56.5,-8.26157294975382));
#5429=CARTESIAN_POINT('Origin',(0.,-24.0857864376269,-7.67578651212691));
#5430=CARTESIAN_POINT('Origin',(0.,56.5,-9.0900000745));
#5431=CARTESIAN_POINT('Origin',(-3.,56.5,-8.26157294975382));
#5432=CARTESIAN_POINT('',(-3.,58.5,-8.26157294975381));
#5433=CARTESIAN_POINT('Origin',(-3.,56.5,-8.26157294975381));
#5434=CARTESIAN_POINT('Origin',(-3.,56.5,-8.26157294975381));
#5435=CARTESIAN_POINT('Origin',(4.34244132732859,56.5,-8.26157294975382));
#5436=CARTESIAN_POINT('',(4.34244132732859,58.5,-8.26157294975381));
#5437=CARTESIAN_POINT('Origin',(4.34244132732859,56.5,-8.26157294975381));
#5438=CARTESIAN_POINT('',(6.0956166243723,57.4624844818675,-8.26157294975382));
#5439=CARTESIAN_POINT('Origin',(4.34244132732859,56.5,-8.26157294975382));
#5440=CARTESIAN_POINT('Origin',(4.34244132732859,56.5,-8.26157294975382));
#5441=CARTESIAN_POINT('Origin',(4.34244132732859,56.5,-7.0450000745));
#5442=CARTESIAN_POINT('',(6.0956166243723,57.4624844818675,-7.0450000745));
#5443=CARTESIAN_POINT('',(4.34244132732859,58.5,-7.0450000745));
#5444=CARTESIAN_POINT('Origin',(-3.,43.7615728752539,-21.0000000744999));
#5445=CARTESIAN_POINT('Origin',(-3.,43.7615728752539,-21.0000000744999));
#5446=CARTESIAN_POINT('Origin',(-3.,43.7615728752539,-21.0000000744999));
#5447=CARTESIAN_POINT('Origin',(-3.,-23.5,-8.26157294975381));
#5448=CARTESIAN_POINT('',(-3.,-25.5,-8.26157294975382));
#5449=CARTESIAN_POINT('Origin',(-3.,-23.5,-8.26157294975382));
#5450=CARTESIAN_POINT('Origin',(-3.,-23.5,-8.26157294975381));
#5451=CARTESIAN_POINT('Origin',(-3.,-23.5,-9.5000000745));
#5452=CARTESIAN_POINT('',(-3.,-25.5,-9.5000000745));
#5453=CARTESIAN_POINT('Origin',(41.2056078536953,56.5,-8.26157294975381));
#5454=CARTESIAN_POINT('',(41.2056078536953,58.5,-8.26157294975381));
#5455=CARTESIAN_POINT('',(39.4544564437786,57.4661618599111,-8.26157294975382));
#5456=CARTESIAN_POINT('Origin',(41.2056078536953,56.5,-8.26157294975381));
#5457=CARTESIAN_POINT('Origin',(41.2056078536953,56.5,-8.26157294975381));
#5458=CARTESIAN_POINT('Origin',(41.2056078536953,56.5,-8.26157294975382));
#5459=CARTESIAN_POINT('Origin',(11.3357741969179,43.7615728752539,-21.0000000744999));
#5460=CARTESIAN_POINT('Origin',(11.3357741969179,43.7615728752539,-21.0000000744999));
#5461=CARTESIAN_POINT('',(13.0889494939616,44.7240573571214,-21.0000000744999));
#5462=CARTESIAN_POINT('Origin',(11.3357741969179,43.7615728752539,-21.0000000744999));
#5463=CARTESIAN_POINT('Origin',(11.3357741969179,43.7615728752539,-21.0000000744999));
#5464=CARTESIAN_POINT('Origin',(9.57364031740764,46.9713177031882,-17.7902552465656));
#5465=CARTESIAN_POINT('',(11.3268156144514,47.9338021850557,-17.7902552465656));
#5466=CARTESIAN_POINT('Origin',(4.31786566288609,-23.5,-8.26157294975381));
#5467=CARTESIAN_POINT('',(4.31786566288609,-25.5,-8.26157294975382));
#5468=CARTESIAN_POINT('Origin',(4.31786566288609,-23.5,-8.26157294975382));
#5469=CARTESIAN_POINT('',(6.07000591998661,-24.4643674193209,-8.26157294975381));
#5470=CARTESIAN_POINT('Origin',(4.31786566288609,-23.5,-8.26157294975381));
#5471=CARTESIAN_POINT('Origin',(4.31786566288609,-23.5,-8.26157294975382));
#5472=CARTESIAN_POINT('Origin',(-3.,-10.7615728752539,-21.0000000745));
#5473=CARTESIAN_POINT('Origin',(-3.,-10.7615728752539,-21.0000000745));
#5474=CARTESIAN_POINT('Origin',(-3.,-10.7615728752539,-21.0000000745));
#5475=CARTESIAN_POINT('Origin',(-3.,2.45499999999998,-21.0000000745));
#5476=CARTESIAN_POINT('Origin',(52.,56.5,-8.26157294975382));
#5477=CARTESIAN_POINT('',(52.,58.5,-8.26157294975381));
#5478=CARTESIAN_POINT('Origin',(52.,56.5,-8.26157294975381));
#5479=CARTESIAN_POINT('Origin',(52.,56.5,-8.26157294975382));
#5480=CARTESIAN_POINT('Origin',(52.,56.5,-11.5450000745));
#5481=CARTESIAN_POINT('',(54.,56.5,-11.5450000745));
#5482=CARTESIAN_POINT('',(52.,58.5,-11.5450000745));
#5483=CARTESIAN_POINT('Origin',(34.1774420574703,43.7615728752539,-21.0000000744999));
#5484=CARTESIAN_POINT('',(32.4262906475537,44.7277347351651,-21.0000000744999));
#5485=CARTESIAN_POINT('Origin',(34.1774420574703,43.7615728752539,-21.0000000744999));
#5486=CARTESIAN_POINT('Origin',(34.1774420574703,43.7615728752539,-21.0000000744999));
#5487=CARTESIAN_POINT('Origin',(34.1774420574703,43.7615728752539,-21.0000000744999));
#5488=CARTESIAN_POINT('Origin',(11.3290190467071,-10.7615728752539,-21.0000000745));
#5489=CARTESIAN_POINT('',(13.0811593038076,-11.7259402945748,-21.0000000745));
#5490=CARTESIAN_POINT('Origin',(11.3290190467071,-10.7615728752539,-21.0000000745));
#5491=CARTESIAN_POINT('Origin',(11.3290190467071,-10.7615728752539,-21.0000000745));
#5492=CARTESIAN_POINT('Origin',(11.3290190467071,-10.7615728752539,-21.0000000745));
#5493=CARTESIAN_POINT('Origin',(0.,-10.7615728752539,-21.0000000745));
#5494=CARTESIAN_POINT('Origin',(41.1821343371139,-23.5,-8.26157294975382));
#5495=CARTESIAN_POINT('',(39.4299940800134,-24.4643674193209,-8.26157294975382));
#5496=CARTESIAN_POINT('Origin',(41.1821343371139,-23.5,-8.26157294975382));
#5497=CARTESIAN_POINT('',(41.1821343371139,-25.5,-8.26157294975382));
#5498=CARTESIAN_POINT('Origin',(41.1821343371139,-23.5,-8.26157294975382));
#5499=CARTESIAN_POINT('Origin',(41.1821343371139,-23.5,-8.26157294975382));
#5500=CARTESIAN_POINT('Origin',(52.,43.7615728752539,-21.0000000744999));
#5501=CARTESIAN_POINT('Origin',(52.,43.7615728752539,-21.0000000744999));
#5502=CARTESIAN_POINT('Origin',(52.,43.7615728752539,-21.0000000744999));
#5503=CARTESIAN_POINT('Origin',(52.,-23.5,-8.26157294975381));
#5504=CARTESIAN_POINT('',(52.,-25.5,-8.26157294975382));
#5505=CARTESIAN_POINT('Origin',(52.,-23.5,-8.26157294975382));
#5506=CARTESIAN_POINT('Origin',(52.,-23.5,-8.26157294975382));
#5507=CARTESIAN_POINT('Origin',(34.1709809532929,-10.7615728752539,-21.0000000745));
#5508=CARTESIAN_POINT('',(32.4188406961924,-11.7259402945748,-21.0000000745));
#5509=CARTESIAN_POINT('Origin',(34.1709809532929,-10.7615728752539,-21.0000000745));
#5510=CARTESIAN_POINT('Origin',(34.1709809532929,-10.7615728752539,-21.0000000745));
#5511=CARTESIAN_POINT('Origin',(34.1709809532929,-10.7615728752539,-21.0000000745));
#5512=CARTESIAN_POINT('Origin',(29.0434201660161,-1.44540821008514,-21.0000000745));
#5513=CARTESIAN_POINT('',(29.7585610284021,-6.89253032271622,-21.0000000745));
#5514=CARTESIAN_POINT('Origin',(31.5107012855026,-5.92816290339528,-21.0000000745));
#5515=CARTESIAN_POINT('',(27.2912799089156,-2.40977562940608,-21.0000000745));
#5516=CARTESIAN_POINT('Origin',(22.75,-10.75,-21.0000000745));
#5517=CARTESIAN_POINT('',(15.7414389715979,-6.89253032271623,-21.0000000745));
#5518=CARTESIAN_POINT('Origin',(13.9892987144974,-5.92816290339528,-21.0000000745));
#5519=CARTESIAN_POINT('Origin',(22.75,-10.75,-21.0000000745));
#5520=CARTESIAN_POINT('Origin',(6.04645964382597,-20.3593514862633,-21.0000000745));
#5521=CARTESIAN_POINT('',(7.79859990092648,-21.3237189055843,-21.0000000745));
#5522=CARTESIAN_POINT('Origin',(52.,-10.7615728752539,-21.0000000745));
#5523=CARTESIAN_POINT('Origin',(52.,-10.7615728752539,-21.0000000745));
#5524=CARTESIAN_POINT('Origin',(52.,-10.7615728752539,-21.0000000745));
#5525=CARTESIAN_POINT('Origin',(0.,-10.7615728752539,-21.0000000745));
#5526=CARTESIAN_POINT('Origin',(52.,2.45499999999998,-21.0000000745));
#5527=CARTESIAN_POINT('',(54.,2.45499999999998,-21.0000000745));
#5528=CARTESIAN_POINT('Origin',(36.2673797136932,-14.5704786817353,-17.1910942680186));
#5529=CARTESIAN_POINT('',(34.5152394565927,-15.5348461010562,-17.1910942680186));
#5530=CARTESIAN_POINT('Origin',(52.,-23.5,-9.5000000745));
#5531=CARTESIAN_POINT('',(52.,-25.5,-9.5000000745));
#5532=CARTESIAN_POINT('',(54.,-23.5,-9.5000000745));
#5533=CARTESIAN_POINT('Origin',(0.,-23.5,-8.26157294975382));
#5534=CARTESIAN_POINT('',(0.,-25.5,-8.26157294975382));
#5535=CARTESIAN_POINT('Origin',(0.,43.7615728752539,-21.0000000744999));
#5536=CARTESIAN_POINT('Origin',(41.1821343371139,-23.5,-5.0000000745));
#5537=CARTESIAN_POINT('',(39.4299940800134,-24.4643674193209,-5.0000000745));
#5538=CARTESIAN_POINT('',(41.1821343371139,-25.5,-5.0000000745));
#5539=CARTESIAN_POINT('Origin',(3.34287383948458,-25.271443528576,-6.49012942117781));
#5540=CARTESIAN_POINT('',(5.0950140965851,-26.2358109478969,-6.49012942117781));
#5541=CARTESIAN_POINT('Origin',(23.0223579806616,22.4743413588165,-21.0000000745));
#5542=CARTESIAN_POINT('',(15.7372988118252,39.9000620725301,-21.0000000744999));
#5543=CARTESIAN_POINT('Origin',(13.9841235147814,38.9375775906626,-21.0000000744999));
#5544=CARTESIAN_POINT('',(24.7755332777053,23.436825840684,-21.0000000745));
#5545=CARTESIAN_POINT('Origin',(22.75,43.75,-21.0000000745));
#5546=CARTESIAN_POINT('',(29.7546056396666,39.8853525603554,-21.0000000745));
#5547=CARTESIAN_POINT('Origin',(31.5057570495832,38.9191907004443,-21.0000000745));
#5548=CARTESIAN_POINT('Origin',(22.75,43.75,-21.0000000745));
#5549=CARTESIAN_POINT('Origin',(22.2826416873659,22.202456020133,-21.0000000745));
#5550=CARTESIAN_POINT('',(20.5314902774493,23.1686178800442,-21.0000000745));
#5551=CARTESIAN_POINT('Origin',(35.8457879983615,46.7854206049594,-17.9761523447945));
#5552=CARTESIAN_POINT('',(34.0946365884449,47.7515824648705,-17.9761523447945));
#5553=CARTESIAN_POINT('Origin',(0.,56.5,-8.26157294975381));
#5554=CARTESIAN_POINT('',(0.,58.5,-8.26157294975381));
#5555=CARTESIAN_POINT('Origin',(4.31786566288609,-23.5,-5.0000000745));
#5556=CARTESIAN_POINT('',(4.31786566288609,-25.5,-5.0000000745));
#5557=CARTESIAN_POINT('',(6.07000591998661,-24.4643674193209,-5.0000000745));
#5558=CARTESIAN_POINT('Origin',(0.,-23.5,-8.26157294975382));
#5559=CARTESIAN_POINT('',(0.,-25.5,-8.26157294975382));
#5560=CARTESIAN_POINT('Origin',(0.,43.7615728752539,-21.0000000744999));
#5561=CARTESIAN_POINT('Origin',(41.2056078536953,56.5,-7.0450000745));
#5562=CARTESIAN_POINT('',(41.2056078536953,58.5,-7.0450000745));
#5563=CARTESIAN_POINT('',(39.4544564437786,57.4661618599111,-7.0450000745));
#5564=CARTESIAN_POINT('Origin',(0.,56.5,-8.26157294975381));
#5565=CARTESIAN_POINT('',(0.,58.5,-8.26157294975381));
#5566=CARTESIAN_POINT('Origin',(-3.,56.5,-11.5450000745));
#5567=CARTESIAN_POINT('',(-3.,58.5,-11.5450000745));
#5568=CARTESIAN_POINT('Origin',(54.,16.5,-14.0000000745));
#5569=CARTESIAN_POINT('Origin',(0.,58.5,-9.0900000745));
#5570=CARTESIAN_POINT('Origin',(40.024855425054,58.5,-5.0000000745));
#5571=CARTESIAN_POINT('',(29.7546056396666,39.8853525603554,-5.0000000745));
#5572=CARTESIAN_POINT('Origin',(22.75,43.75,-5.0000000745));
#5573=CARTESIAN_POINT('',(15.7372988118252,39.9000620725301,-5.0000000745));
#5574=CARTESIAN_POINT('Origin',(15.7372988118252,39.9000620725301,-5.0000000745));
#5575=CARTESIAN_POINT('Origin',(0.,58.5,-9.0900000745));
#5576=CARTESIAN_POINT('Origin',(29.7585610284021,-6.89253032271622,-5.0000000745));
#5577=CARTESIAN_POINT('',(29.7585610284021,-6.89253032271622,-5.0000000745));
#5578=CARTESIAN_POINT('Origin',(22.75,-10.75,-5.0000000745));
#5579=CARTESIAN_POINT('',(15.7414389715979,-6.89253032271623,-5.0000000745));
#5580=CARTESIAN_POINT('Origin',(5.5,-25.5,-5.0000000745));
#5581=CARTESIAN_POINT('Origin',(0.,-25.5,-5.0000000745));
#5582=CARTESIAN_POINT('Origin',(0.,-25.5,-5.0000000745));
#5583=UNCERTAINTY_MEASURE_WITH_UNIT(LENGTH_MEASURE(0.01),#5587,
'DISTANCE_ACCURACY_VALUE',
'Maximum model space distance between geometric entities at asserted c
onnectivities');
#5584=UNCERTAINTY_MEASURE_WITH_UNIT(LENGTH_MEASURE(0.01),#5587,
'DISTANCE_ACCURACY_VALUE',
'Maximum model space distance between geometric entities at asserted c
onnectivities');
#5585=(
GEOMETRIC_REPRESENTATION_CONTEXT(3)
GLOBAL_UNCERTAINTY_ASSIGNED_CONTEXT((#5583))
GLOBAL_UNIT_ASSIGNED_CONTEXT((#5587,#5589,#5590))
REPRESENTATION_CONTEXT('','3D')
);
#5586=(
GEOMETRIC_REPRESENTATION_CONTEXT(3)
GLOBAL_UNCERTAINTY_ASSIGNED_CONTEXT((#5584))
GLOBAL_UNIT_ASSIGNED_CONTEXT((#5587,#5589,#5590))
REPRESENTATION_CONTEXT('','3D')
);
#5587=(
LENGTH_UNIT()
NAMED_UNIT(*)
SI_UNIT(.MILLI.,.METRE.)
);
#5588=(
LENGTH_UNIT()
NAMED_UNIT(*)
SI_UNIT($,.METRE.)
);
#5589=(
NAMED_UNIT(*)
PLANE_ANGLE_UNIT()
SI_UNIT($,.RADIAN.)
);
#5590=(
NAMED_UNIT(*)
SI_UNIT($,.STERADIAN.)
SOLID_ANGLE_UNIT()
);
#5591=SHAPE_DEFINITION_REPRESENTATION(#5592,#5593);
#5592=PRODUCT_DEFINITION_SHAPE('',$,#5595);
#5593=SHAPE_REPRESENTATION('',(#3318),#5585);
#5594=PRODUCT_DEFINITION_CONTEXT('part definition',#5599,'design');
#5595=PRODUCT_DEFINITION('bottom cover','bottom cover v12',#5596,#5594);
#5596=PRODUCT_DEFINITION_FORMATION('',$,#5601);
#5597=PRODUCT_RELATED_PRODUCT_CATEGORY('bottom cover v12',
'bottom cover v12',(#5601));
#5598=APPLICATION_PROTOCOL_DEFINITION('international standard',
'automotive_design',2009,#5599);
#5599=APPLICATION_CONTEXT(
'Core Data for Automotive Mechanical Design Process');
#5600=PRODUCT_CONTEXT('part definition',#5599,'mechanical');
#5601=PRODUCT('bottom cover','bottom cover v12',$,(#5600));
#5602=PRESENTATION_STYLE_ASSIGNMENT((#5603));
#5603=SURFACE_STYLE_USAGE(.BOTH.,#5604);
#5604=SURFACE_SIDE_STYLE('',(#5605));
#5605=SURFACE_STYLE_FILL_AREA(#5606);
#5606=FILL_AREA_STYLE('Steel - Satin',(#5607));
#5607=FILL_AREA_STYLE_COLOUR('Steel - Satin',#5608);
#5608=COLOUR_RGB('Steel - Satin',0.627450980392157,0.627450980392157,0.627450980392157);
ENDSEC;
END-ISO-10303-21;
