ISO-10303-21;
HEADER;
/* Generated by software containing ST-Developer
 * from STEP Tools, Inc. (www.steptools.com) 
 */

FILE_DESCRIPTION(
/* description */ (''),
/* implementation_level */ '2;1');

FILE_NAME(
/* name */ 'bottom cover.step',
/* time_stamp */ '2026-06-10T18:01:44+08:00',
/* author */ (''),
/* organization */ (''),
/* preprocessor_version */ 'ST-DEVELOPER v20.1',
/* originating_system */ 'Autodesk Translation Framework v15.8.0.0',
/* authorisation */ '');

FILE_SCHEMA (('AUTOMOTIVE_DESIGN { 1 0 10303 214 3 1 1 }'));
ENDSEC;

DATA;
#10=MECHANICAL_DESIGN_GEOMETRIC_PRESENTATION_REPRESENTATION('',(#13),#4679);
#11=SHAPE_REPRESENTATION_RELATIONSHIP('SRR','None',#4686,#12);
#12=ADVANCED_BREP_SHAPE_REPRESENTATION('',(#14),#4678);
#13=STYLED_ITEM('',(#4695),#14);
#14=MANIFOLD_SOLID_BREP('Body1',#2764);
#15=TOROIDAL_SURFACE('',#2996,10.,2.);
#16=TOROIDAL_SURFACE('',#3013,10.,2.);
#17=SPHERICAL_SURFACE('',#2935,2.);
#18=SPHERICAL_SURFACE('',#2938,2.);
#19=SPHERICAL_SURFACE('',#2943,2.);
#20=SPHERICAL_SURFACE('',#2946,2.);
#21=SPHERICAL_SURFACE('',#2950,2.);
#22=SPHERICAL_SURFACE('',#2954,2.);
#23=SPHERICAL_SURFACE('',#2959,2.);
#24=SPHERICAL_SURFACE('',#2963,2.);
#25=SPHERICAL_SURFACE('',#2967,2.);
#26=SPHERICAL_SURFACE('',#2971,2.);
#27=SPHERICAL_SURFACE('',#2975,2.);
#28=SPHERICAL_SURFACE('',#2980,2.);
#29=SPHERICAL_SURFACE('',#2984,1.99999999999999);
#30=SPHERICAL_SURFACE('',#2987,2.);
#31=SPHERICAL_SURFACE('',#2990,2.);
#32=SPHERICAL_SURFACE('',#3000,2.);
#33=CONICAL_SURFACE('',#2865,1.75,0.785398163397468);
#34=CIRCLE('',#2808,3.);
#35=CIRCLE('',#2810,1.5);
#36=CIRCLE('',#2813,3.);
#37=CIRCLE('',#2815,1.5);
#38=CIRCLE('',#2817,3.);
#39=CIRCLE('',#2819,1.49999999999999);
#40=CIRCLE('',#2823,3.);
#41=CIRCLE('',#2825,1.49999999999999);
#42=CIRCLE('',#2827,2.);
#43=CIRCLE('',#2828,2.);
#44=CIRCLE('',#2830,2.);
#45=CIRCLE('',#2831,2.);
#46=CIRCLE('',#2833,2.);
#47=CIRCLE('',#2834,2.);
#48=CIRCLE('',#2836,2.);
#49=CIRCLE('',#2837,1.99999999999999);
#50=CIRCLE('',#2839,1.5);
#51=CIRCLE('',#2841,1.5);
#52=CIRCLE('',#2843,1.49999999999999);
#53=CIRCLE('',#2845,1.49999999999999);
#54=CIRCLE('',#2866,2.);
#55=CIRCLE('',#2867,1.5);
#56=CIRCLE('',#2869,1.5);
#57=CIRCLE('',#2871,9.99999999999999);
#58=CIRCLE('',#2872,10.);
#59=CIRCLE('',#2880,2.);
#60=CIRCLE('',#2881,2.);
#61=CIRCLE('',#2883,2.);
#62=CIRCLE('',#2884,2.);
#63=CIRCLE('',#2886,2.60000000000012);
#64=CIRCLE('',#2887,2.60000000000012);
#65=CIRCLE('',#2890,2.60000000000012);
#66=CIRCLE('',#2891,2.60000000000012);
#67=CIRCLE('',#2894,3.39999999999987);
#68=CIRCLE('',#2895,3.39999999999987);
#69=CIRCLE('',#2898,3.39999999999987);
#70=CIRCLE('',#2899,3.39999999999987);
#71=CIRCLE('',#2905,8.);
#72=CIRCLE('',#2906,10.);
#73=CIRCLE('',#2913,8.);
#74=CIRCLE('',#2914,10.);
#75=CIRCLE('',#2918,10.);
#76=CIRCLE('',#2923,10.);
#77=CIRCLE('',#2927,2.);
#78=CIRCLE('',#2928,2.);
#79=CIRCLE('',#2929,2.);
#80=CIRCLE('',#2930,2.);
#81=CIRCLE('',#2936,2.);
#82=CIRCLE('',#2937,1.99999999999999);
#83=CIRCLE('',#2939,2.);
#84=CIRCLE('',#2940,2.);
#85=CIRCLE('',#2941,2.);
#86=CIRCLE('',#2944,2.);
#87=CIRCLE('',#2945,2.);
#88=CIRCLE('',#2947,2.);
#89=CIRCLE('',#2948,2.);
#90=CIRCLE('',#2951,2.00000000000001);
#91=CIRCLE('',#2952,2.);
#92=CIRCLE('',#2953,2.);
#93=CIRCLE('',#2955,1.99999999999999);
#94=CIRCLE('',#2956,2.);
#95=CIRCLE('',#2957,2.00000000000001);
#96=CIRCLE('',#2960,2.);
#97=CIRCLE('',#2961,2.);
#98=CIRCLE('',#2962,2.);
#99=CIRCLE('',#2964,2.);
#100=CIRCLE('',#2965,2.);
#101=CIRCLE('',#2968,2.);
#102=CIRCLE('',#2969,2.);
#103=CIRCLE('',#2972,2.);
#104=CIRCLE('',#2973,2.);
#105=CIRCLE('',#2974,1.99999999999999);
#106=CIRCLE('',#2976,2.);
#107=CIRCLE('',#2977,2.);
#108=CIRCLE('',#2978,2.);
#109=CIRCLE('',#2981,2.);
#110=CIRCLE('',#2982,2.);
#111=CIRCLE('',#2983,2.00000000000001);
#112=CIRCLE('',#2985,1.99999999999999);
#113=CIRCLE('',#2986,2.);
#114=CIRCLE('',#2988,2.);
#115=CIRCLE('',#2989,2.);
#116=CIRCLE('',#2991,2.);
#117=CIRCLE('',#2992,2.);
#118=CIRCLE('',#2993,2.);
#119=CIRCLE('',#2995,2.);
#120=CIRCLE('',#2997,2.);
#121=CIRCLE('',#2998,8.);
#122=CIRCLE('',#3001,2.);
#123=CIRCLE('',#3002,2.);
#124=CIRCLE('',#3012,2.);
#125=CIRCLE('',#3014,1.99999999999999);
#126=CIRCLE('',#3015,8.);
#127=B_SPLINE_CURVE_WITH_KNOTS('',3,(#3984,#3985,#3986,#3987,#3988,#3989,
#3990,#3991),.UNSPECIFIED.,.F.,.F.,(4,2,2,4),(0.752401893753827,0.894201487449654,
1.03600108114548,1.06834025367461),.UNSPECIFIED.);
#128=B_SPLINE_CURVE_WITH_KNOTS('',3,(#3995,#3996,#3997,#3998,#3999,#4000,
#4001,#4002),.UNSPECIFIED.,.F.,.F.,(4,2,2,4),(0.372471217046275,0.406590088710632,
0.57949599123223,0.752401893753827),.UNSPECIFIED.);
#129=B_SPLINE_CURVE_WITH_KNOTS('',3,(#4011,#4012,#4013,#4014,#4015,#4016,
#4017,#4018),.UNSPECIFIED.,.F.,.F.,(4,2,2,4),(0.720108051991759,0.893013954513357,
1.06591985703495,1.10003872869931),.UNSPECIFIED.);
#130=B_SPLINE_CURVE_WITH_KNOTS('',3,(#4022,#4023,#4024,#4025,#4026,#4027,
#4028,#4029),.UNSPECIFIED.,.F.,.F.,(4,2,2,4),(0.404169692070981,0.436508864600105,
0.578308458295932,0.720108051991759),.UNSPECIFIED.);
#131=B_SPLINE_CURVE_WITH_KNOTS('',3,(#4034,#4035,#4036,#4037,#4038,#4039,
#4040,#4041,#4042,#4043,#4044,#4045,#4046,#4047),.UNSPECIFIED.,.F.,.F.,
(4,2,2,2,2,2,4),(0.404169692070979,0.436508864600105,0.578308458295932,
0.720108051991759,0.893013954513357,1.06591985703495,1.10003872869931),
 .UNSPECIFIED.);
#132=B_SPLINE_CURVE_WITH_KNOTS('',3,(#4059,#4060,#4061,#4062,#4063,#4064,
#4065,#4066,#4067,#4068,#4069,#4070,#4071,#4072),.UNSPECIFIED.,.F.,.F.,
(4,2,2,2,2,2,4),(0.372471217046274,0.406590088710631,0.579495991232228,
0.752401893753825,0.894201487449652,1.03600108114548,1.0683402536746),
 .UNSPECIFIED.);
#133=CYLINDRICAL_SURFACE('',#2806,3.);
#134=CYLINDRICAL_SURFACE('',#2811,3.);
#135=CYLINDRICAL_SURFACE('',#2816,3.);
#136=CYLINDRICAL_SURFACE('',#2820,3.);
#137=CYLINDRICAL_SURFACE('',#2826,2.);
#138=CYLINDRICAL_SURFACE('',#2829,2.);
#139=CYLINDRICAL_SURFACE('',#2832,2.);
#140=CYLINDRICAL_SURFACE('',#2835,2.);
#141=CYLINDRICAL_SURFACE('',#2838,1.5);
#142=CYLINDRICAL_SURFACE('',#2840,1.5);
#143=CYLINDRICAL_SURFACE('',#2842,1.49999999999999);
#144=CYLINDRICAL_SURFACE('',#2844,1.49999999999999);
#145=CYLINDRICAL_SURFACE('',#2868,1.5);
#146=CYLINDRICAL_SURFACE('',#2885,2.60000000000012);
#147=CYLINDRICAL_SURFACE('',#2889,2.60000000000012);
#148=CYLINDRICAL_SURFACE('',#2893,3.39999999999987);
#149=CYLINDRICAL_SURFACE('',#2897,3.39999999999987);
#150=CYLINDRICAL_SURFACE('',#2917,10.);
#151=CYLINDRICAL_SURFACE('',#2922,10.);
#152=CYLINDRICAL_SURFACE('',#2942,2.);
#153=CYLINDRICAL_SURFACE('',#2949,2.);
#154=CYLINDRICAL_SURFACE('',#2958,2.);
#155=CYLINDRICAL_SURFACE('',#2966,2.);
#156=CYLINDRICAL_SURFACE('',#2970,2.);
#157=CYLINDRICAL_SURFACE('',#2979,2.);
#158=CYLINDRICAL_SURFACE('',#2994,2.);
#159=CYLINDRICAL_SURFACE('',#2999,2.);
#160=CYLINDRICAL_SURFACE('',#3003,2.);
#161=CYLINDRICAL_SURFACE('',#3004,2.);
#162=CYLINDRICAL_SURFACE('',#3005,2.);
#163=CYLINDRICAL_SURFACE('',#3006,2.);
#164=CYLINDRICAL_SURFACE('',#3007,2.);
#165=CYLINDRICAL_SURFACE('',#3008,2.);
#166=CYLINDRICAL_SURFACE('',#3009,2.);
#167=CYLINDRICAL_SURFACE('',#3010,2.);
#168=CYLINDRICAL_SURFACE('',#3011,2.);
#169=CYLINDRICAL_SURFACE('',#3016,2.);
#170=CYLINDRICAL_SURFACE('',#3017,2.);
#171=CYLINDRICAL_SURFACE('',#3018,2.);
#172=CYLINDRICAL_SURFACE('',#3019,2.);
#173=CYLINDRICAL_SURFACE('',#3020,2.);
#174=CYLINDRICAL_SURFACE('',#3021,2.);
#175=CYLINDRICAL_SURFACE('',#3022,2.);
#176=CYLINDRICAL_SURFACE('',#3023,2.);
#177=CYLINDRICAL_SURFACE('',#3024,2.);
#178=CYLINDRICAL_SURFACE('',#3028,8.);
#179=CYLINDRICAL_SURFACE('',#3032,8.);
#180=FACE_BOUND('',#371,.T.);
#181=FACE_BOUND('',#372,.T.);
#182=FACE_BOUND('',#385,.T.);
#183=FACE_BOUND('',#386,.T.);
#184=FACE_BOUND('',#396,.T.);
#185=FACE_BOUND('',#399,.T.);
#186=FACE_BOUND('',#402,.T.);
#187=FACE_BOUND('',#405,.T.);
#188=FACE_BOUND('',#429,.T.);
#189=FACE_BOUND('',#437,.T.);
#190=FACE_BOUND('',#445,.T.);
#191=FACE_BOUND('',#447,.T.);
#192=FACE_BOUND('',#476,.T.);
#193=FACE_BOUND('',#477,.T.);
#194=FACE_BOUND('',#479,.T.);
#195=FACE_BOUND('',#480,.T.);
#196=FACE_BOUND('',#481,.T.);
#197=FACE_BOUND('',#482,.T.);
#198=FACE_BOUND('',#483,.T.);
#199=ELLIPSE('',#2785,4.24264068711929,3.);
#200=ELLIPSE('',#2786,4.24264068711929,3.);
#201=ELLIPSE('',#2807,4.2426406871193,3.);
#202=ELLIPSE('',#2812,4.24264068711929,3.);
#203=ELLIPSE('',#2821,4.24264068711928,3.);
#204=ELLIPSE('',#2822,4.24264068711928,3.);
#205=FACE_OUTER_BOUND('',#364,.T.);
#206=FACE_OUTER_BOUND('',#365,.T.);
#207=FACE_OUTER_BOUND('',#366,.T.);
#208=FACE_OUTER_BOUND('',#367,.T.);
#209=FACE_OUTER_BOUND('',#368,.T.);
#210=FACE_OUTER_BOUND('',#369,.T.);
#211=FACE_OUTER_BOUND('',#370,.T.);
#212=FACE_OUTER_BOUND('',#373,.T.);
#213=FACE_OUTER_BOUND('',#374,.T.);
#214=FACE_OUTER_BOUND('',#375,.T.);
#215=FACE_OUTER_BOUND('',#376,.T.);
#216=FACE_OUTER_BOUND('',#377,.T.);
#217=FACE_OUTER_BOUND('',#378,.T.);
#218=FACE_OUTER_BOUND('',#379,.T.);
#219=FACE_OUTER_BOUND('',#380,.T.);
#220=FACE_OUTER_BOUND('',#381,.T.);
#221=FACE_OUTER_BOUND('',#382,.T.);
#222=FACE_OUTER_BOUND('',#383,.T.);
#223=FACE_OUTER_BOUND('',#384,.T.);
#224=FACE_OUTER_BOUND('',#387,.T.);
#225=FACE_OUTER_BOUND('',#388,.T.);
#226=FACE_OUTER_BOUND('',#389,.T.);
#227=FACE_OUTER_BOUND('',#390,.T.);
#228=FACE_OUTER_BOUND('',#391,.T.);
#229=FACE_OUTER_BOUND('',#392,.T.);
#230=FACE_OUTER_BOUND('',#393,.T.);
#231=FACE_OUTER_BOUND('',#394,.T.);
#232=FACE_OUTER_BOUND('',#395,.T.);
#233=FACE_OUTER_BOUND('',#397,.T.);
#234=FACE_OUTER_BOUND('',#398,.T.);
#235=FACE_OUTER_BOUND('',#400,.T.);
#236=FACE_OUTER_BOUND('',#401,.T.);
#237=FACE_OUTER_BOUND('',#403,.T.);
#238=FACE_OUTER_BOUND('',#404,.T.);
#239=FACE_OUTER_BOUND('',#406,.T.);
#240=FACE_OUTER_BOUND('',#407,.T.);
#241=FACE_OUTER_BOUND('',#408,.T.);
#242=FACE_OUTER_BOUND('',#409,.T.);
#243=FACE_OUTER_BOUND('',#410,.T.);
#244=FACE_OUTER_BOUND('',#411,.T.);
#245=FACE_OUTER_BOUND('',#412,.T.);
#246=FACE_OUTER_BOUND('',#413,.T.);
#247=FACE_OUTER_BOUND('',#414,.T.);
#248=FACE_OUTER_BOUND('',#415,.T.);
#249=FACE_OUTER_BOUND('',#416,.T.);
#250=FACE_OUTER_BOUND('',#417,.T.);
#251=FACE_OUTER_BOUND('',#418,.T.);
#252=FACE_OUTER_BOUND('',#419,.T.);
#253=FACE_OUTER_BOUND('',#420,.T.);
#254=FACE_OUTER_BOUND('',#421,.T.);
#255=FACE_OUTER_BOUND('',#422,.T.);
#256=FACE_OUTER_BOUND('',#423,.T.);
#257=FACE_OUTER_BOUND('',#424,.T.);
#258=FACE_OUTER_BOUND('',#425,.T.);
#259=FACE_OUTER_BOUND('',#426,.T.);
#260=FACE_OUTER_BOUND('',#427,.T.);
#261=FACE_OUTER_BOUND('',#428,.T.);
#262=FACE_OUTER_BOUND('',#430,.T.);
#263=FACE_OUTER_BOUND('',#431,.T.);
#264=FACE_OUTER_BOUND('',#432,.T.);
#265=FACE_OUTER_BOUND('',#433,.T.);
#266=FACE_OUTER_BOUND('',#434,.T.);
#267=FACE_OUTER_BOUND('',#435,.T.);
#268=FACE_OUTER_BOUND('',#436,.T.);
#269=FACE_OUTER_BOUND('',#438,.T.);
#270=FACE_OUTER_BOUND('',#439,.T.);
#271=FACE_OUTER_BOUND('',#440,.T.);
#272=FACE_OUTER_BOUND('',#441,.T.);
#273=FACE_OUTER_BOUND('',#442,.T.);
#274=FACE_OUTER_BOUND('',#443,.T.);
#275=FACE_OUTER_BOUND('',#444,.T.);
#276=FACE_OUTER_BOUND('',#446,.T.);
#277=FACE_OUTER_BOUND('',#448,.T.);
#278=FACE_OUTER_BOUND('',#449,.T.);
#279=FACE_OUTER_BOUND('',#450,.T.);
#280=FACE_OUTER_BOUND('',#451,.T.);
#281=FACE_OUTER_BOUND('',#452,.T.);
#282=FACE_OUTER_BOUND('',#453,.T.);
#283=FACE_OUTER_BOUND('',#454,.T.);
#284=FACE_OUTER_BOUND('',#455,.T.);
#285=FACE_OUTER_BOUND('',#456,.T.);
#286=FACE_OUTER_BOUND('',#457,.T.);
#287=FACE_OUTER_BOUND('',#458,.T.);
#288=FACE_OUTER_BOUND('',#459,.T.);
#289=FACE_OUTER_BOUND('',#460,.T.);
#290=FACE_OUTER_BOUND('',#461,.T.);
#291=FACE_OUTER_BOUND('',#462,.T.);
#292=FACE_OUTER_BOUND('',#463,.T.);
#293=FACE_OUTER_BOUND('',#464,.T.);
#294=FACE_OUTER_BOUND('',#465,.T.);
#295=FACE_OUTER_BOUND('',#466,.T.);
#296=FACE_OUTER_BOUND('',#467,.T.);
#297=FACE_OUTER_BOUND('',#468,.T.);
#298=FACE_OUTER_BOUND('',#469,.T.);
#299=FACE_OUTER_BOUND('',#470,.T.);
#300=FACE_OUTER_BOUND('',#471,.T.);
#301=FACE_OUTER_BOUND('',#472,.T.);
#302=FACE_OUTER_BOUND('',#473,.T.);
#303=FACE_OUTER_BOUND('',#474,.T.);
#304=FACE_OUTER_BOUND('',#475,.T.);
#305=FACE_OUTER_BOUND('',#478,.T.);
#306=FACE_OUTER_BOUND('',#484,.T.);
#307=FACE_OUTER_BOUND('',#485,.T.);
#308=FACE_OUTER_BOUND('',#486,.T.);
#309=FACE_OUTER_BOUND('',#487,.T.);
#310=FACE_OUTER_BOUND('',#488,.T.);
#311=FACE_OUTER_BOUND('',#489,.T.);
#312=FACE_OUTER_BOUND('',#490,.T.);
#313=FACE_OUTER_BOUND('',#491,.T.);
#314=FACE_OUTER_BOUND('',#492,.T.);
#315=FACE_OUTER_BOUND('',#493,.T.);
#316=FACE_OUTER_BOUND('',#494,.T.);
#317=FACE_OUTER_BOUND('',#495,.T.);
#318=FACE_OUTER_BOUND('',#496,.T.);
#319=FACE_OUTER_BOUND('',#497,.T.);
#320=FACE_OUTER_BOUND('',#498,.T.);
#321=FACE_OUTER_BOUND('',#499,.T.);
#322=FACE_OUTER_BOUND('',#500,.T.);
#323=FACE_OUTER_BOUND('',#501,.T.);
#324=FACE_OUTER_BOUND('',#502,.T.);
#325=FACE_OUTER_BOUND('',#503,.T.);
#326=FACE_OUTER_BOUND('',#504,.T.);
#327=FACE_OUTER_BOUND('',#505,.T.);
#328=FACE_OUTER_BOUND('',#506,.T.);
#329=FACE_OUTER_BOUND('',#507,.T.);
#330=FACE_OUTER_BOUND('',#508,.T.);
#331=FACE_OUTER_BOUND('',#509,.T.);
#332=FACE_OUTER_BOUND('',#510,.T.);
#333=FACE_OUTER_BOUND('',#511,.T.);
#334=FACE_OUTER_BOUND('',#512,.T.);
#335=FACE_OUTER_BOUND('',#513,.T.);
#336=FACE_OUTER_BOUND('',#514,.T.);
#337=FACE_OUTER_BOUND('',#515,.T.);
#338=FACE_OUTER_BOUND('',#516,.T.);
#339=FACE_OUTER_BOUND('',#517,.T.);
#340=FACE_OUTER_BOUND('',#518,.T.);
#341=FACE_OUTER_BOUND('',#519,.T.);
#342=FACE_OUTER_BOUND('',#520,.T.);
#343=FACE_OUTER_BOUND('',#521,.T.);
#344=FACE_OUTER_BOUND('',#522,.T.);
#345=FACE_OUTER_BOUND('',#523,.T.);
#346=FACE_OUTER_BOUND('',#524,.T.);
#347=FACE_OUTER_BOUND('',#525,.T.);
#348=FACE_OUTER_BOUND('',#526,.T.);
#349=FACE_OUTER_BOUND('',#527,.T.);
#350=FACE_OUTER_BOUND('',#528,.T.);
#351=FACE_OUTER_BOUND('',#529,.T.);
#352=FACE_OUTER_BOUND('',#530,.T.);
#353=FACE_OUTER_BOUND('',#531,.T.);
#354=FACE_OUTER_BOUND('',#532,.T.);
#355=FACE_OUTER_BOUND('',#533,.T.);
#356=FACE_OUTER_BOUND('',#534,.T.);
#357=FACE_OUTER_BOUND('',#535,.T.);
#358=FACE_OUTER_BOUND('',#536,.T.);
#359=FACE_OUTER_BOUND('',#537,.T.);
#360=FACE_OUTER_BOUND('',#538,.T.);
#361=FACE_OUTER_BOUND('',#539,.T.);
#362=FACE_OUTER_BOUND('',#540,.T.);
#363=FACE_OUTER_BOUND('',#541,.T.);
#364=EDGE_LOOP('',(#1734,#1735,#1736,#1737));
#365=EDGE_LOOP('',(#1738,#1739,#1740,#1741));
#366=EDGE_LOOP('',(#1742,#1743,#1744,#1745));
#367=EDGE_LOOP('',(#1746,#1747,#1748,#1749));
#368=EDGE_LOOP('',(#1750,#1751,#1752,#1753));
#369=EDGE_LOOP('',(#1754,#1755,#1756,#1757));
#370=EDGE_LOOP('',(#1758,#1759,#1760,#1761,#1762,#1763,#1764));
#371=EDGE_LOOP('',(#1765,#1766,#1767,#1768));
#372=EDGE_LOOP('',(#1769,#1770,#1771,#1772));
#373=EDGE_LOOP('',(#1773,#1774,#1775,#1776));
#374=EDGE_LOOP('',(#1777,#1778,#1779,#1780));
#375=EDGE_LOOP('',(#1781,#1782,#1783,#1784));
#376=EDGE_LOOP('',(#1785,#1786,#1787,#1788));
#377=EDGE_LOOP('',(#1789,#1790,#1791,#1792));
#378=EDGE_LOOP('',(#1793,#1794,#1795,#1796));
#379=EDGE_LOOP('',(#1797,#1798,#1799,#1800));
#380=EDGE_LOOP('',(#1801,#1802,#1803,#1804));
#381=EDGE_LOOP('',(#1805,#1806,#1807,#1808));
#382=EDGE_LOOP('',(#1809,#1810,#1811,#1812));
#383=EDGE_LOOP('',(#1813,#1814,#1815,#1816));
#384=EDGE_LOOP('',(#1817,#1818,#1819,#1820,#1821,#1822));
#385=EDGE_LOOP('',(#1823,#1824,#1825,#1826));
#386=EDGE_LOOP('',(#1827,#1828,#1829,#1830));
#387=EDGE_LOOP('',(#1831,#1832,#1833,#1834));
#388=EDGE_LOOP('',(#1835,#1836,#1837,#1838));
#389=EDGE_LOOP('',(#1839,#1840,#1841,#1842));
#390=EDGE_LOOP('',(#1843,#1844,#1845,#1846));
#391=EDGE_LOOP('',(#1847,#1848,#1849,#1850));
#392=EDGE_LOOP('',(#1851,#1852,#1853,#1854));
#393=EDGE_LOOP('',(#1855,#1856,#1857,#1858));
#394=EDGE_LOOP('',(#1859,#1860,#1861,#1862,#1863,#1864));
#395=EDGE_LOOP('',(#1865));
#396=EDGE_LOOP('',(#1866));
#397=EDGE_LOOP('',(#1867,#1868,#1869,#1870,#1871,#1872));
#398=EDGE_LOOP('',(#1873));
#399=EDGE_LOOP('',(#1874));
#400=EDGE_LOOP('',(#1875,#1876,#1877,#1878,#1879,#1880));
#401=EDGE_LOOP('',(#1881));
#402=EDGE_LOOP('',(#1882));
#403=EDGE_LOOP('',(#1883,#1884,#1885,#1886,#1887,#1888));
#404=EDGE_LOOP('',(#1889));
#405=EDGE_LOOP('',(#1890));
#406=EDGE_LOOP('',(#1891,#1892,#1893,#1894,#1895,#1896,#1897));
#407=EDGE_LOOP('',(#1898,#1899,#1900,#1901,#1902,#1903,#1904));
#408=EDGE_LOOP('',(#1905,#1906,#1907,#1908,#1909,#1910));
#409=EDGE_LOOP('',(#1911,#1912,#1913,#1914,#1915,#1916));
#410=EDGE_LOOP('',(#1917,#1918,#1919,#1920));
#411=EDGE_LOOP('',(#1921,#1922,#1923,#1924));
#412=EDGE_LOOP('',(#1925,#1926,#1927,#1928));
#413=EDGE_LOOP('',(#1929,#1930,#1931,#1932));
#414=EDGE_LOOP('',(#1933,#1934,#1935,#1936));
#415=EDGE_LOOP('',(#1937,#1938,#1939,#1940));
#416=EDGE_LOOP('',(#1941,#1942,#1943,#1944,#1945,#1946));
#417=EDGE_LOOP('',(#1947,#1948,#1949,#1950));
#418=EDGE_LOOP('',(#1951,#1952,#1953,#1954,#1955,#1956));
#419=EDGE_LOOP('',(#1957,#1958,#1959,#1960));
#420=EDGE_LOOP('',(#1961,#1962,#1963,#1964));
#421=EDGE_LOOP('',(#1965,#1966,#1967,#1968));
#422=EDGE_LOOP('',(#1969,#1970,#1971,#1972));
#423=EDGE_LOOP('',(#1973,#1974,#1975,#1976));
#424=EDGE_LOOP('',(#1977,#1978,#1979,#1980));
#425=EDGE_LOOP('',(#1981,#1982,#1983,#1984,#1985,#1986,#1987));
#426=EDGE_LOOP('',(#1988,#1989,#1990,#1991,#1992,#1993,#1994,#1995,#1996,
#1997));
#427=EDGE_LOOP('',(#1998,#1999,#2000,#2001,#2002));
#428=EDGE_LOOP('',(#2003,#2004,#2005,#2006,#2007,#2008));
#429=EDGE_LOOP('',(#2009,#2010,#2011,#2012));
#430=EDGE_LOOP('',(#2013,#2014,#2015,#2016,#2017,#2018,#2019,#2020,#2021,
#2022,#2023,#2024));
#431=EDGE_LOOP('',(#2025,#2026,#2027,#2028));
#432=EDGE_LOOP('',(#2029,#2030,#2031,#2032));
#433=EDGE_LOOP('',(#2033,#2034,#2035,#2036,#2037,#2038,#2039));
#434=EDGE_LOOP('',(#2040,#2041,#2042,#2043));
#435=EDGE_LOOP('',(#2044,#2045,#2046,#2047));
#436=EDGE_LOOP('',(#2048,#2049,#2050,#2051,#2052,#2053,#2054,#2055,#2056,
#2057,#2058,#2059));
#437=EDGE_LOOP('',(#2060));
#438=EDGE_LOOP('',(#2061,#2062,#2063,#2064));
#439=EDGE_LOOP('',(#2065,#2066,#2067,#2068));
#440=EDGE_LOOP('',(#2069,#2070,#2071,#2072,#2073,#2074,#2075,#2076,#2077,
#2078,#2079,#2080));
#441=EDGE_LOOP('',(#2081,#2082,#2083,#2084));
#442=EDGE_LOOP('',(#2085,#2086,#2087,#2088));
#443=EDGE_LOOP('',(#2089,#2090,#2091,#2092));
#444=EDGE_LOOP('',(#2093,#2094,#2095,#2096,#2097,#2098,#2099,#2100,#2101,
#2102));
#445=EDGE_LOOP('',(#2103));
#446=EDGE_LOOP('',(#2104,#2105,#2106,#2107,#2108,#2109,#2110,#2111,#2112,
#2113));
#447=EDGE_LOOP('',(#2114));
#448=EDGE_LOOP('',(#2115,#2116,#2117,#2118));
#449=EDGE_LOOP('',(#2119));
#450=EDGE_LOOP('',(#2120,#2121,#2122,#2123));
#451=EDGE_LOOP('',(#2124));
#452=EDGE_LOOP('',(#2125,#2126,#2127,#2128));
#453=EDGE_LOOP('',(#2129));
#454=EDGE_LOOP('',(#2130,#2131,#2132,#2133));
#455=EDGE_LOOP('',(#2134));
#456=EDGE_LOOP('',(#2135,#2136,#2137,#2138));
#457=EDGE_LOOP('',(#2139,#2140,#2141,#2142));
#458=EDGE_LOOP('',(#2143,#2144,#2145,#2146));
#459=EDGE_LOOP('',(#2147,#2148,#2149,#2150,#2151,#2152,#2153,#2154,#2155,
#2156,#2157,#2158));
#460=EDGE_LOOP('',(#2159,#2160,#2161,#2162,#2163,#2164));
#461=EDGE_LOOP('',(#2165,#2166,#2167,#2168,#2169,#2170));
#462=EDGE_LOOP('',(#2171,#2172,#2173,#2174));
#463=EDGE_LOOP('',(#2175,#2176,#2177,#2178));
#464=EDGE_LOOP('',(#2179,#2180,#2181,#2182));
#465=EDGE_LOOP('',(#2183,#2184,#2185,#2186,#2187,#2188,#2189,#2190,#2191,
#2192,#2193,#2194));
#466=EDGE_LOOP('',(#2195,#2196,#2197,#2198));
#467=EDGE_LOOP('',(#2199,#2200,#2201,#2202,#2203));
#468=EDGE_LOOP('',(#2204,#2205,#2206,#2207));
#469=EDGE_LOOP('',(#2208,#2209,#2210,#2211,#2212));
#470=EDGE_LOOP('',(#2213,#2214,#2215,#2216,#2217,#2218));
#471=EDGE_LOOP('',(#2219,#2220,#2221,#2222,#2223));
#472=EDGE_LOOP('',(#2224,#2225,#2226,#2227));
#473=EDGE_LOOP('',(#2228,#2229,#2230,#2231,#2232));
#474=EDGE_LOOP('',(#2233,#2234,#2235,#2236));
#475=EDGE_LOOP('',(#2237,#2238,#2239,#2240,#2241,#2242,#2243,#2244,#2245,
#2246,#2247,#2248,#2249,#2250,#2251,#2252,#2253,#2254,#2255,#2256));
#476=EDGE_LOOP('',(#2257));
#477=EDGE_LOOP('',(#2258));
#478=EDGE_LOOP('',(#2259,#2260,#2261,#2262,#2263,#2264,#2265,#2266,#2267,
#2268,#2269,#2270));
#479=EDGE_LOOP('',(#2271));
#480=EDGE_LOOP('',(#2272));
#481=EDGE_LOOP('',(#2273));
#482=EDGE_LOOP('',(#2274));
#483=EDGE_LOOP('',(#2275));
#484=EDGE_LOOP('',(#2276,#2277,#2278,#2279,#2280,#2281));
#485=EDGE_LOOP('',(#2282,#2283,#2284,#2285,#2286,#2287));
#486=EDGE_LOOP('',(#2288,#2289,#2290,#2291,#2292,#2293));
#487=EDGE_LOOP('',(#2294,#2295,#2296));
#488=EDGE_LOOP('',(#2297,#2298,#2299));
#489=EDGE_LOOP('',(#2300,#2301,#2302,#2303));
#490=EDGE_LOOP('',(#2304,#2305,#2306));
#491=EDGE_LOOP('',(#2307,#2308,#2309));
#492=EDGE_LOOP('',(#2310,#2311,#2312,#2313));
#493=EDGE_LOOP('',(#2314,#2315,#2316));
#494=EDGE_LOOP('',(#2317,#2318,#2319));
#495=EDGE_LOOP('',(#2320,#2321,#2322,#2323));
#496=EDGE_LOOP('',(#2324,#2325,#2326));
#497=EDGE_LOOP('',(#2327,#2328,#2329));
#498=EDGE_LOOP('',(#2330,#2331,#2332,#2333));
#499=EDGE_LOOP('',(#2334,#2335,#2336));
#500=EDGE_LOOP('',(#2337,#2338,#2339,#2340));
#501=EDGE_LOOP('',(#2341,#2342,#2343));
#502=EDGE_LOOP('',(#2344,#2345,#2346));
#503=EDGE_LOOP('',(#2347,#2348,#2349,#2350));
#504=EDGE_LOOP('',(#2351,#2352,#2353));
#505=EDGE_LOOP('',(#2354,#2355,#2356));
#506=EDGE_LOOP('',(#2357,#2358,#2359));
#507=EDGE_LOOP('',(#2360,#2361,#2362));
#508=EDGE_LOOP('',(#2363,#2364,#2365,#2366));
#509=EDGE_LOOP('',(#2367,#2368,#2369,#2370));
#510=EDGE_LOOP('',(#2371,#2372,#2373,#2374));
#511=EDGE_LOOP('',(#2375,#2376,#2377));
#512=EDGE_LOOP('',(#2378,#2379,#2380,#2381));
#513=EDGE_LOOP('',(#2382,#2383,#2384,#2385));
#514=EDGE_LOOP('',(#2386,#2387,#2388,#2389));
#515=EDGE_LOOP('',(#2390,#2391,#2392,#2393));
#516=EDGE_LOOP('',(#2394,#2395,#2396,#2397));
#517=EDGE_LOOP('',(#2398,#2399,#2400,#2401));
#518=EDGE_LOOP('',(#2402,#2403,#2404,#2405));
#519=EDGE_LOOP('',(#2406,#2407,#2408,#2409));
#520=EDGE_LOOP('',(#2410,#2411,#2412,#2413));
#521=EDGE_LOOP('',(#2414,#2415,#2416,#2417));
#522=EDGE_LOOP('',(#2418,#2419,#2420,#2421));
#523=EDGE_LOOP('',(#2422,#2423,#2424,#2425));
#524=EDGE_LOOP('',(#2426,#2427,#2428,#2429));
#525=EDGE_LOOP('',(#2430,#2431,#2432,#2433));
#526=EDGE_LOOP('',(#2434,#2435,#2436,#2437));
#527=EDGE_LOOP('',(#2438,#2439,#2440,#2441));
#528=EDGE_LOOP('',(#2442,#2443,#2444,#2445));
#529=EDGE_LOOP('',(#2446,#2447,#2448,#2449));
#530=EDGE_LOOP('',(#2450,#2451,#2452,#2453));
#531=EDGE_LOOP('',(#2454,#2455,#2456,#2457,#2458,#2459));
#532=EDGE_LOOP('',(#2460,#2461,#2462,#2463));
#533=EDGE_LOOP('',(#2464,#2465,#2466,#2467,#2468,#2469,#2470));
#534=EDGE_LOOP('',(#2471,#2472,#2473,#2474));
#535=EDGE_LOOP('',(#2475,#2476,#2477,#2478,#2479,#2480,#2481));
#536=EDGE_LOOP('',(#2482,#2483,#2484,#2485));
#537=EDGE_LOOP('',(#2486,#2487,#2488,#2489,#2490,#2491,#2492));
#538=EDGE_LOOP('',(#2493,#2494,#2495,#2496));
#539=EDGE_LOOP('',(#2497,#2498,#2499,#2500,#2501,#2502,#2503));
#540=EDGE_LOOP('',(#2504,#2505,#2506,#2507));
#541=EDGE_LOOP('',(#2508,#2509,#2510,#2511));
#542=LINE('',#3842,#826);
#543=LINE('',#3844,#827);
#544=LINE('',#3846,#828);
#545=LINE('',#3847,#829);
#546=LINE('',#3850,#830);
#547=LINE('',#3852,#831);
#548=LINE('',#3853,#832);
#549=LINE('',#3856,#833);
#550=LINE('',#3858,#834);
#551=LINE('',#3859,#835);
#552=LINE('',#3861,#836);
#553=LINE('',#3862,#837);
#554=LINE('',#3865,#838);
#555=LINE('',#3867,#839);
#556=LINE('',#3868,#840);
#557=LINE('',#3871,#841);
#558=LINE('',#3872,#842);
#559=LINE('',#3880,#843);
#560=LINE('',#3882,#844);
#561=LINE('',#3884,#845);
#562=LINE('',#3886,#846);
#563=LINE('',#3887,#847);
#564=LINE('',#3890,#848);
#565=LINE('',#3892,#849);
#566=LINE('',#3894,#850);
#567=LINE('',#3895,#851);
#568=LINE('',#3898,#852);
#569=LINE('',#3900,#853);
#570=LINE('',#3901,#854);
#571=LINE('',#3904,#855);
#572=LINE('',#3905,#856);
#573=LINE('',#3908,#857);
#574=LINE('',#3909,#858);
#575=LINE('',#3911,#859);
#576=LINE('',#3914,#860);
#577=LINE('',#3916,#861);
#578=LINE('',#3917,#862);
#579=LINE('',#3920,#863);
#580=LINE('',#3921,#864);
#581=LINE('',#3925,#865);
#582=LINE('',#3926,#866);
#583=LINE('',#3927,#867);
#584=LINE('',#3930,#868);
#585=LINE('',#3932,#869);
#586=LINE('',#3933,#870);
#587=LINE('',#3936,#871);
#588=LINE('',#3937,#872);
#589=LINE('',#3938,#873);
#590=LINE('',#3940,#874);
#591=LINE('',#3942,#875);
#592=LINE('',#3946,#876);
#593=LINE('',#3948,#877);
#594=LINE('',#3950,#878);
#595=LINE('',#3952,#879);
#596=LINE('',#3954,#880);
#597=LINE('',#3955,#881);
#598=LINE('',#3958,#882);
#599=LINE('',#3960,#883);
#600=LINE('',#3962,#884);
#601=LINE('',#3963,#885);
#602=LINE('',#3965,#886);
#603=LINE('',#3966,#887);
#604=LINE('',#3969,#888);
#605=LINE('',#3970,#889);
#606=LINE('',#3972,#890);
#607=LINE('',#3973,#891);
#608=LINE('',#3976,#892);
#609=LINE('',#3993,#893);
#610=LINE('',#4020,#894);
#611=LINE('',#4049,#895);
#612=LINE('',#4075,#896);
#613=LINE('',#4082,#897);
#614=LINE('',#4086,#898);
#615=LINE('',#4089,#899);
#616=LINE('',#4092,#900);
#617=LINE('',#4096,#901);
#618=LINE('',#4099,#902);
#619=LINE('',#4104,#903);
#620=LINE('',#4108,#904);
#621=LINE('',#4112,#905);
#622=LINE('',#4115,#906);
#623=LINE('',#4119,#907);
#624=LINE('',#4123,#908);
#625=LINE('',#4127,#909);
#626=LINE('',#4131,#910);
#627=LINE('',#4134,#911);
#628=LINE('',#4136,#912);
#629=LINE('',#4137,#913);
#630=LINE('',#4140,#914);
#631=LINE('',#4141,#915);
#632=LINE('',#4144,#916);
#633=LINE('',#4146,#917);
#634=LINE('',#4148,#918);
#635=LINE('',#4149,#919);
#636=LINE('',#4153,#920);
#637=LINE('',#4155,#921);
#638=LINE('',#4157,#922);
#639=LINE('',#4158,#923);
#640=LINE('',#4161,#924);
#641=LINE('',#4163,#925);
#642=LINE('',#4164,#926);
#643=LINE('',#4168,#927);
#644=LINE('',#4170,#928);
#645=LINE('',#4172,#929);
#646=LINE('',#4173,#930);
#647=LINE('',#4176,#931);
#648=LINE('',#4178,#932);
#649=LINE('',#4179,#933);
#650=LINE('',#4182,#934);
#651=LINE('',#4184,#935);
#652=LINE('',#4185,#936);
#653=LINE('',#4188,#937);
#654=LINE('',#4190,#938);
#655=LINE('',#4191,#939);
#656=LINE('',#4194,#940);
#657=LINE('',#4195,#941);
#658=LINE('',#4198,#942);
#659=LINE('',#4199,#943);
#660=LINE('',#4201,#944);
#661=LINE('',#4203,#945);
#662=LINE('',#4204,#946);
#663=LINE('',#4207,#947);
#664=LINE('',#4209,#948);
#665=LINE('',#4211,#949);
#666=LINE('',#4213,#950);
#667=LINE('',#4215,#951);
#668=LINE('',#4216,#952);
#669=LINE('',#4219,#953);
#670=LINE('',#4221,#954);
#671=LINE('',#4222,#955);
#672=LINE('',#4225,#956);
#673=LINE('',#4227,#957);
#674=LINE('',#4228,#958);
#675=LINE('',#4231,#959);
#676=LINE('',#4232,#960);
#677=LINE('',#4234,#961);
#678=LINE('',#4236,#962);
#679=LINE('',#4238,#963);
#680=LINE('',#4240,#964);
#681=LINE('',#4242,#965);
#682=LINE('',#4244,#966);
#683=LINE('',#4245,#967);
#684=LINE('',#4249,#968);
#685=LINE('',#4251,#969);
#686=LINE('',#4253,#970);
#687=LINE('',#4254,#971);
#688=LINE('',#4256,#972);
#689=LINE('',#4257,#973);
#690=LINE('',#4260,#974);
#691=LINE('',#4262,#975);
#692=LINE('',#4263,#976);
#693=LINE('',#4268,#977);
#694=LINE('',#4273,#978);
#695=LINE('',#4277,#979);
#696=LINE('',#4281,#980);
#697=LINE('',#4283,#981);
#698=LINE('',#4285,#982);
#699=LINE('',#4287,#983);
#700=LINE('',#4289,#984);
#701=LINE('',#4293,#985);
#702=LINE('',#4295,#986);
#703=LINE('',#4297,#987);
#704=LINE('',#4298,#988);
#705=LINE('',#4302,#989);
#706=LINE('',#4303,#990);
#707=LINE('',#4304,#991);
#708=LINE('',#4307,#992);
#709=LINE('',#4308,#993);
#710=LINE('',#4311,#994);
#711=LINE('',#4313,#995);
#712=LINE('',#4314,#996);
#713=LINE('',#4315,#997);
#714=LINE('',#4317,#998);
#715=LINE('',#4319,#999);
#716=LINE('',#4321,#1000);
#717=LINE('',#4322,#1001);
#718=LINE('',#4324,#1002);
#719=LINE('',#4326,#1003);
#720=LINE('',#4328,#1004);
#721=LINE('',#4333,#1005);
#722=LINE('',#4337,#1006);
#723=LINE('',#4339,#1007);
#724=LINE('',#4340,#1008);
#725=LINE('',#4343,#1009);
#726=LINE('',#4345,#1010);
#727=LINE('',#4347,#1011);
#728=LINE('',#4351,#1012);
#729=LINE('',#4357,#1013);
#730=LINE('',#4364,#1014);
#731=LINE('',#4371,#1015);
#732=LINE('',#4378,#1016);
#733=LINE('',#4384,#1017);
#734=LINE('',#4386,#1018);
#735=LINE('',#4388,#1019);
#736=LINE('',#4389,#1020);
#737=LINE('',#4392,#1021);
#738=LINE('',#4394,#1022);
#739=LINE('',#4395,#1023);
#740=LINE('',#4399,#1024);
#741=LINE('',#4401,#1025);
#742=LINE('',#4403,#1026);
#743=LINE('',#4404,#1027);
#744=LINE('',#4407,#1028);
#745=LINE('',#4409,#1029);
#746=LINE('',#4411,#1030);
#747=LINE('',#4415,#1031);
#748=LINE('',#4417,#1032);
#749=LINE('',#4419,#1033);
#750=LINE('',#4421,#1034);
#751=LINE('',#4423,#1035);
#752=LINE('',#4426,#1036);
#753=LINE('',#4428,#1037);
#754=LINE('',#4429,#1038);
#755=LINE('',#4432,#1039);
#756=LINE('',#4434,#1040);
#757=LINE('',#4435,#1041);
#758=LINE('',#4437,#1042);
#759=LINE('',#4441,#1043);
#760=LINE('',#4442,#1044);
#761=LINE('',#4443,#1045);
#762=LINE('',#4446,#1046);
#763=LINE('',#4447,#1047);
#764=LINE('',#4450,#1048);
#765=LINE('',#4453,#1049);
#766=LINE('',#4455,#1050);
#767=LINE('',#4457,#1051);
#768=LINE('',#4461,#1052);
#769=LINE('',#4462,#1053);
#770=LINE('',#4465,#1054);
#771=LINE('',#4466,#1055);
#772=LINE('',#4469,#1056);
#773=LINE('',#4471,#1057);
#774=LINE('',#4472,#1058);
#775=LINE('',#4475,#1059);
#776=LINE('',#4478,#1060);
#777=LINE('',#4479,#1061);
#778=LINE('',#4481,#1062);
#779=LINE('',#4484,#1063);
#780=LINE('',#4486,#1064);
#781=LINE('',#4488,#1065);
#782=LINE('',#4489,#1066);
#783=LINE('',#4492,#1067);
#784=LINE('',#4495,#1068);
#785=LINE('',#4496,#1069);
#786=LINE('',#4500,#1070);
#787=LINE('',#4504,#1071);
#788=LINE('',#4508,#1072);
#789=LINE('',#4512,#1073);
#790=LINE('',#4515,#1074);
#791=LINE('',#4516,#1075);
#792=LINE('',#4518,#1076);
#793=LINE('',#4519,#1077);
#794=LINE('',#4521,#1078);
#795=LINE('',#4535,#1079);
#796=LINE('',#4536,#1080);
#797=LINE('',#4545,#1081);
#798=LINE('',#4558,#1082);
#799=LINE('',#4574,#1083);
#800=LINE('',#4575,#1084);
#801=LINE('',#4608,#1085);
#802=LINE('',#4614,#1086);
#803=LINE('',#4620,#1087);
#804=LINE('',#4622,#1088);
#805=LINE('',#4624,#1089);
#806=LINE('',#4625,#1090);
#807=LINE('',#4627,#1091);
#808=LINE('',#4630,#1092);
#809=LINE('',#4631,#1093);
#810=LINE('',#4633,#1094);
#811=LINE('',#4637,#1095);
#812=LINE('',#4643,#1096);
#813=LINE('',#4645,#1097);
#814=LINE('',#4647,#1098);
#815=LINE('',#4649,#1099);
#816=LINE('',#4650,#1100);
#817=LINE('',#4652,#1101);
#818=LINE('',#4655,#1102);
#819=LINE('',#4656,#1103);
#820=LINE('',#4658,#1104);
#821=LINE('',#4660,#1105);
#822=LINE('',#4664,#1106);
#823=LINE('',#4666,#1107);
#824=LINE('',#4670,#1108);
#825=LINE('',#4672,#1109);
#826=VECTOR('',#3040,10.);
#827=VECTOR('',#3041,10.);
#828=VECTOR('',#3042,10.);
#829=VECTOR('',#3043,10.);
#830=VECTOR('',#3046,10.);
#831=VECTOR('',#3047,10.);
#832=VECTOR('',#3048,10.);
#833=VECTOR('',#3051,10.);
#834=VECTOR('',#3052,10.);
#835=VECTOR('',#3053,10.);
#836=VECTOR('',#3056,10.);
#837=VECTOR('',#3057,10.);
#838=VECTOR('',#3060,10.);
#839=VECTOR('',#3061,10.);
#840=VECTOR('',#3062,10.);
#841=VECTOR('',#3065,10.);
#842=VECTOR('',#3066,10.);
#843=VECTOR('',#3073,10.);
#844=VECTOR('',#3074,10.);
#845=VECTOR('',#3075,10.);
#846=VECTOR('',#3076,10.);
#847=VECTOR('',#3077,10.);
#848=VECTOR('',#3078,10.);
#849=VECTOR('',#3079,10.);
#850=VECTOR('',#3080,10.);
#851=VECTOR('',#3081,10.);
#852=VECTOR('',#3084,10.);
#853=VECTOR('',#3085,10.);
#854=VECTOR('',#3086,10.);
#855=VECTOR('',#3089,10.);
#856=VECTOR('',#3090,10.);
#857=VECTOR('',#3093,10.);
#858=VECTOR('',#3094,10.);
#859=VECTOR('',#3097,10.);
#860=VECTOR('',#3100,10.);
#861=VECTOR('',#3101,10.);
#862=VECTOR('',#3102,10.);
#863=VECTOR('',#3105,10.);
#864=VECTOR('',#3106,10.);
#865=VECTOR('',#3109,10.);
#866=VECTOR('',#3110,10.);
#867=VECTOR('',#3111,10.);
#868=VECTOR('',#3114,10.);
#869=VECTOR('',#3115,10.);
#870=VECTOR('',#3116,10.);
#871=VECTOR('',#3119,10.);
#872=VECTOR('',#3120,10.);
#873=VECTOR('',#3121,10.);
#874=VECTOR('',#3124,10.);
#875=VECTOR('',#3127,10.);
#876=VECTOR('',#3130,10.);
#877=VECTOR('',#3131,10.);
#878=VECTOR('',#3132,10.);
#879=VECTOR('',#3133,10.);
#880=VECTOR('',#3134,10.);
#881=VECTOR('',#3135,10.);
#882=VECTOR('',#3136,10.);
#883=VECTOR('',#3137,10.);
#884=VECTOR('',#3138,10.);
#885=VECTOR('',#3139,10.);
#886=VECTOR('',#3142,10.);
#887=VECTOR('',#3143,10.);
#888=VECTOR('',#3146,10.);
#889=VECTOR('',#3147,10.);
#890=VECTOR('',#3150,10.);
#891=VECTOR('',#3151,10.);
#892=VECTOR('',#3156,10.);
#893=VECTOR('',#3165,3.);
#894=VECTOR('',#3176,3.);
#895=VECTOR('',#3185,3.);
#896=VECTOR('',#3198,3.);
#897=VECTOR('',#3207,10.);
#898=VECTOR('',#3210,10.);
#899=VECTOR('',#3213,10.);
#900=VECTOR('',#3216,10.);
#901=VECTOR('',#3219,10.);
#902=VECTOR('',#3222,10.);
#903=VECTOR('',#3227,10.);
#904=VECTOR('',#3232,10.);
#905=VECTOR('',#3235,10.);
#906=VECTOR('',#3238,10.);
#907=VECTOR('',#3243,1.5);
#908=VECTOR('',#3248,1.5);
#909=VECTOR('',#3253,1.49999999999999);
#910=VECTOR('',#3258,1.49999999999999);
#911=VECTOR('',#3261,10.);
#912=VECTOR('',#3262,10.);
#913=VECTOR('',#3263,10.);
#914=VECTOR('',#3266,10.);
#915=VECTOR('',#3267,10.);
#916=VECTOR('',#3270,10.);
#917=VECTOR('',#3271,10.);
#918=VECTOR('',#3272,10.);
#919=VECTOR('',#3273,10.);
#920=VECTOR('',#3276,10.);
#921=VECTOR('',#3277,10.);
#922=VECTOR('',#3278,10.);
#923=VECTOR('',#3279,10.);
#924=VECTOR('',#3282,10.);
#925=VECTOR('',#3283,10.);
#926=VECTOR('',#3284,10.);
#927=VECTOR('',#3287,10.);
#928=VECTOR('',#3288,10.);
#929=VECTOR('',#3289,10.);
#930=VECTOR('',#3290,10.);
#931=VECTOR('',#3293,10.);
#932=VECTOR('',#3294,10.);
#933=VECTOR('',#3295,10.);
#934=VECTOR('',#3298,10.);
#935=VECTOR('',#3299,10.);
#936=VECTOR('',#3300,10.);
#937=VECTOR('',#3303,10.);
#938=VECTOR('',#3304,10.);
#939=VECTOR('',#3305,10.);
#940=VECTOR('',#3308,10.);
#941=VECTOR('',#3309,10.);
#942=VECTOR('',#3312,10.);
#943=VECTOR('',#3313,10.);
#944=VECTOR('',#3316,10.);
#945=VECTOR('',#3317,10.);
#946=VECTOR('',#3318,10.);
#947=VECTOR('',#3321,10.);
#948=VECTOR('',#3322,10.);
#949=VECTOR('',#3323,10.);
#950=VECTOR('',#3324,10.);
#951=VECTOR('',#3325,10.);
#952=VECTOR('',#3326,10.);
#953=VECTOR('',#3329,10.);
#954=VECTOR('',#3330,10.);
#955=VECTOR('',#3331,10.);
#956=VECTOR('',#3334,10.);
#957=VECTOR('',#3335,10.);
#958=VECTOR('',#3336,10.);
#959=VECTOR('',#3339,10.);
#960=VECTOR('',#3340,10.);
#961=VECTOR('',#3341,10.);
#962=VECTOR('',#3342,10.);
#963=VECTOR('',#3343,10.);
#964=VECTOR('',#3344,10.);
#965=VECTOR('',#3345,10.);
#966=VECTOR('',#3346,10.);
#967=VECTOR('',#3347,10.);
#968=VECTOR('',#3350,10.);
#969=VECTOR('',#3351,10.);
#970=VECTOR('',#3352,10.);
#971=VECTOR('',#3353,10.);
#972=VECTOR('',#3356,10.);
#973=VECTOR('',#3357,10.);
#974=VECTOR('',#3360,10.);
#975=VECTOR('',#3361,10.);
#976=VECTOR('',#3362,10.);
#977=VECTOR('',#3367,1.75);
#978=VECTOR('',#3374,1.5);
#979=VECTOR('',#3377,10.);
#980=VECTOR('',#3380,10.);
#981=VECTOR('',#3381,10.);
#982=VECTOR('',#3382,10.);
#983=VECTOR('',#3383,10.);
#984=VECTOR('',#3384,10.);
#985=VECTOR('',#3387,10.);
#986=VECTOR('',#3388,10.);
#987=VECTOR('',#3389,10.);
#988=VECTOR('',#3390,10.);
#989=VECTOR('',#3393,10.);
#990=VECTOR('',#3394,10.);
#991=VECTOR('',#3395,10.);
#992=VECTOR('',#3398,10.);
#993=VECTOR('',#3399,10.);
#994=VECTOR('',#3402,10.);
#995=VECTOR('',#3403,10.);
#996=VECTOR('',#3404,10.);
#997=VECTOR('',#3405,10.);
#998=VECTOR('',#3406,10.);
#999=VECTOR('',#3407,10.);
#1000=VECTOR('',#3408,10.);
#1001=VECTOR('',#3409,10.);
#1002=VECTOR('',#3412,10.);
#1003=VECTOR('',#3415,10.);
#1004=VECTOR('',#3418,10.);
#1005=VECTOR('',#3423,10.);
#1006=VECTOR('',#3426,10.);
#1007=VECTOR('',#3427,10.);
#1008=VECTOR('',#3428,10.);
#1009=VECTOR('',#3431,10.);
#1010=VECTOR('',#3432,10.);
#1011=VECTOR('',#3433,10.);
#1012=VECTOR('',#3436,10.);
#1013=VECTOR('',#3443,2.60000000000012);
#1014=VECTOR('',#3452,2.60000000000012);
#1015=VECTOR('',#3461,3.39999999999987);
#1016=VECTOR('',#3470,3.39999999999987);
#1017=VECTOR('',#3477,10.);
#1018=VECTOR('',#3478,10.);
#1019=VECTOR('',#3479,10.);
#1020=VECTOR('',#3480,10.);
#1021=VECTOR('',#3483,10.);
#1022=VECTOR('',#3484,10.);
#1023=VECTOR('',#3485,10.);
#1024=VECTOR('',#3488,10.);
#1025=VECTOR('',#3489,10.);
#1026=VECTOR('',#3490,10.);
#1027=VECTOR('',#3491,10.);
#1028=VECTOR('',#3494,10.);
#1029=VECTOR('',#3495,10.);
#1030=VECTOR('',#3496,10.);
#1031=VECTOR('',#3499,10.);
#1032=VECTOR('',#3500,10.);
#1033=VECTOR('',#3501,10.);
#1034=VECTOR('',#3502,10.);
#1035=VECTOR('',#3503,10.);
#1036=VECTOR('',#3506,10.);
#1037=VECTOR('',#3509,10.);
#1038=VECTOR('',#3510,10.);
#1039=VECTOR('',#3513,10.);
#1040=VECTOR('',#3514,10.);
#1041=VECTOR('',#3515,10.);
#1042=VECTOR('',#3518,10.);
#1043=VECTOR('',#3521,10.);
#1044=VECTOR('',#3522,10.);
#1045=VECTOR('',#3523,10.);
#1046=VECTOR('',#3526,10.);
#1047=VECTOR('',#3527,10.);
#1048=VECTOR('',#3530,10.);
#1049=VECTOR('',#3533,10.);
#1050=VECTOR('',#3534,10.);
#1051=VECTOR('',#3535,10.);
#1052=VECTOR('',#3538,10.);
#1053=VECTOR('',#3539,10.);
#1054=VECTOR('',#3542,10.);
#1055=VECTOR('',#3543,10.);
#1056=VECTOR('',#3546,10.);
#1057=VECTOR('',#3547,10.);
#1058=VECTOR('',#3548,10.);
#1059=VECTOR('',#3551,10.);
#1060=VECTOR('',#3556,10.);
#1061=VECTOR('',#3557,10.);
#1062=VECTOR('',#3560,10.);
#1063=VECTOR('',#3563,10.);
#1064=VECTOR('',#3564,10.);
#1065=VECTOR('',#3565,10.);
#1066=VECTOR('',#3566,10.);
#1067=VECTOR('',#3569,10.);
#1068=VECTOR('',#3574,10.);
#1069=VECTOR('',#3575,10.);
#1070=VECTOR('',#3580,10.);
#1071=VECTOR('',#3583,10.);
#1072=VECTOR('',#3586,10.);
#1073=VECTOR('',#3589,10.);
#1074=VECTOR('',#3592,10.);
#1075=VECTOR('',#3593,10.);
#1076=VECTOR('',#3596,10.);
#1077=VECTOR('',#3597,10.);
#1078=VECTOR('',#3600,10.);
#1079=VECTOR('',#3621,10.);
#1080=VECTOR('',#3622,10.);
#1081=VECTOR('',#3637,10.);
#1082=VECTOR('',#3656,10.);
#1083=VECTOR('',#3681,10.);
#1084=VECTOR('',#3682,10.);
#1085=VECTOR('',#3733,10.);
#1086=VECTOR('',#3742,10.);
#1087=VECTOR('',#3753,10.);
#1088=VECTOR('',#3756,10.);
#1089=VECTOR('',#3759,10.);
#1090=VECTOR('',#3760,10.);
#1091=VECTOR('',#3763,10.);
#1092=VECTOR('',#3768,10.);
#1093=VECTOR('',#3769,10.);
#1094=VECTOR('',#3772,10.);
#1095=VECTOR('',#3777,10.);
#1096=VECTOR('',#3786,10.);
#1097=VECTOR('',#3789,10.);
#1098=VECTOR('',#3792,10.);
#1099=VECTOR('',#3795,10.);
#1100=VECTOR('',#3796,10.);
#1101=VECTOR('',#3799,10.);
#1102=VECTOR('',#3804,10.);
#1103=VECTOR('',#3805,10.);
#1104=VECTOR('',#3808,10.);
#1105=VECTOR('',#3811,10.);
#1106=VECTOR('',#3818,10.);
#1107=VECTOR('',#3821,10.);
#1108=VECTOR('',#3828,10.);
#1109=VECTOR('',#3831,10.);
#1110=VERTEX_POINT('',#3840);
#1111=VERTEX_POINT('',#3841);
#1112=VERTEX_POINT('',#3843);
#1113=VERTEX_POINT('',#3845);
#1114=VERTEX_POINT('',#3849);
#1115=VERTEX_POINT('',#3851);
#1116=VERTEX_POINT('',#3855);
#1117=VERTEX_POINT('',#3857);
#1118=VERTEX_POINT('',#3864);
#1119=VERTEX_POINT('',#3866);
#1120=VERTEX_POINT('',#3870);
#1121=VERTEX_POINT('',#3874);
#1122=VERTEX_POINT('',#3875);
#1123=VERTEX_POINT('',#3877);
#1124=VERTEX_POINT('',#3879);
#1125=VERTEX_POINT('',#3881);
#1126=VERTEX_POINT('',#3883);
#1127=VERTEX_POINT('',#3885);
#1128=VERTEX_POINT('',#3888);
#1129=VERTEX_POINT('',#3889);
#1130=VERTEX_POINT('',#3891);
#1131=VERTEX_POINT('',#3893);
#1132=VERTEX_POINT('',#3897);
#1133=VERTEX_POINT('',#3899);
#1134=VERTEX_POINT('',#3903);
#1135=VERTEX_POINT('',#3907);
#1136=VERTEX_POINT('',#3913);
#1137=VERTEX_POINT('',#3915);
#1138=VERTEX_POINT('',#3919);
#1139=VERTEX_POINT('',#3923);
#1140=VERTEX_POINT('',#3924);
#1141=VERTEX_POINT('',#3929);
#1142=VERTEX_POINT('',#3931);
#1143=VERTEX_POINT('',#3935);
#1144=VERTEX_POINT('',#3944);
#1145=VERTEX_POINT('',#3945);
#1146=VERTEX_POINT('',#3947);
#1147=VERTEX_POINT('',#3949);
#1148=VERTEX_POINT('',#3951);
#1149=VERTEX_POINT('',#3953);
#1150=VERTEX_POINT('',#3956);
#1151=VERTEX_POINT('',#3957);
#1152=VERTEX_POINT('',#3959);
#1153=VERTEX_POINT('',#3961);
#1154=VERTEX_POINT('',#3968);
#1155=VERTEX_POINT('',#3980);
#1156=VERTEX_POINT('',#3981);
#1157=VERTEX_POINT('',#3983);
#1158=VERTEX_POINT('',#3992);
#1159=VERTEX_POINT('',#4004);
#1160=VERTEX_POINT('',#4007);
#1161=VERTEX_POINT('',#4008);
#1162=VERTEX_POINT('',#4010);
#1163=VERTEX_POINT('',#4019);
#1164=VERTEX_POINT('',#4031);
#1165=VERTEX_POINT('',#4048);
#1166=VERTEX_POINT('',#4052);
#1167=VERTEX_POINT('',#4055);
#1168=VERTEX_POINT('',#4056);
#1169=VERTEX_POINT('',#4058);
#1170=VERTEX_POINT('',#4074);
#1171=VERTEX_POINT('',#4078);
#1172=VERTEX_POINT('',#4081);
#1173=VERTEX_POINT('',#4083);
#1174=VERTEX_POINT('',#4085);
#1175=VERTEX_POINT('',#4087);
#1176=VERTEX_POINT('',#4091);
#1177=VERTEX_POINT('',#4093);
#1178=VERTEX_POINT('',#4095);
#1179=VERTEX_POINT('',#4097);
#1180=VERTEX_POINT('',#4101);
#1181=VERTEX_POINT('',#4103);
#1182=VERTEX_POINT('',#4107);
#1183=VERTEX_POINT('',#4109);
#1184=VERTEX_POINT('',#4111);
#1185=VERTEX_POINT('',#4113);
#1186=VERTEX_POINT('',#4117);
#1187=VERTEX_POINT('',#4121);
#1188=VERTEX_POINT('',#4125);
#1189=VERTEX_POINT('',#4129);
#1190=VERTEX_POINT('',#4133);
#1191=VERTEX_POINT('',#4135);
#1192=VERTEX_POINT('',#4139);
#1193=VERTEX_POINT('',#4143);
#1194=VERTEX_POINT('',#4145);
#1195=VERTEX_POINT('',#4147);
#1196=VERTEX_POINT('',#4151);
#1197=VERTEX_POINT('',#4152);
#1198=VERTEX_POINT('',#4154);
#1199=VERTEX_POINT('',#4156);
#1200=VERTEX_POINT('',#4160);
#1201=VERTEX_POINT('',#4162);
#1202=VERTEX_POINT('',#4166);
#1203=VERTEX_POINT('',#4167);
#1204=VERTEX_POINT('',#4169);
#1205=VERTEX_POINT('',#4171);
#1206=VERTEX_POINT('',#4175);
#1207=VERTEX_POINT('',#4177);
#1208=VERTEX_POINT('',#4181);
#1209=VERTEX_POINT('',#4183);
#1210=VERTEX_POINT('',#4187);
#1211=VERTEX_POINT('',#4189);
#1212=VERTEX_POINT('',#4193);
#1213=VERTEX_POINT('',#4197);
#1214=VERTEX_POINT('',#4202);
#1215=VERTEX_POINT('',#4206);
#1216=VERTEX_POINT('',#4208);
#1217=VERTEX_POINT('',#4210);
#1218=VERTEX_POINT('',#4212);
#1219=VERTEX_POINT('',#4214);
#1220=VERTEX_POINT('',#4218);
#1221=VERTEX_POINT('',#4220);
#1222=VERTEX_POINT('',#4224);
#1223=VERTEX_POINT('',#4226);
#1224=VERTEX_POINT('',#4230);
#1225=VERTEX_POINT('',#4233);
#1226=VERTEX_POINT('',#4235);
#1227=VERTEX_POINT('',#4237);
#1228=VERTEX_POINT('',#4239);
#1229=VERTEX_POINT('',#4241);
#1230=VERTEX_POINT('',#4243);
#1231=VERTEX_POINT('',#4247);
#1232=VERTEX_POINT('',#4248);
#1233=VERTEX_POINT('',#4250);
#1234=VERTEX_POINT('',#4252);
#1235=VERTEX_POINT('',#4259);
#1236=VERTEX_POINT('',#4261);
#1237=VERTEX_POINT('',#4265);
#1238=VERTEX_POINT('',#4267);
#1239=VERTEX_POINT('',#4271);
#1240=VERTEX_POINT('',#4275);
#1241=VERTEX_POINT('',#4276);
#1242=VERTEX_POINT('',#4278);
#1243=VERTEX_POINT('',#4280);
#1244=VERTEX_POINT('',#4282);
#1245=VERTEX_POINT('',#4284);
#1246=VERTEX_POINT('',#4286);
#1247=VERTEX_POINT('',#4288);
#1248=VERTEX_POINT('',#4290);
#1249=VERTEX_POINT('',#4292);
#1250=VERTEX_POINT('',#4294);
#1251=VERTEX_POINT('',#4296);
#1252=VERTEX_POINT('',#4300);
#1253=VERTEX_POINT('',#4301);
#1254=VERTEX_POINT('',#4306);
#1255=VERTEX_POINT('',#4310);
#1256=VERTEX_POINT('',#4312);
#1257=VERTEX_POINT('',#4316);
#1258=VERTEX_POINT('',#4318);
#1259=VERTEX_POINT('',#4320);
#1260=VERTEX_POINT('',#4330);
#1261=VERTEX_POINT('',#4332);
#1262=VERTEX_POINT('',#4334);
#1263=VERTEX_POINT('',#4336);
#1264=VERTEX_POINT('',#4338);
#1265=VERTEX_POINT('',#4342);
#1266=VERTEX_POINT('',#4344);
#1267=VERTEX_POINT('',#4346);
#1268=VERTEX_POINT('',#4348);
#1269=VERTEX_POINT('',#4350);
#1270=VERTEX_POINT('',#4354);
#1271=VERTEX_POINT('',#4356);
#1272=VERTEX_POINT('',#4361);
#1273=VERTEX_POINT('',#4363);
#1274=VERTEX_POINT('',#4368);
#1275=VERTEX_POINT('',#4370);
#1276=VERTEX_POINT('',#4375);
#1277=VERTEX_POINT('',#4377);
#1278=VERTEX_POINT('',#4382);
#1279=VERTEX_POINT('',#4383);
#1280=VERTEX_POINT('',#4385);
#1281=VERTEX_POINT('',#4387);
#1282=VERTEX_POINT('',#4391);
#1283=VERTEX_POINT('',#4393);
#1284=VERTEX_POINT('',#4397);
#1285=VERTEX_POINT('',#4398);
#1286=VERTEX_POINT('',#4400);
#1287=VERTEX_POINT('',#4402);
#1288=VERTEX_POINT('',#4406);
#1289=VERTEX_POINT('',#4408);
#1290=VERTEX_POINT('',#4410);
#1291=VERTEX_POINT('',#4412);
#1292=VERTEX_POINT('',#4414);
#1293=VERTEX_POINT('',#4416);
#1294=VERTEX_POINT('',#4418);
#1295=VERTEX_POINT('',#4420);
#1296=VERTEX_POINT('',#4422);
#1297=VERTEX_POINT('',#4424);
#1298=VERTEX_POINT('',#4431);
#1299=VERTEX_POINT('',#4433);
#1300=VERTEX_POINT('',#4439);
#1301=VERTEX_POINT('',#4440);
#1302=VERTEX_POINT('',#4445);
#1303=VERTEX_POINT('',#4449);
#1304=VERTEX_POINT('',#4451);
#1305=VERTEX_POINT('',#4454);
#1306=VERTEX_POINT('',#4456);
#1307=VERTEX_POINT('',#4458);
#1308=VERTEX_POINT('',#4460);
#1309=VERTEX_POINT('',#4464);
#1310=VERTEX_POINT('',#4468);
#1311=VERTEX_POINT('',#4470);
#1312=VERTEX_POINT('',#4474);
#1313=VERTEX_POINT('',#4483);
#1314=VERTEX_POINT('',#4485);
#1315=VERTEX_POINT('',#4487);
#1316=VERTEX_POINT('',#4491);
#1317=VERTEX_POINT('',#4499);
#1318=VERTEX_POINT('',#4501);
#1319=VERTEX_POINT('',#4503);
#1320=VERTEX_POINT('',#4505);
#1321=VERTEX_POINT('',#4507);
#1322=VERTEX_POINT('',#4509);
#1323=VERTEX_POINT('',#4511);
#1324=VERTEX_POINT('',#4513);
#1325=VERTEX_POINT('',#4525);
#1326=VERTEX_POINT('',#4529);
#1327=VERTEX_POINT('',#4531);
#1328=VERTEX_POINT('',#4541);
#1329=VERTEX_POINT('',#4547);
#1330=VERTEX_POINT('',#4548);
#1331=VERTEX_POINT('',#4554);
#1332=VERTEX_POINT('',#4560);
#1333=VERTEX_POINT('',#4562);
#1334=VERTEX_POINT('',#4570);
#1335=VERTEX_POINT('',#4577);
#1336=VERTEX_POINT('',#4582);
#1337=VERTEX_POINT('',#4588);
#1338=VERTEX_POINT('',#4590);
#1339=VERTEX_POINT('',#4597);
#1340=VERTEX_POINT('',#4601);
#1341=VERTEX_POINT('',#4606);
#1342=VERTEX_POINT('',#4610);
#1343=VERTEX_POINT('',#4635);
#1344=VERTEX_POINT('',#4639);
#1345=EDGE_CURVE('',#1110,#1111,#542,.T.);
#1346=EDGE_CURVE('',#1111,#1112,#543,.T.);
#1347=EDGE_CURVE('',#1112,#1113,#544,.T.);
#1348=EDGE_CURVE('',#1113,#1110,#545,.T.);
#1349=EDGE_CURVE('',#1111,#1114,#546,.T.);
#1350=EDGE_CURVE('',#1114,#1115,#547,.T.);
#1351=EDGE_CURVE('',#1115,#1112,#548,.T.);
#1352=EDGE_CURVE('',#1114,#1116,#549,.T.);
#1353=EDGE_CURVE('',#1116,#1117,#550,.T.);
#1354=EDGE_CURVE('',#1117,#1115,#551,.T.);
#1355=EDGE_CURVE('',#1113,#1117,#552,.T.);
#1356=EDGE_CURVE('',#1116,#1110,#553,.T.);
#1357=EDGE_CURVE('',#1113,#1118,#554,.T.);
#1358=EDGE_CURVE('',#1119,#1118,#555,.T.);
#1359=EDGE_CURVE('',#1117,#1119,#556,.T.);
#1360=EDGE_CURVE('',#1112,#1120,#557,.T.);
#1361=EDGE_CURVE('',#1118,#1120,#558,.T.);
#1362=EDGE_CURVE('',#1121,#1122,#199,.T.);
#1363=EDGE_CURVE('',#1122,#1123,#200,.T.);
#1364=EDGE_CURVE('',#1124,#1123,#559,.T.);
#1365=EDGE_CURVE('',#1125,#1124,#560,.T.);
#1366=EDGE_CURVE('',#1126,#1125,#561,.T.);
#1367=EDGE_CURVE('',#1127,#1126,#562,.T.);
#1368=EDGE_CURVE('',#1121,#1127,#563,.T.);
#1369=EDGE_CURVE('',#1128,#1129,#564,.T.);
#1370=EDGE_CURVE('',#1130,#1128,#565,.T.);
#1371=EDGE_CURVE('',#1131,#1130,#566,.T.);
#1372=EDGE_CURVE('',#1129,#1131,#567,.T.);
#1373=EDGE_CURVE('',#1129,#1132,#568,.T.);
#1374=EDGE_CURVE('',#1132,#1133,#569,.T.);
#1375=EDGE_CURVE('',#1133,#1128,#570,.T.);
#1376=EDGE_CURVE('',#1131,#1134,#571,.T.);
#1377=EDGE_CURVE('',#1134,#1132,#572,.T.);
#1378=EDGE_CURVE('',#1130,#1135,#573,.T.);
#1379=EDGE_CURVE('',#1135,#1134,#574,.T.);
#1380=EDGE_CURVE('',#1133,#1135,#575,.T.);
#1381=EDGE_CURVE('',#1133,#1136,#576,.T.);
#1382=EDGE_CURVE('',#1137,#1136,#577,.T.);
#1383=EDGE_CURVE('',#1135,#1137,#578,.T.);
#1384=EDGE_CURVE('',#1132,#1138,#579,.T.);
#1385=EDGE_CURVE('',#1136,#1138,#580,.T.);
#1386=EDGE_CURVE('',#1139,#1140,#581,.T.);
#1387=EDGE_CURVE('',#1140,#1136,#582,.T.);
#1388=EDGE_CURVE('',#1138,#1139,#583,.T.);
#1389=EDGE_CURVE('',#1138,#1141,#584,.T.);
#1390=EDGE_CURVE('',#1141,#1142,#585,.T.);
#1391=EDGE_CURVE('',#1142,#1139,#586,.T.);
#1392=EDGE_CURVE('',#1143,#1142,#587,.T.);
#1393=EDGE_CURVE('',#1141,#1137,#588,.T.);
#1394=EDGE_CURVE('',#1137,#1143,#589,.T.);
#1395=EDGE_CURVE('',#1140,#1143,#590,.T.);
#1396=EDGE_CURVE('',#1134,#1141,#591,.T.);
#1397=EDGE_CURVE('',#1144,#1145,#592,.T.);
#1398=EDGE_CURVE('',#1145,#1146,#593,.T.);
#1399=EDGE_CURVE('',#1147,#1146,#594,.T.);
#1400=EDGE_CURVE('',#1147,#1148,#595,.T.);
#1401=EDGE_CURVE('',#1149,#1148,#596,.T.);
#1402=EDGE_CURVE('',#1149,#1144,#597,.T.);
#1403=EDGE_CURVE('',#1150,#1151,#598,.T.);
#1404=EDGE_CURVE('',#1152,#1150,#599,.T.);
#1405=EDGE_CURVE('',#1153,#1152,#600,.T.);
#1406=EDGE_CURVE('',#1151,#1153,#601,.T.);
#1407=EDGE_CURVE('',#1151,#1118,#602,.T.);
#1408=EDGE_CURVE('',#1120,#1150,#603,.T.);
#1409=EDGE_CURVE('',#1120,#1154,#604,.T.);
#1410=EDGE_CURVE('',#1154,#1152,#605,.T.);
#1411=EDGE_CURVE('',#1154,#1119,#606,.T.);
#1412=EDGE_CURVE('',#1119,#1153,#607,.T.);
#1413=EDGE_CURVE('',#1115,#1154,#608,.T.);
#1414=EDGE_CURVE('',#1155,#1156,#201,.T.);
#1415=EDGE_CURVE('',#1157,#1155,#127,.T.);
#1416=EDGE_CURVE('',#1157,#1158,#609,.T.);
#1417=EDGE_CURVE('',#1158,#1158,#34,.T.);
#1418=EDGE_CURVE('',#1156,#1157,#128,.T.);
#1419=EDGE_CURVE('',#1159,#1159,#35,.T.);
#1420=EDGE_CURVE('',#1160,#1161,#202,.T.);
#1421=EDGE_CURVE('',#1162,#1160,#129,.T.);
#1422=EDGE_CURVE('',#1162,#1163,#610,.T.);
#1423=EDGE_CURVE('',#1163,#1163,#36,.T.);
#1424=EDGE_CURVE('',#1161,#1162,#130,.T.);
#1425=EDGE_CURVE('',#1164,#1164,#37,.T.);
#1426=EDGE_CURVE('',#1123,#1121,#131,.T.);
#1427=EDGE_CURVE('',#1122,#1165,#611,.T.);
#1428=EDGE_CURVE('',#1165,#1165,#38,.T.);
#1429=EDGE_CURVE('',#1166,#1166,#39,.T.);
#1430=EDGE_CURVE('',#1167,#1168,#203,.T.);
#1431=EDGE_CURVE('',#1169,#1167,#132,.T.);
#1432=EDGE_CURVE('',#1168,#1169,#204,.T.);
#1433=EDGE_CURVE('',#1168,#1170,#612,.T.);
#1434=EDGE_CURVE('',#1170,#1170,#40,.T.);
#1435=EDGE_CURVE('',#1171,#1171,#41,.T.);
#1436=EDGE_CURVE('',#1155,#1172,#613,.T.);
#1437=EDGE_CURVE('',#1172,#1173,#42,.F.);
#1438=EDGE_CURVE('',#1173,#1174,#614,.T.);
#1439=EDGE_CURVE('',#1174,#1175,#43,.F.);
#1440=EDGE_CURVE('',#1175,#1156,#615,.T.);
#1441=EDGE_CURVE('',#1160,#1176,#616,.T.);
#1442=EDGE_CURVE('',#1176,#1177,#44,.F.);
#1443=EDGE_CURVE('',#1177,#1178,#617,.T.);
#1444=EDGE_CURVE('',#1178,#1179,#45,.F.);
#1445=EDGE_CURVE('',#1179,#1161,#618,.T.);
#1446=EDGE_CURVE('',#1127,#1180,#46,.F.);
#1447=EDGE_CURVE('',#1180,#1181,#619,.T.);
#1448=EDGE_CURVE('',#1181,#1124,#47,.F.);
#1449=EDGE_CURVE('',#1167,#1182,#620,.T.);
#1450=EDGE_CURVE('',#1182,#1183,#48,.F.);
#1451=EDGE_CURVE('',#1183,#1184,#621,.T.);
#1452=EDGE_CURVE('',#1184,#1185,#49,.F.);
#1453=EDGE_CURVE('',#1185,#1169,#622,.T.);
#1454=EDGE_CURVE('',#1186,#1186,#50,.T.);
#1455=EDGE_CURVE('',#1186,#1164,#623,.T.);
#1456=EDGE_CURVE('',#1187,#1187,#51,.T.);
#1457=EDGE_CURVE('',#1187,#1159,#624,.T.);
#1458=EDGE_CURVE('',#1188,#1188,#52,.T.);
#1459=EDGE_CURVE('',#1188,#1171,#625,.T.);
#1460=EDGE_CURVE('',#1189,#1189,#53,.T.);
#1461=EDGE_CURVE('',#1189,#1166,#626,.T.);
#1462=EDGE_CURVE('',#1190,#1144,#627,.T.);
#1463=EDGE_CURVE('',#1190,#1191,#628,.T.);
#1464=EDGE_CURVE('',#1145,#1191,#629,.T.);
#1465=EDGE_CURVE('',#1192,#1149,#630,.T.);
#1466=EDGE_CURVE('',#1192,#1190,#631,.T.);
#1467=EDGE_CURVE('',#1193,#1191,#632,.T.);
#1468=EDGE_CURVE('',#1193,#1194,#633,.T.);
#1469=EDGE_CURVE('',#1195,#1194,#634,.T.);
#1470=EDGE_CURVE('',#1146,#1195,#635,.T.);
#1471=EDGE_CURVE('',#1196,#1197,#636,.T.);
#1472=EDGE_CURVE('',#1198,#1196,#637,.T.);
#1473=EDGE_CURVE('',#1198,#1199,#638,.T.);
#1474=EDGE_CURVE('',#1199,#1197,#639,.T.);
#1475=EDGE_CURVE('',#1200,#1175,#640,.T.);
#1476=EDGE_CURVE('',#1201,#1200,#641,.T.);
#1477=EDGE_CURVE('',#1172,#1201,#642,.T.);
#1478=EDGE_CURVE('',#1202,#1203,#643,.T.);
#1479=EDGE_CURVE('',#1204,#1203,#644,.T.);
#1480=EDGE_CURVE('',#1204,#1205,#645,.T.);
#1481=EDGE_CURVE('',#1205,#1202,#646,.T.);
#1482=EDGE_CURVE('',#1205,#1206,#647,.T.);
#1483=EDGE_CURVE('',#1206,#1207,#648,.T.);
#1484=EDGE_CURVE('',#1207,#1202,#649,.T.);
#1485=EDGE_CURVE('',#1206,#1208,#650,.T.);
#1486=EDGE_CURVE('',#1208,#1209,#651,.F.);
#1487=EDGE_CURVE('',#1209,#1207,#652,.T.);
#1488=EDGE_CURVE('',#1202,#1210,#653,.T.);
#1489=EDGE_CURVE('',#1211,#1210,#654,.T.);
#1490=EDGE_CURVE('',#1203,#1211,#655,.T.);
#1491=EDGE_CURVE('',#1207,#1212,#656,.T.);
#1492=EDGE_CURVE('',#1210,#1212,#657,.T.);
#1493=EDGE_CURVE('',#1209,#1213,#658,.T.);
#1494=EDGE_CURVE('',#1212,#1213,#659,.T.);
#1495=EDGE_CURVE('',#1213,#1211,#660,.T.);
#1496=EDGE_CURVE('',#1214,#1208,#661,.T.);
#1497=EDGE_CURVE('',#1214,#1204,#662,.T.);
#1498=EDGE_CURVE('',#1204,#1215,#663,.T.);
#1499=EDGE_CURVE('',#1216,#1215,#664,.T.);
#1500=EDGE_CURVE('',#1217,#1216,#665,.T.);
#1501=EDGE_CURVE('',#1218,#1217,#666,.T.);
#1502=EDGE_CURVE('',#1218,#1219,#667,.T.);
#1503=EDGE_CURVE('',#1219,#1214,#668,.T.);
#1504=EDGE_CURVE('',#1220,#1214,#669,.T.);
#1505=EDGE_CURVE('',#1221,#1220,#670,.T.);
#1506=EDGE_CURVE('',#1215,#1221,#671,.T.);
#1507=EDGE_CURVE('',#1222,#1179,#672,.T.);
#1508=EDGE_CURVE('',#1223,#1222,#673,.T.);
#1509=EDGE_CURVE('',#1176,#1223,#674,.T.);
#1510=EDGE_CURVE('',#1196,#1224,#675,.T.);
#1511=EDGE_CURVE('',#1224,#1216,#676,.T.);
#1512=EDGE_CURVE('',#1225,#1221,#677,.T.);
#1513=EDGE_CURVE('',#1225,#1226,#678,.T.);
#1514=EDGE_CURVE('',#1227,#1226,#679,.T.);
#1515=EDGE_CURVE('',#1228,#1227,#680,.T.);
#1516=EDGE_CURVE('',#1229,#1228,#681,.T.);
#1517=EDGE_CURVE('',#1230,#1229,#682,.T.);
#1518=EDGE_CURVE('',#1198,#1230,#683,.T.);
#1519=EDGE_CURVE('',#1231,#1232,#684,.T.);
#1520=EDGE_CURVE('',#1233,#1231,#685,.T.);
#1521=EDGE_CURVE('',#1234,#1233,#686,.T.);
#1522=EDGE_CURVE('',#1232,#1234,#687,.T.);
#1523=EDGE_CURVE('',#1194,#1231,#688,.T.);
#1524=EDGE_CURVE('',#1233,#1193,#689,.T.);
#1525=EDGE_CURVE('',#1235,#1185,#690,.T.);
#1526=EDGE_CURVE('',#1236,#1235,#691,.T.);
#1527=EDGE_CURVE('',#1182,#1236,#692,.T.);
#1528=EDGE_CURVE('',#1237,#1237,#54,.T.);
#1529=EDGE_CURVE('',#1237,#1238,#693,.T.);
#1530=EDGE_CURVE('',#1238,#1238,#55,.T.);
#1531=EDGE_CURVE('',#1239,#1239,#56,.T.);
#1532=EDGE_CURVE('',#1239,#1238,#694,.T.);
#1533=EDGE_CURVE('',#1240,#1241,#695,.T.);
#1534=EDGE_CURVE('',#1242,#1240,#57,.T.);
#1535=EDGE_CURVE('',#1243,#1242,#696,.T.);
#1536=EDGE_CURVE('',#1244,#1243,#697,.T.);
#1537=EDGE_CURVE('',#1245,#1244,#698,.T.);
#1538=EDGE_CURVE('',#1246,#1245,#699,.T.);
#1539=EDGE_CURVE('',#1247,#1246,#700,.T.);
#1540=EDGE_CURVE('',#1248,#1247,#58,.T.);
#1541=EDGE_CURVE('',#1249,#1248,#701,.T.);
#1542=EDGE_CURVE('',#1250,#1249,#702,.T.);
#1543=EDGE_CURVE('',#1251,#1250,#703,.T.);
#1544=EDGE_CURVE('',#1241,#1251,#704,.T.);
#1545=EDGE_CURVE('',#1252,#1253,#705,.T.);
#1546=EDGE_CURVE('',#1253,#1227,#706,.T.);
#1547=EDGE_CURVE('',#1226,#1252,#707,.T.);
#1548=EDGE_CURVE('',#1253,#1254,#708,.T.);
#1549=EDGE_CURVE('',#1228,#1254,#709,.T.);
#1550=EDGE_CURVE('',#1255,#1252,#710,.T.);
#1551=EDGE_CURVE('',#1256,#1255,#711,.T.);
#1552=EDGE_CURVE('',#1178,#1256,#712,.T.);
#1553=EDGE_CURVE('',#1174,#1177,#713,.T.);
#1554=EDGE_CURVE('',#1257,#1173,#714,.T.);
#1555=EDGE_CURVE('',#1258,#1257,#715,.T.);
#1556=EDGE_CURVE('',#1258,#1259,#716,.T.);
#1557=EDGE_CURVE('',#1254,#1259,#717,.T.);
#1558=EDGE_CURVE('',#1259,#1229,#718,.T.);
#1559=EDGE_CURVE('',#1230,#1258,#719,.T.);
#1560=EDGE_CURVE('',#1255,#1225,#720,.T.);
#1561=EDGE_CURVE('',#1260,#1257,#59,.T.);
#1562=EDGE_CURVE('',#1260,#1261,#721,.T.);
#1563=EDGE_CURVE('',#1262,#1261,#60,.T.);
#1564=EDGE_CURVE('',#1262,#1263,#722,.T.);
#1565=EDGE_CURVE('',#1263,#1264,#723,.T.);
#1566=EDGE_CURVE('',#1199,#1264,#724,.T.);
#1567=EDGE_CURVE('',#1220,#1265,#725,.T.);
#1568=EDGE_CURVE('',#1265,#1266,#726,.T.);
#1569=EDGE_CURVE('',#1266,#1267,#727,.T.);
#1570=EDGE_CURVE('',#1268,#1267,#61,.T.);
#1571=EDGE_CURVE('',#1269,#1268,#728,.T.);
#1572=EDGE_CURVE('',#1256,#1269,#62,.T.);
#1573=EDGE_CURVE('',#1270,#1270,#63,.T.);
#1574=EDGE_CURVE('',#1270,#1271,#729,.T.);
#1575=EDGE_CURVE('',#1271,#1271,#64,.T.);
#1576=EDGE_CURVE('',#1272,#1272,#65,.T.);
#1577=EDGE_CURVE('',#1272,#1273,#730,.T.);
#1578=EDGE_CURVE('',#1273,#1273,#66,.T.);
#1579=EDGE_CURVE('',#1274,#1274,#67,.T.);
#1580=EDGE_CURVE('',#1274,#1275,#731,.T.);
#1581=EDGE_CURVE('',#1275,#1275,#68,.T.);
#1582=EDGE_CURVE('',#1276,#1276,#69,.T.);
#1583=EDGE_CURVE('',#1276,#1277,#732,.T.);
#1584=EDGE_CURVE('',#1277,#1277,#70,.T.);
#1585=EDGE_CURVE('',#1278,#1279,#733,.T.);
#1586=EDGE_CURVE('',#1280,#1278,#734,.T.);
#1587=EDGE_CURVE('',#1280,#1281,#735,.T.);
#1588=EDGE_CURVE('',#1281,#1279,#736,.T.);
#1589=EDGE_CURVE('',#1282,#1263,#737,.T.);
#1590=EDGE_CURVE('',#1282,#1283,#738,.T.);
#1591=EDGE_CURVE('',#1264,#1283,#739,.T.);
#1592=EDGE_CURVE('',#1284,#1285,#740,.T.);
#1593=EDGE_CURVE('',#1286,#1284,#741,.T.);
#1594=EDGE_CURVE('',#1286,#1287,#742,.T.);
#1595=EDGE_CURVE('',#1287,#1285,#743,.T.);
#1596=EDGE_CURVE('',#1285,#1288,#744,.T.);
#1597=EDGE_CURVE('',#1289,#1287,#745,.T.);
#1598=EDGE_CURVE('',#1290,#1289,#746,.T.);
#1599=EDGE_CURVE('',#1291,#1290,#71,.T.);
#1600=EDGE_CURVE('',#1292,#1291,#747,.T.);
#1601=EDGE_CURVE('',#1293,#1292,#748,.T.);
#1602=EDGE_CURVE('',#1294,#1293,#749,.T.);
#1603=EDGE_CURVE('',#1295,#1294,#750,.T.);
#1604=EDGE_CURVE('',#1296,#1295,#751,.T.);
#1605=EDGE_CURVE('',#1297,#1296,#72,.T.);
#1606=EDGE_CURVE('',#1288,#1297,#752,.T.);
#1607=EDGE_CURVE('',#1265,#1293,#753,.T.);
#1608=EDGE_CURVE('',#1294,#1219,#754,.T.);
#1609=EDGE_CURVE('',#1283,#1298,#755,.T.);
#1610=EDGE_CURVE('',#1299,#1298,#756,.T.);
#1611=EDGE_CURVE('',#1197,#1299,#757,.T.);
#1612=EDGE_CURVE('',#1266,#1292,#758,.T.);
#1613=EDGE_CURVE('',#1300,#1301,#759,.T.);
#1614=EDGE_CURVE('',#1300,#1281,#760,.T.);
#1615=EDGE_CURVE('',#1301,#1280,#761,.T.);
#1616=EDGE_CURVE('',#1289,#1302,#762,.T.);
#1617=EDGE_CURVE('',#1302,#1286,#763,.T.);
#1618=EDGE_CURVE('',#1303,#1282,#764,.T.);
#1619=EDGE_CURVE('',#1304,#1303,#73,.T.);
#1620=EDGE_CURVE('',#1279,#1304,#765,.T.);
#1621=EDGE_CURVE('',#1305,#1300,#766,.T.);
#1622=EDGE_CURVE('',#1306,#1305,#767,.T.);
#1623=EDGE_CURVE('',#1307,#1306,#74,.T.);
#1624=EDGE_CURVE('',#1308,#1307,#768,.T.);
#1625=EDGE_CURVE('',#1298,#1308,#769,.T.);
#1626=EDGE_CURVE('',#1309,#1308,#770,.T.);
#1627=EDGE_CURVE('',#1309,#1299,#771,.T.);
#1628=EDGE_CURVE('',#1307,#1310,#772,.T.);
#1629=EDGE_CURVE('',#1311,#1310,#773,.T.);
#1630=EDGE_CURVE('',#1309,#1311,#774,.T.);
#1631=EDGE_CURVE('',#1306,#1312,#775,.T.);
#1632=EDGE_CURVE('',#1310,#1312,#75,.T.);
#1633=EDGE_CURVE('',#1305,#1148,#776,.T.);
#1634=EDGE_CURVE('',#1312,#1147,#777,.T.);
#1635=EDGE_CURVE('',#1192,#1301,#778,.T.);
#1636=EDGE_CURVE('',#1297,#1313,#779,.T.);
#1637=EDGE_CURVE('',#1313,#1314,#780,.T.);
#1638=EDGE_CURVE('',#1314,#1315,#781,.T.);
#1639=EDGE_CURVE('',#1288,#1315,#782,.T.);
#1640=EDGE_CURVE('',#1296,#1316,#783,.T.);
#1641=EDGE_CURVE('',#1316,#1313,#76,.T.);
#1642=EDGE_CURVE('',#1295,#1218,#784,.T.);
#1643=EDGE_CURVE('',#1217,#1316,#785,.T.);
#1644=EDGE_CURVE('',#1278,#1317,#786,.T.);
#1645=EDGE_CURVE('',#1318,#1317,#77,.T.);
#1646=EDGE_CURVE('',#1318,#1319,#787,.T.);
#1647=EDGE_CURVE('',#1320,#1319,#78,.T.);
#1648=EDGE_CURVE('',#1320,#1321,#788,.T.);
#1649=EDGE_CURVE('',#1322,#1321,#79,.T.);
#1650=EDGE_CURVE('',#1323,#1322,#789,.T.);
#1651=EDGE_CURVE('',#1324,#1323,#80,.T.);
#1652=EDGE_CURVE('',#1324,#1302,#790,.T.);
#1653=EDGE_CURVE('',#1284,#1234,#791,.T.);
#1654=EDGE_CURVE('',#1224,#1311,#792,.T.);
#1655=EDGE_CURVE('',#1195,#1314,#793,.T.);
#1656=EDGE_CURVE('',#1232,#1315,#794,.T.);
#1657=EDGE_CURVE('',#1179,#1325,#81,.F.);
#1658=EDGE_CURVE('',#1325,#1178,#82,.F.);
#1659=EDGE_CURVE('',#1326,#1222,#83,.F.);
#1660=EDGE_CURVE('',#1327,#1326,#84,.F.);
#1661=EDGE_CURVE('',#1222,#1327,#85,.F.);
#1662=EDGE_CURVE('',#1267,#1327,#795,.T.);
#1663=EDGE_CURVE('',#1326,#1268,#796,.T.);
#1664=EDGE_CURVE('',#1177,#1251,#86,.F.);
#1665=EDGE_CURVE('',#1251,#1176,#87,.F.);
#1666=EDGE_CURVE('',#1328,#1172,#88,.F.);
#1667=EDGE_CURVE('',#1173,#1328,#89,.F.);
#1668=EDGE_CURVE('',#1328,#1260,#797,.T.);
#1669=EDGE_CURVE('',#1329,#1330,#90,.F.);
#1670=EDGE_CURVE('',#1236,#1329,#91,.F.);
#1671=EDGE_CURVE('',#1330,#1236,#92,.F.);
#1672=EDGE_CURVE('',#1223,#1241,#93,.F.);
#1673=EDGE_CURVE('',#1331,#1223,#94,.F.);
#1674=EDGE_CURVE('',#1241,#1331,#95,.F.);
#1675=EDGE_CURVE('',#1327,#1331,#798,.T.);
#1676=EDGE_CURVE('',#1201,#1332,#96,.F.);
#1677=EDGE_CURVE('',#1333,#1201,#97,.F.);
#1678=EDGE_CURVE('',#1332,#1333,#98,.F.);
#1679=EDGE_CURVE('',#1175,#1250,#99,.F.);
#1680=EDGE_CURVE('',#1250,#1174,#100,.F.);
#1681=EDGE_CURVE('',#1334,#1182,#101,.F.);
#1682=EDGE_CURVE('',#1183,#1334,#102,.F.);
#1683=EDGE_CURVE('',#1321,#1183,#799,.T.);
#1684=EDGE_CURVE('',#1334,#1322,#800,.T.);
#1685=EDGE_CURVE('',#1235,#1335,#103,.F.);
#1686=EDGE_CURVE('',#1243,#1235,#104,.F.);
#1687=EDGE_CURVE('',#1335,#1243,#105,.F.);
#1688=EDGE_CURVE('',#1200,#1336,#106,.F.);
#1689=EDGE_CURVE('',#1249,#1200,#107,.F.);
#1690=EDGE_CURVE('',#1336,#1249,#108,.F.);
#1691=EDGE_CURVE('',#1125,#1337,#109,.F.);
#1692=EDGE_CURVE('',#1338,#1125,#110,.F.);
#1693=EDGE_CURVE('',#1337,#1338,#111,.F.);
#1694=EDGE_CURVE('',#1185,#1244,#112,.F.);
#1695=EDGE_CURVE('',#1244,#1184,#113,.F.);
#1696=EDGE_CURVE('',#1124,#1339,#114,.F.);
#1697=EDGE_CURVE('',#1339,#1181,#115,.F.);
#1698=EDGE_CURVE('',#1340,#1126,#116,.F.);
#1699=EDGE_CURVE('',#1246,#1340,#117,.F.);
#1700=EDGE_CURVE('',#1126,#1246,#118,.F.);
#1701=EDGE_CURVE('',#1341,#1247,#119,.T.);
#1702=EDGE_CURVE('',#1340,#1341,#801,.T.);
#1703=EDGE_CURVE('',#1342,#1248,#120,.T.);
#1704=EDGE_CURVE('',#1341,#1342,#121,.T.);
#1705=EDGE_CURVE('',#1342,#1336,#802,.T.);
#1706=EDGE_CURVE('',#1180,#1245,#122,.F.);
#1707=EDGE_CURVE('',#1245,#1127,#123,.F.);
#1708=EDGE_CURVE('',#1184,#1180,#803,.T.);
#1709=EDGE_CURVE('',#1337,#1340,#804,.T.);
#1710=EDGE_CURVE('',#1319,#1339,#805,.T.);
#1711=EDGE_CURVE('',#1181,#1320,#806,.T.);
#1712=EDGE_CURVE('',#1339,#1338,#807,.T.);
#1713=EDGE_CURVE('',#1317,#1337,#808,.T.);
#1714=EDGE_CURVE('',#1338,#1318,#809,.T.);
#1715=EDGE_CURVE('',#1336,#1333,#810,.T.);
#1716=EDGE_CURVE('',#1343,#1240,#124,.T.);
#1717=EDGE_CURVE('',#1331,#1343,#811,.T.);
#1718=EDGE_CURVE('',#1344,#1242,#125,.T.);
#1719=EDGE_CURVE('',#1343,#1344,#126,.T.);
#1720=EDGE_CURVE('',#1344,#1335,#812,.T.);
#1721=EDGE_CURVE('',#1335,#1330,#813,.T.);
#1722=EDGE_CURVE('',#1329,#1334,#814,.T.);
#1723=EDGE_CURVE('',#1261,#1332,#815,.T.);
#1724=EDGE_CURVE('',#1333,#1262,#816,.T.);
#1725=EDGE_CURVE('',#1332,#1328,#817,.T.);
#1726=EDGE_CURVE('',#1323,#1329,#818,.T.);
#1727=EDGE_CURVE('',#1330,#1324,#819,.T.);
#1728=EDGE_CURVE('',#1325,#1326,#820,.T.);
#1729=EDGE_CURVE('',#1269,#1325,#821,.T.);
#1730=EDGE_CURVE('',#1290,#1344,#822,.T.);
#1731=EDGE_CURVE('',#1291,#1343,#823,.T.);
#1732=EDGE_CURVE('',#1304,#1341,#824,.T.);
#1733=EDGE_CURVE('',#1303,#1342,#825,.T.);
#1734=ORIENTED_EDGE('',*,*,#1345,.T.);
#1735=ORIENTED_EDGE('',*,*,#1346,.T.);
#1736=ORIENTED_EDGE('',*,*,#1347,.T.);
#1737=ORIENTED_EDGE('',*,*,#1348,.T.);
#1738=ORIENTED_EDGE('',*,*,#1349,.T.);
#1739=ORIENTED_EDGE('',*,*,#1350,.T.);
#1740=ORIENTED_EDGE('',*,*,#1351,.T.);
#1741=ORIENTED_EDGE('',*,*,#1346,.F.);
#1742=ORIENTED_EDGE('',*,*,#1352,.T.);
#1743=ORIENTED_EDGE('',*,*,#1353,.T.);
#1744=ORIENTED_EDGE('',*,*,#1354,.T.);
#1745=ORIENTED_EDGE('',*,*,#1350,.F.);
#1746=ORIENTED_EDGE('',*,*,#1355,.T.);
#1747=ORIENTED_EDGE('',*,*,#1353,.F.);
#1748=ORIENTED_EDGE('',*,*,#1356,.T.);
#1749=ORIENTED_EDGE('',*,*,#1348,.F.);
#1750=ORIENTED_EDGE('',*,*,#1355,.F.);
#1751=ORIENTED_EDGE('',*,*,#1357,.T.);
#1752=ORIENTED_EDGE('',*,*,#1358,.F.);
#1753=ORIENTED_EDGE('',*,*,#1359,.F.);
#1754=ORIENTED_EDGE('',*,*,#1347,.F.);
#1755=ORIENTED_EDGE('',*,*,#1360,.T.);
#1756=ORIENTED_EDGE('',*,*,#1361,.F.);
#1757=ORIENTED_EDGE('',*,*,#1357,.F.);
#1758=ORIENTED_EDGE('',*,*,#1362,.T.);
#1759=ORIENTED_EDGE('',*,*,#1363,.T.);
#1760=ORIENTED_EDGE('',*,*,#1364,.F.);
#1761=ORIENTED_EDGE('',*,*,#1365,.F.);
#1762=ORIENTED_EDGE('',*,*,#1366,.F.);
#1763=ORIENTED_EDGE('',*,*,#1367,.F.);
#1764=ORIENTED_EDGE('',*,*,#1368,.F.);
#1765=ORIENTED_EDGE('',*,*,#1369,.F.);
#1766=ORIENTED_EDGE('',*,*,#1370,.F.);
#1767=ORIENTED_EDGE('',*,*,#1371,.F.);
#1768=ORIENTED_EDGE('',*,*,#1372,.F.);
#1769=ORIENTED_EDGE('',*,*,#1345,.F.);
#1770=ORIENTED_EDGE('',*,*,#1356,.F.);
#1771=ORIENTED_EDGE('',*,*,#1352,.F.);
#1772=ORIENTED_EDGE('',*,*,#1349,.F.);
#1773=ORIENTED_EDGE('',*,*,#1369,.T.);
#1774=ORIENTED_EDGE('',*,*,#1373,.T.);
#1775=ORIENTED_EDGE('',*,*,#1374,.T.);
#1776=ORIENTED_EDGE('',*,*,#1375,.T.);
#1777=ORIENTED_EDGE('',*,*,#1372,.T.);
#1778=ORIENTED_EDGE('',*,*,#1376,.T.);
#1779=ORIENTED_EDGE('',*,*,#1377,.T.);
#1780=ORIENTED_EDGE('',*,*,#1373,.F.);
#1781=ORIENTED_EDGE('',*,*,#1371,.T.);
#1782=ORIENTED_EDGE('',*,*,#1378,.T.);
#1783=ORIENTED_EDGE('',*,*,#1379,.T.);
#1784=ORIENTED_EDGE('',*,*,#1376,.F.);
#1785=ORIENTED_EDGE('',*,*,#1380,.T.);
#1786=ORIENTED_EDGE('',*,*,#1378,.F.);
#1787=ORIENTED_EDGE('',*,*,#1370,.T.);
#1788=ORIENTED_EDGE('',*,*,#1375,.F.);
#1789=ORIENTED_EDGE('',*,*,#1380,.F.);
#1790=ORIENTED_EDGE('',*,*,#1381,.T.);
#1791=ORIENTED_EDGE('',*,*,#1382,.F.);
#1792=ORIENTED_EDGE('',*,*,#1383,.F.);
#1793=ORIENTED_EDGE('',*,*,#1374,.F.);
#1794=ORIENTED_EDGE('',*,*,#1384,.T.);
#1795=ORIENTED_EDGE('',*,*,#1385,.F.);
#1796=ORIENTED_EDGE('',*,*,#1381,.F.);
#1797=ORIENTED_EDGE('',*,*,#1386,.T.);
#1798=ORIENTED_EDGE('',*,*,#1387,.T.);
#1799=ORIENTED_EDGE('',*,*,#1385,.T.);
#1800=ORIENTED_EDGE('',*,*,#1388,.T.);
#1801=ORIENTED_EDGE('',*,*,#1389,.T.);
#1802=ORIENTED_EDGE('',*,*,#1390,.T.);
#1803=ORIENTED_EDGE('',*,*,#1391,.T.);
#1804=ORIENTED_EDGE('',*,*,#1388,.F.);
#1805=ORIENTED_EDGE('',*,*,#1392,.T.);
#1806=ORIENTED_EDGE('',*,*,#1390,.F.);
#1807=ORIENTED_EDGE('',*,*,#1393,.T.);
#1808=ORIENTED_EDGE('',*,*,#1394,.T.);
#1809=ORIENTED_EDGE('',*,*,#1395,.T.);
#1810=ORIENTED_EDGE('',*,*,#1394,.F.);
#1811=ORIENTED_EDGE('',*,*,#1382,.T.);
#1812=ORIENTED_EDGE('',*,*,#1387,.F.);
#1813=ORIENTED_EDGE('',*,*,#1377,.F.);
#1814=ORIENTED_EDGE('',*,*,#1396,.T.);
#1815=ORIENTED_EDGE('',*,*,#1389,.F.);
#1816=ORIENTED_EDGE('',*,*,#1384,.F.);
#1817=ORIENTED_EDGE('',*,*,#1397,.T.);
#1818=ORIENTED_EDGE('',*,*,#1398,.T.);
#1819=ORIENTED_EDGE('',*,*,#1399,.F.);
#1820=ORIENTED_EDGE('',*,*,#1400,.T.);
#1821=ORIENTED_EDGE('',*,*,#1401,.F.);
#1822=ORIENTED_EDGE('',*,*,#1402,.T.);
#1823=ORIENTED_EDGE('',*,*,#1403,.F.);
#1824=ORIENTED_EDGE('',*,*,#1404,.F.);
#1825=ORIENTED_EDGE('',*,*,#1405,.F.);
#1826=ORIENTED_EDGE('',*,*,#1406,.F.);
#1827=ORIENTED_EDGE('',*,*,#1386,.F.);
#1828=ORIENTED_EDGE('',*,*,#1391,.F.);
#1829=ORIENTED_EDGE('',*,*,#1392,.F.);
#1830=ORIENTED_EDGE('',*,*,#1395,.F.);
#1831=ORIENTED_EDGE('',*,*,#1403,.T.);
#1832=ORIENTED_EDGE('',*,*,#1407,.T.);
#1833=ORIENTED_EDGE('',*,*,#1361,.T.);
#1834=ORIENTED_EDGE('',*,*,#1408,.T.);
#1835=ORIENTED_EDGE('',*,*,#1409,.T.);
#1836=ORIENTED_EDGE('',*,*,#1410,.T.);
#1837=ORIENTED_EDGE('',*,*,#1404,.T.);
#1838=ORIENTED_EDGE('',*,*,#1408,.F.);
#1839=ORIENTED_EDGE('',*,*,#1405,.T.);
#1840=ORIENTED_EDGE('',*,*,#1410,.F.);
#1841=ORIENTED_EDGE('',*,*,#1411,.T.);
#1842=ORIENTED_EDGE('',*,*,#1412,.T.);
#1843=ORIENTED_EDGE('',*,*,#1406,.T.);
#1844=ORIENTED_EDGE('',*,*,#1412,.F.);
#1845=ORIENTED_EDGE('',*,*,#1358,.T.);
#1846=ORIENTED_EDGE('',*,*,#1407,.F.);
#1847=ORIENTED_EDGE('',*,*,#1351,.F.);
#1848=ORIENTED_EDGE('',*,*,#1413,.T.);
#1849=ORIENTED_EDGE('',*,*,#1409,.F.);
#1850=ORIENTED_EDGE('',*,*,#1360,.F.);
#1851=ORIENTED_EDGE('',*,*,#1379,.F.);
#1852=ORIENTED_EDGE('',*,*,#1383,.T.);
#1853=ORIENTED_EDGE('',*,*,#1393,.F.);
#1854=ORIENTED_EDGE('',*,*,#1396,.F.);
#1855=ORIENTED_EDGE('',*,*,#1354,.F.);
#1856=ORIENTED_EDGE('',*,*,#1359,.T.);
#1857=ORIENTED_EDGE('',*,*,#1411,.F.);
#1858=ORIENTED_EDGE('',*,*,#1413,.F.);
#1859=ORIENTED_EDGE('',*,*,#1414,.F.);
#1860=ORIENTED_EDGE('',*,*,#1415,.F.);
#1861=ORIENTED_EDGE('',*,*,#1416,.T.);
#1862=ORIENTED_EDGE('',*,*,#1417,.T.);
#1863=ORIENTED_EDGE('',*,*,#1416,.F.);
#1864=ORIENTED_EDGE('',*,*,#1418,.F.);
#1865=ORIENTED_EDGE('',*,*,#1417,.F.);
#1866=ORIENTED_EDGE('',*,*,#1419,.F.);
#1867=ORIENTED_EDGE('',*,*,#1420,.F.);
#1868=ORIENTED_EDGE('',*,*,#1421,.F.);
#1869=ORIENTED_EDGE('',*,*,#1422,.T.);
#1870=ORIENTED_EDGE('',*,*,#1423,.T.);
#1871=ORIENTED_EDGE('',*,*,#1422,.F.);
#1872=ORIENTED_EDGE('',*,*,#1424,.F.);
#1873=ORIENTED_EDGE('',*,*,#1423,.F.);
#1874=ORIENTED_EDGE('',*,*,#1425,.F.);
#1875=ORIENTED_EDGE('',*,*,#1362,.F.);
#1876=ORIENTED_EDGE('',*,*,#1426,.F.);
#1877=ORIENTED_EDGE('',*,*,#1363,.F.);
#1878=ORIENTED_EDGE('',*,*,#1427,.T.);
#1879=ORIENTED_EDGE('',*,*,#1428,.T.);
#1880=ORIENTED_EDGE('',*,*,#1427,.F.);
#1881=ORIENTED_EDGE('',*,*,#1428,.F.);
#1882=ORIENTED_EDGE('',*,*,#1429,.F.);
#1883=ORIENTED_EDGE('',*,*,#1430,.F.);
#1884=ORIENTED_EDGE('',*,*,#1431,.F.);
#1885=ORIENTED_EDGE('',*,*,#1432,.F.);
#1886=ORIENTED_EDGE('',*,*,#1433,.T.);
#1887=ORIENTED_EDGE('',*,*,#1434,.T.);
#1888=ORIENTED_EDGE('',*,*,#1433,.F.);
#1889=ORIENTED_EDGE('',*,*,#1434,.F.);
#1890=ORIENTED_EDGE('',*,*,#1435,.F.);
#1891=ORIENTED_EDGE('',*,*,#1418,.T.);
#1892=ORIENTED_EDGE('',*,*,#1415,.T.);
#1893=ORIENTED_EDGE('',*,*,#1436,.T.);
#1894=ORIENTED_EDGE('',*,*,#1437,.T.);
#1895=ORIENTED_EDGE('',*,*,#1438,.T.);
#1896=ORIENTED_EDGE('',*,*,#1439,.T.);
#1897=ORIENTED_EDGE('',*,*,#1440,.T.);
#1898=ORIENTED_EDGE('',*,*,#1424,.T.);
#1899=ORIENTED_EDGE('',*,*,#1421,.T.);
#1900=ORIENTED_EDGE('',*,*,#1441,.T.);
#1901=ORIENTED_EDGE('',*,*,#1442,.T.);
#1902=ORIENTED_EDGE('',*,*,#1443,.T.);
#1903=ORIENTED_EDGE('',*,*,#1444,.T.);
#1904=ORIENTED_EDGE('',*,*,#1445,.T.);
#1905=ORIENTED_EDGE('',*,*,#1426,.T.);
#1906=ORIENTED_EDGE('',*,*,#1368,.T.);
#1907=ORIENTED_EDGE('',*,*,#1446,.T.);
#1908=ORIENTED_EDGE('',*,*,#1447,.T.);
#1909=ORIENTED_EDGE('',*,*,#1448,.T.);
#1910=ORIENTED_EDGE('',*,*,#1364,.T.);
#1911=ORIENTED_EDGE('',*,*,#1431,.T.);
#1912=ORIENTED_EDGE('',*,*,#1449,.T.);
#1913=ORIENTED_EDGE('',*,*,#1450,.T.);
#1914=ORIENTED_EDGE('',*,*,#1451,.T.);
#1915=ORIENTED_EDGE('',*,*,#1452,.T.);
#1916=ORIENTED_EDGE('',*,*,#1453,.T.);
#1917=ORIENTED_EDGE('',*,*,#1454,.F.);
#1918=ORIENTED_EDGE('',*,*,#1455,.T.);
#1919=ORIENTED_EDGE('',*,*,#1425,.T.);
#1920=ORIENTED_EDGE('',*,*,#1455,.F.);
#1921=ORIENTED_EDGE('',*,*,#1456,.F.);
#1922=ORIENTED_EDGE('',*,*,#1457,.T.);
#1923=ORIENTED_EDGE('',*,*,#1419,.T.);
#1924=ORIENTED_EDGE('',*,*,#1457,.F.);
#1925=ORIENTED_EDGE('',*,*,#1458,.F.);
#1926=ORIENTED_EDGE('',*,*,#1459,.T.);
#1927=ORIENTED_EDGE('',*,*,#1435,.T.);
#1928=ORIENTED_EDGE('',*,*,#1459,.F.);
#1929=ORIENTED_EDGE('',*,*,#1460,.F.);
#1930=ORIENTED_EDGE('',*,*,#1461,.T.);
#1931=ORIENTED_EDGE('',*,*,#1429,.T.);
#1932=ORIENTED_EDGE('',*,*,#1461,.F.);
#1933=ORIENTED_EDGE('',*,*,#1397,.F.);
#1934=ORIENTED_EDGE('',*,*,#1462,.F.);
#1935=ORIENTED_EDGE('',*,*,#1463,.T.);
#1936=ORIENTED_EDGE('',*,*,#1464,.F.);
#1937=ORIENTED_EDGE('',*,*,#1402,.F.);
#1938=ORIENTED_EDGE('',*,*,#1465,.F.);
#1939=ORIENTED_EDGE('',*,*,#1466,.T.);
#1940=ORIENTED_EDGE('',*,*,#1462,.T.);
#1941=ORIENTED_EDGE('',*,*,#1464,.T.);
#1942=ORIENTED_EDGE('',*,*,#1467,.F.);
#1943=ORIENTED_EDGE('',*,*,#1468,.T.);
#1944=ORIENTED_EDGE('',*,*,#1469,.F.);
#1945=ORIENTED_EDGE('',*,*,#1470,.F.);
#1946=ORIENTED_EDGE('',*,*,#1398,.F.);
#1947=ORIENTED_EDGE('',*,*,#1471,.F.);
#1948=ORIENTED_EDGE('',*,*,#1472,.F.);
#1949=ORIENTED_EDGE('',*,*,#1473,.T.);
#1950=ORIENTED_EDGE('',*,*,#1474,.T.);
#1951=ORIENTED_EDGE('',*,*,#1414,.T.);
#1952=ORIENTED_EDGE('',*,*,#1440,.F.);
#1953=ORIENTED_EDGE('',*,*,#1475,.F.);
#1954=ORIENTED_EDGE('',*,*,#1476,.F.);
#1955=ORIENTED_EDGE('',*,*,#1477,.F.);
#1956=ORIENTED_EDGE('',*,*,#1436,.F.);
#1957=ORIENTED_EDGE('',*,*,#1478,.T.);
#1958=ORIENTED_EDGE('',*,*,#1479,.F.);
#1959=ORIENTED_EDGE('',*,*,#1480,.T.);
#1960=ORIENTED_EDGE('',*,*,#1481,.T.);
#1961=ORIENTED_EDGE('',*,*,#1482,.T.);
#1962=ORIENTED_EDGE('',*,*,#1483,.T.);
#1963=ORIENTED_EDGE('',*,*,#1484,.T.);
#1964=ORIENTED_EDGE('',*,*,#1481,.F.);
#1965=ORIENTED_EDGE('',*,*,#1485,.T.);
#1966=ORIENTED_EDGE('',*,*,#1486,.T.);
#1967=ORIENTED_EDGE('',*,*,#1487,.T.);
#1968=ORIENTED_EDGE('',*,*,#1483,.F.);
#1969=ORIENTED_EDGE('',*,*,#1478,.F.);
#1970=ORIENTED_EDGE('',*,*,#1488,.T.);
#1971=ORIENTED_EDGE('',*,*,#1489,.F.);
#1972=ORIENTED_EDGE('',*,*,#1490,.F.);
#1973=ORIENTED_EDGE('',*,*,#1484,.F.);
#1974=ORIENTED_EDGE('',*,*,#1491,.T.);
#1975=ORIENTED_EDGE('',*,*,#1492,.F.);
#1976=ORIENTED_EDGE('',*,*,#1488,.F.);
#1977=ORIENTED_EDGE('',*,*,#1487,.F.);
#1978=ORIENTED_EDGE('',*,*,#1493,.T.);
#1979=ORIENTED_EDGE('',*,*,#1494,.F.);
#1980=ORIENTED_EDGE('',*,*,#1491,.F.);
#1981=ORIENTED_EDGE('',*,*,#1495,.F.);
#1982=ORIENTED_EDGE('',*,*,#1493,.F.);
#1983=ORIENTED_EDGE('',*,*,#1486,.F.);
#1984=ORIENTED_EDGE('',*,*,#1496,.F.);
#1985=ORIENTED_EDGE('',*,*,#1497,.T.);
#1986=ORIENTED_EDGE('',*,*,#1479,.T.);
#1987=ORIENTED_EDGE('',*,*,#1490,.T.);
#1988=ORIENTED_EDGE('',*,*,#1480,.F.);
#1989=ORIENTED_EDGE('',*,*,#1498,.T.);
#1990=ORIENTED_EDGE('',*,*,#1499,.F.);
#1991=ORIENTED_EDGE('',*,*,#1500,.F.);
#1992=ORIENTED_EDGE('',*,*,#1501,.F.);
#1993=ORIENTED_EDGE('',*,*,#1502,.T.);
#1994=ORIENTED_EDGE('',*,*,#1503,.T.);
#1995=ORIENTED_EDGE('',*,*,#1496,.T.);
#1996=ORIENTED_EDGE('',*,*,#1485,.F.);
#1997=ORIENTED_EDGE('',*,*,#1482,.F.);
#1998=ORIENTED_EDGE('',*,*,#1497,.F.);
#1999=ORIENTED_EDGE('',*,*,#1504,.F.);
#2000=ORIENTED_EDGE('',*,*,#1505,.F.);
#2001=ORIENTED_EDGE('',*,*,#1506,.F.);
#2002=ORIENTED_EDGE('',*,*,#1498,.F.);
#2003=ORIENTED_EDGE('',*,*,#1420,.T.);
#2004=ORIENTED_EDGE('',*,*,#1445,.F.);
#2005=ORIENTED_EDGE('',*,*,#1507,.F.);
#2006=ORIENTED_EDGE('',*,*,#1508,.F.);
#2007=ORIENTED_EDGE('',*,*,#1509,.F.);
#2008=ORIENTED_EDGE('',*,*,#1441,.F.);
#2009=ORIENTED_EDGE('',*,*,#1489,.T.);
#2010=ORIENTED_EDGE('',*,*,#1492,.T.);
#2011=ORIENTED_EDGE('',*,*,#1494,.T.);
#2012=ORIENTED_EDGE('',*,*,#1495,.T.);
#2013=ORIENTED_EDGE('',*,*,#1472,.T.);
#2014=ORIENTED_EDGE('',*,*,#1510,.T.);
#2015=ORIENTED_EDGE('',*,*,#1511,.T.);
#2016=ORIENTED_EDGE('',*,*,#1499,.T.);
#2017=ORIENTED_EDGE('',*,*,#1506,.T.);
#2018=ORIENTED_EDGE('',*,*,#1512,.F.);
#2019=ORIENTED_EDGE('',*,*,#1513,.T.);
#2020=ORIENTED_EDGE('',*,*,#1514,.F.);
#2021=ORIENTED_EDGE('',*,*,#1515,.F.);
#2022=ORIENTED_EDGE('',*,*,#1516,.F.);
#2023=ORIENTED_EDGE('',*,*,#1517,.F.);
#2024=ORIENTED_EDGE('',*,*,#1518,.F.);
#2025=ORIENTED_EDGE('',*,*,#1519,.F.);
#2026=ORIENTED_EDGE('',*,*,#1520,.F.);
#2027=ORIENTED_EDGE('',*,*,#1521,.F.);
#2028=ORIENTED_EDGE('',*,*,#1522,.F.);
#2029=ORIENTED_EDGE('',*,*,#1523,.F.);
#2030=ORIENTED_EDGE('',*,*,#1468,.F.);
#2031=ORIENTED_EDGE('',*,*,#1524,.F.);
#2032=ORIENTED_EDGE('',*,*,#1520,.T.);
#2033=ORIENTED_EDGE('',*,*,#1430,.T.);
#2034=ORIENTED_EDGE('',*,*,#1432,.T.);
#2035=ORIENTED_EDGE('',*,*,#1453,.F.);
#2036=ORIENTED_EDGE('',*,*,#1525,.F.);
#2037=ORIENTED_EDGE('',*,*,#1526,.F.);
#2038=ORIENTED_EDGE('',*,*,#1527,.F.);
#2039=ORIENTED_EDGE('',*,*,#1449,.F.);
#2040=ORIENTED_EDGE('',*,*,#1528,.T.);
#2041=ORIENTED_EDGE('',*,*,#1529,.T.);
#2042=ORIENTED_EDGE('',*,*,#1530,.T.);
#2043=ORIENTED_EDGE('',*,*,#1529,.F.);
#2044=ORIENTED_EDGE('',*,*,#1531,.F.);
#2045=ORIENTED_EDGE('',*,*,#1532,.T.);
#2046=ORIENTED_EDGE('',*,*,#1530,.F.);
#2047=ORIENTED_EDGE('',*,*,#1532,.F.);
#2048=ORIENTED_EDGE('',*,*,#1533,.F.);
#2049=ORIENTED_EDGE('',*,*,#1534,.F.);
#2050=ORIENTED_EDGE('',*,*,#1535,.F.);
#2051=ORIENTED_EDGE('',*,*,#1536,.F.);
#2052=ORIENTED_EDGE('',*,*,#1537,.F.);
#2053=ORIENTED_EDGE('',*,*,#1538,.F.);
#2054=ORIENTED_EDGE('',*,*,#1539,.F.);
#2055=ORIENTED_EDGE('',*,*,#1540,.F.);
#2056=ORIENTED_EDGE('',*,*,#1541,.F.);
#2057=ORIENTED_EDGE('',*,*,#1542,.F.);
#2058=ORIENTED_EDGE('',*,*,#1543,.F.);
#2059=ORIENTED_EDGE('',*,*,#1544,.F.);
#2060=ORIENTED_EDGE('',*,*,#1528,.F.);
#2061=ORIENTED_EDGE('',*,*,#1545,.T.);
#2062=ORIENTED_EDGE('',*,*,#1546,.T.);
#2063=ORIENTED_EDGE('',*,*,#1514,.T.);
#2064=ORIENTED_EDGE('',*,*,#1547,.T.);
#2065=ORIENTED_EDGE('',*,*,#1546,.F.);
#2066=ORIENTED_EDGE('',*,*,#1548,.T.);
#2067=ORIENTED_EDGE('',*,*,#1549,.F.);
#2068=ORIENTED_EDGE('',*,*,#1515,.T.);
#2069=ORIENTED_EDGE('',*,*,#1545,.F.);
#2070=ORIENTED_EDGE('',*,*,#1550,.F.);
#2071=ORIENTED_EDGE('',*,*,#1551,.F.);
#2072=ORIENTED_EDGE('',*,*,#1552,.F.);
#2073=ORIENTED_EDGE('',*,*,#1443,.F.);
#2074=ORIENTED_EDGE('',*,*,#1553,.F.);
#2075=ORIENTED_EDGE('',*,*,#1438,.F.);
#2076=ORIENTED_EDGE('',*,*,#1554,.F.);
#2077=ORIENTED_EDGE('',*,*,#1555,.F.);
#2078=ORIENTED_EDGE('',*,*,#1556,.T.);
#2079=ORIENTED_EDGE('',*,*,#1557,.F.);
#2080=ORIENTED_EDGE('',*,*,#1548,.F.);
#2081=ORIENTED_EDGE('',*,*,#1516,.T.);
#2082=ORIENTED_EDGE('',*,*,#1549,.T.);
#2083=ORIENTED_EDGE('',*,*,#1557,.T.);
#2084=ORIENTED_EDGE('',*,*,#1558,.T.);
#2085=ORIENTED_EDGE('',*,*,#1558,.F.);
#2086=ORIENTED_EDGE('',*,*,#1556,.F.);
#2087=ORIENTED_EDGE('',*,*,#1559,.F.);
#2088=ORIENTED_EDGE('',*,*,#1517,.T.);
#2089=ORIENTED_EDGE('',*,*,#1547,.F.);
#2090=ORIENTED_EDGE('',*,*,#1513,.F.);
#2091=ORIENTED_EDGE('',*,*,#1560,.F.);
#2092=ORIENTED_EDGE('',*,*,#1550,.T.);
#2093=ORIENTED_EDGE('',*,*,#1559,.T.);
#2094=ORIENTED_EDGE('',*,*,#1555,.T.);
#2095=ORIENTED_EDGE('',*,*,#1561,.F.);
#2096=ORIENTED_EDGE('',*,*,#1562,.T.);
#2097=ORIENTED_EDGE('',*,*,#1563,.F.);
#2098=ORIENTED_EDGE('',*,*,#1564,.T.);
#2099=ORIENTED_EDGE('',*,*,#1565,.T.);
#2100=ORIENTED_EDGE('',*,*,#1566,.F.);
#2101=ORIENTED_EDGE('',*,*,#1473,.F.);
#2102=ORIENTED_EDGE('',*,*,#1518,.T.);
#2103=ORIENTED_EDGE('',*,*,#1456,.T.);
#2104=ORIENTED_EDGE('',*,*,#1560,.T.);
#2105=ORIENTED_EDGE('',*,*,#1512,.T.);
#2106=ORIENTED_EDGE('',*,*,#1505,.T.);
#2107=ORIENTED_EDGE('',*,*,#1567,.T.);
#2108=ORIENTED_EDGE('',*,*,#1568,.T.);
#2109=ORIENTED_EDGE('',*,*,#1569,.T.);
#2110=ORIENTED_EDGE('',*,*,#1570,.F.);
#2111=ORIENTED_EDGE('',*,*,#1571,.F.);
#2112=ORIENTED_EDGE('',*,*,#1572,.F.);
#2113=ORIENTED_EDGE('',*,*,#1551,.T.);
#2114=ORIENTED_EDGE('',*,*,#1454,.T.);
#2115=ORIENTED_EDGE('',*,*,#1573,.F.);
#2116=ORIENTED_EDGE('',*,*,#1574,.T.);
#2117=ORIENTED_EDGE('',*,*,#1575,.F.);
#2118=ORIENTED_EDGE('',*,*,#1574,.F.);
#2119=ORIENTED_EDGE('',*,*,#1575,.T.);
#2120=ORIENTED_EDGE('',*,*,#1576,.F.);
#2121=ORIENTED_EDGE('',*,*,#1577,.T.);
#2122=ORIENTED_EDGE('',*,*,#1578,.F.);
#2123=ORIENTED_EDGE('',*,*,#1577,.F.);
#2124=ORIENTED_EDGE('',*,*,#1578,.T.);
#2125=ORIENTED_EDGE('',*,*,#1579,.F.);
#2126=ORIENTED_EDGE('',*,*,#1580,.T.);
#2127=ORIENTED_EDGE('',*,*,#1581,.F.);
#2128=ORIENTED_EDGE('',*,*,#1580,.F.);
#2129=ORIENTED_EDGE('',*,*,#1581,.T.);
#2130=ORIENTED_EDGE('',*,*,#1582,.F.);
#2131=ORIENTED_EDGE('',*,*,#1583,.T.);
#2132=ORIENTED_EDGE('',*,*,#1584,.F.);
#2133=ORIENTED_EDGE('',*,*,#1583,.F.);
#2134=ORIENTED_EDGE('',*,*,#1584,.T.);
#2135=ORIENTED_EDGE('',*,*,#1585,.F.);
#2136=ORIENTED_EDGE('',*,*,#1586,.F.);
#2137=ORIENTED_EDGE('',*,*,#1587,.T.);
#2138=ORIENTED_EDGE('',*,*,#1588,.T.);
#2139=ORIENTED_EDGE('',*,*,#1589,.F.);
#2140=ORIENTED_EDGE('',*,*,#1590,.T.);
#2141=ORIENTED_EDGE('',*,*,#1591,.F.);
#2142=ORIENTED_EDGE('',*,*,#1565,.F.);
#2143=ORIENTED_EDGE('',*,*,#1592,.F.);
#2144=ORIENTED_EDGE('',*,*,#1593,.F.);
#2145=ORIENTED_EDGE('',*,*,#1594,.T.);
#2146=ORIENTED_EDGE('',*,*,#1595,.T.);
#2147=ORIENTED_EDGE('',*,*,#1596,.F.);
#2148=ORIENTED_EDGE('',*,*,#1595,.F.);
#2149=ORIENTED_EDGE('',*,*,#1597,.F.);
#2150=ORIENTED_EDGE('',*,*,#1598,.F.);
#2151=ORIENTED_EDGE('',*,*,#1599,.F.);
#2152=ORIENTED_EDGE('',*,*,#1600,.F.);
#2153=ORIENTED_EDGE('',*,*,#1601,.F.);
#2154=ORIENTED_EDGE('',*,*,#1602,.F.);
#2155=ORIENTED_EDGE('',*,*,#1603,.F.);
#2156=ORIENTED_EDGE('',*,*,#1604,.F.);
#2157=ORIENTED_EDGE('',*,*,#1605,.F.);
#2158=ORIENTED_EDGE('',*,*,#1606,.F.);
#2159=ORIENTED_EDGE('',*,*,#1602,.T.);
#2160=ORIENTED_EDGE('',*,*,#1607,.F.);
#2161=ORIENTED_EDGE('',*,*,#1567,.F.);
#2162=ORIENTED_EDGE('',*,*,#1504,.T.);
#2163=ORIENTED_EDGE('',*,*,#1503,.F.);
#2164=ORIENTED_EDGE('',*,*,#1608,.F.);
#2165=ORIENTED_EDGE('',*,*,#1566,.T.);
#2166=ORIENTED_EDGE('',*,*,#1591,.T.);
#2167=ORIENTED_EDGE('',*,*,#1609,.T.);
#2168=ORIENTED_EDGE('',*,*,#1610,.F.);
#2169=ORIENTED_EDGE('',*,*,#1611,.F.);
#2170=ORIENTED_EDGE('',*,*,#1474,.F.);
#2171=ORIENTED_EDGE('',*,*,#1612,.F.);
#2172=ORIENTED_EDGE('',*,*,#1568,.F.);
#2173=ORIENTED_EDGE('',*,*,#1607,.T.);
#2174=ORIENTED_EDGE('',*,*,#1601,.T.);
#2175=ORIENTED_EDGE('',*,*,#1613,.F.);
#2176=ORIENTED_EDGE('',*,*,#1614,.T.);
#2177=ORIENTED_EDGE('',*,*,#1587,.F.);
#2178=ORIENTED_EDGE('',*,*,#1615,.F.);
#2179=ORIENTED_EDGE('',*,*,#1616,.F.);
#2180=ORIENTED_EDGE('',*,*,#1597,.T.);
#2181=ORIENTED_EDGE('',*,*,#1594,.F.);
#2182=ORIENTED_EDGE('',*,*,#1617,.F.);
#2183=ORIENTED_EDGE('',*,*,#1618,.F.);
#2184=ORIENTED_EDGE('',*,*,#1619,.F.);
#2185=ORIENTED_EDGE('',*,*,#1620,.F.);
#2186=ORIENTED_EDGE('',*,*,#1588,.F.);
#2187=ORIENTED_EDGE('',*,*,#1614,.F.);
#2188=ORIENTED_EDGE('',*,*,#1621,.F.);
#2189=ORIENTED_EDGE('',*,*,#1622,.F.);
#2190=ORIENTED_EDGE('',*,*,#1623,.F.);
#2191=ORIENTED_EDGE('',*,*,#1624,.F.);
#2192=ORIENTED_EDGE('',*,*,#1625,.F.);
#2193=ORIENTED_EDGE('',*,*,#1609,.F.);
#2194=ORIENTED_EDGE('',*,*,#1590,.F.);
#2195=ORIENTED_EDGE('',*,*,#1610,.T.);
#2196=ORIENTED_EDGE('',*,*,#1625,.T.);
#2197=ORIENTED_EDGE('',*,*,#1626,.F.);
#2198=ORIENTED_EDGE('',*,*,#1627,.T.);
#2199=ORIENTED_EDGE('',*,*,#1624,.T.);
#2200=ORIENTED_EDGE('',*,*,#1628,.T.);
#2201=ORIENTED_EDGE('',*,*,#1629,.F.);
#2202=ORIENTED_EDGE('',*,*,#1630,.F.);
#2203=ORIENTED_EDGE('',*,*,#1626,.T.);
#2204=ORIENTED_EDGE('',*,*,#1623,.T.);
#2205=ORIENTED_EDGE('',*,*,#1631,.T.);
#2206=ORIENTED_EDGE('',*,*,#1632,.F.);
#2207=ORIENTED_EDGE('',*,*,#1628,.F.);
#2208=ORIENTED_EDGE('',*,*,#1622,.T.);
#2209=ORIENTED_EDGE('',*,*,#1633,.T.);
#2210=ORIENTED_EDGE('',*,*,#1400,.F.);
#2211=ORIENTED_EDGE('',*,*,#1634,.F.);
#2212=ORIENTED_EDGE('',*,*,#1631,.F.);
#2213=ORIENTED_EDGE('',*,*,#1465,.T.);
#2214=ORIENTED_EDGE('',*,*,#1401,.T.);
#2215=ORIENTED_EDGE('',*,*,#1633,.F.);
#2216=ORIENTED_EDGE('',*,*,#1621,.T.);
#2217=ORIENTED_EDGE('',*,*,#1613,.T.);
#2218=ORIENTED_EDGE('',*,*,#1635,.F.);
#2219=ORIENTED_EDGE('',*,*,#1606,.T.);
#2220=ORIENTED_EDGE('',*,*,#1636,.T.);
#2221=ORIENTED_EDGE('',*,*,#1637,.T.);
#2222=ORIENTED_EDGE('',*,*,#1638,.T.);
#2223=ORIENTED_EDGE('',*,*,#1639,.F.);
#2224=ORIENTED_EDGE('',*,*,#1605,.T.);
#2225=ORIENTED_EDGE('',*,*,#1640,.T.);
#2226=ORIENTED_EDGE('',*,*,#1641,.T.);
#2227=ORIENTED_EDGE('',*,*,#1636,.F.);
#2228=ORIENTED_EDGE('',*,*,#1604,.T.);
#2229=ORIENTED_EDGE('',*,*,#1642,.T.);
#2230=ORIENTED_EDGE('',*,*,#1501,.T.);
#2231=ORIENTED_EDGE('',*,*,#1643,.T.);
#2232=ORIENTED_EDGE('',*,*,#1640,.F.);
#2233=ORIENTED_EDGE('',*,*,#1608,.T.);
#2234=ORIENTED_EDGE('',*,*,#1502,.F.);
#2235=ORIENTED_EDGE('',*,*,#1642,.F.);
#2236=ORIENTED_EDGE('',*,*,#1603,.T.);
#2237=ORIENTED_EDGE('',*,*,#1586,.T.);
#2238=ORIENTED_EDGE('',*,*,#1644,.T.);
#2239=ORIENTED_EDGE('',*,*,#1645,.F.);
#2240=ORIENTED_EDGE('',*,*,#1646,.T.);
#2241=ORIENTED_EDGE('',*,*,#1647,.F.);
#2242=ORIENTED_EDGE('',*,*,#1648,.T.);
#2243=ORIENTED_EDGE('',*,*,#1649,.F.);
#2244=ORIENTED_EDGE('',*,*,#1650,.F.);
#2245=ORIENTED_EDGE('',*,*,#1651,.F.);
#2246=ORIENTED_EDGE('',*,*,#1652,.T.);
#2247=ORIENTED_EDGE('',*,*,#1617,.T.);
#2248=ORIENTED_EDGE('',*,*,#1593,.T.);
#2249=ORIENTED_EDGE('',*,*,#1653,.T.);
#2250=ORIENTED_EDGE('',*,*,#1521,.T.);
#2251=ORIENTED_EDGE('',*,*,#1524,.T.);
#2252=ORIENTED_EDGE('',*,*,#1467,.T.);
#2253=ORIENTED_EDGE('',*,*,#1463,.F.);
#2254=ORIENTED_EDGE('',*,*,#1466,.F.);
#2255=ORIENTED_EDGE('',*,*,#1635,.T.);
#2256=ORIENTED_EDGE('',*,*,#1615,.T.);
#2257=ORIENTED_EDGE('',*,*,#1458,.T.);
#2258=ORIENTED_EDGE('',*,*,#1460,.T.);
#2259=ORIENTED_EDGE('',*,*,#1654,.T.);
#2260=ORIENTED_EDGE('',*,*,#1629,.T.);
#2261=ORIENTED_EDGE('',*,*,#1632,.T.);
#2262=ORIENTED_EDGE('',*,*,#1634,.T.);
#2263=ORIENTED_EDGE('',*,*,#1399,.T.);
#2264=ORIENTED_EDGE('',*,*,#1470,.T.);
#2265=ORIENTED_EDGE('',*,*,#1655,.T.);
#2266=ORIENTED_EDGE('',*,*,#1637,.F.);
#2267=ORIENTED_EDGE('',*,*,#1641,.F.);
#2268=ORIENTED_EDGE('',*,*,#1643,.F.);
#2269=ORIENTED_EDGE('',*,*,#1500,.T.);
#2270=ORIENTED_EDGE('',*,*,#1511,.F.);
#2271=ORIENTED_EDGE('',*,*,#1531,.T.);
#2272=ORIENTED_EDGE('',*,*,#1573,.T.);
#2273=ORIENTED_EDGE('',*,*,#1576,.T.);
#2274=ORIENTED_EDGE('',*,*,#1579,.T.);
#2275=ORIENTED_EDGE('',*,*,#1582,.T.);
#2276=ORIENTED_EDGE('',*,*,#1519,.T.);
#2277=ORIENTED_EDGE('',*,*,#1656,.T.);
#2278=ORIENTED_EDGE('',*,*,#1638,.F.);
#2279=ORIENTED_EDGE('',*,*,#1655,.F.);
#2280=ORIENTED_EDGE('',*,*,#1469,.T.);
#2281=ORIENTED_EDGE('',*,*,#1523,.T.);
#2282=ORIENTED_EDGE('',*,*,#1611,.T.);
#2283=ORIENTED_EDGE('',*,*,#1627,.F.);
#2284=ORIENTED_EDGE('',*,*,#1630,.T.);
#2285=ORIENTED_EDGE('',*,*,#1654,.F.);
#2286=ORIENTED_EDGE('',*,*,#1510,.F.);
#2287=ORIENTED_EDGE('',*,*,#1471,.T.);
#2288=ORIENTED_EDGE('',*,*,#1522,.T.);
#2289=ORIENTED_EDGE('',*,*,#1653,.F.);
#2290=ORIENTED_EDGE('',*,*,#1592,.T.);
#2291=ORIENTED_EDGE('',*,*,#1596,.T.);
#2292=ORIENTED_EDGE('',*,*,#1639,.T.);
#2293=ORIENTED_EDGE('',*,*,#1656,.F.);
#2294=ORIENTED_EDGE('',*,*,#1657,.F.);
#2295=ORIENTED_EDGE('',*,*,#1444,.F.);
#2296=ORIENTED_EDGE('',*,*,#1658,.F.);
#2297=ORIENTED_EDGE('',*,*,#1659,.F.);
#2298=ORIENTED_EDGE('',*,*,#1660,.F.);
#2299=ORIENTED_EDGE('',*,*,#1661,.F.);
#2300=ORIENTED_EDGE('',*,*,#1570,.T.);
#2301=ORIENTED_EDGE('',*,*,#1662,.T.);
#2302=ORIENTED_EDGE('',*,*,#1660,.T.);
#2303=ORIENTED_EDGE('',*,*,#1663,.T.);
#2304=ORIENTED_EDGE('',*,*,#1664,.F.);
#2305=ORIENTED_EDGE('',*,*,#1442,.F.);
#2306=ORIENTED_EDGE('',*,*,#1665,.F.);
#2307=ORIENTED_EDGE('',*,*,#1666,.F.);
#2308=ORIENTED_EDGE('',*,*,#1667,.F.);
#2309=ORIENTED_EDGE('',*,*,#1437,.F.);
#2310=ORIENTED_EDGE('',*,*,#1561,.T.);
#2311=ORIENTED_EDGE('',*,*,#1554,.T.);
#2312=ORIENTED_EDGE('',*,*,#1667,.T.);
#2313=ORIENTED_EDGE('',*,*,#1668,.T.);
#2314=ORIENTED_EDGE('',*,*,#1669,.F.);
#2315=ORIENTED_EDGE('',*,*,#1670,.F.);
#2316=ORIENTED_EDGE('',*,*,#1671,.F.);
#2317=ORIENTED_EDGE('',*,*,#1672,.F.);
#2318=ORIENTED_EDGE('',*,*,#1673,.F.);
#2319=ORIENTED_EDGE('',*,*,#1674,.F.);
#2320=ORIENTED_EDGE('',*,*,#1673,.T.);
#2321=ORIENTED_EDGE('',*,*,#1508,.T.);
#2322=ORIENTED_EDGE('',*,*,#1661,.T.);
#2323=ORIENTED_EDGE('',*,*,#1675,.T.);
#2324=ORIENTED_EDGE('',*,*,#1676,.F.);
#2325=ORIENTED_EDGE('',*,*,#1677,.F.);
#2326=ORIENTED_EDGE('',*,*,#1678,.F.);
#2327=ORIENTED_EDGE('',*,*,#1679,.F.);
#2328=ORIENTED_EDGE('',*,*,#1439,.F.);
#2329=ORIENTED_EDGE('',*,*,#1680,.F.);
#2330=ORIENTED_EDGE('',*,*,#1664,.T.);
#2331=ORIENTED_EDGE('',*,*,#1543,.T.);
#2332=ORIENTED_EDGE('',*,*,#1680,.T.);
#2333=ORIENTED_EDGE('',*,*,#1553,.T.);
#2334=ORIENTED_EDGE('',*,*,#1681,.F.);
#2335=ORIENTED_EDGE('',*,*,#1682,.F.);
#2336=ORIENTED_EDGE('',*,*,#1450,.F.);
#2337=ORIENTED_EDGE('',*,*,#1649,.T.);
#2338=ORIENTED_EDGE('',*,*,#1683,.T.);
#2339=ORIENTED_EDGE('',*,*,#1682,.T.);
#2340=ORIENTED_EDGE('',*,*,#1684,.T.);
#2341=ORIENTED_EDGE('',*,*,#1685,.F.);
#2342=ORIENTED_EDGE('',*,*,#1686,.F.);
#2343=ORIENTED_EDGE('',*,*,#1687,.F.);
#2344=ORIENTED_EDGE('',*,*,#1688,.F.);
#2345=ORIENTED_EDGE('',*,*,#1689,.F.);
#2346=ORIENTED_EDGE('',*,*,#1690,.F.);
#2347=ORIENTED_EDGE('',*,*,#1679,.T.);
#2348=ORIENTED_EDGE('',*,*,#1542,.T.);
#2349=ORIENTED_EDGE('',*,*,#1689,.T.);
#2350=ORIENTED_EDGE('',*,*,#1475,.T.);
#2351=ORIENTED_EDGE('',*,*,#1691,.F.);
#2352=ORIENTED_EDGE('',*,*,#1692,.F.);
#2353=ORIENTED_EDGE('',*,*,#1693,.F.);
#2354=ORIENTED_EDGE('',*,*,#1694,.F.);
#2355=ORIENTED_EDGE('',*,*,#1452,.F.);
#2356=ORIENTED_EDGE('',*,*,#1695,.F.);
#2357=ORIENTED_EDGE('',*,*,#1696,.F.);
#2358=ORIENTED_EDGE('',*,*,#1448,.F.);
#2359=ORIENTED_EDGE('',*,*,#1697,.F.);
#2360=ORIENTED_EDGE('',*,*,#1698,.F.);
#2361=ORIENTED_EDGE('',*,*,#1699,.F.);
#2362=ORIENTED_EDGE('',*,*,#1700,.F.);
#2363=ORIENTED_EDGE('',*,*,#1701,.T.);
#2364=ORIENTED_EDGE('',*,*,#1539,.T.);
#2365=ORIENTED_EDGE('',*,*,#1699,.T.);
#2366=ORIENTED_EDGE('',*,*,#1702,.T.);
#2367=ORIENTED_EDGE('',*,*,#1703,.T.);
#2368=ORIENTED_EDGE('',*,*,#1540,.T.);
#2369=ORIENTED_EDGE('',*,*,#1701,.F.);
#2370=ORIENTED_EDGE('',*,*,#1704,.T.);
#2371=ORIENTED_EDGE('',*,*,#1690,.T.);
#2372=ORIENTED_EDGE('',*,*,#1541,.T.);
#2373=ORIENTED_EDGE('',*,*,#1703,.F.);
#2374=ORIENTED_EDGE('',*,*,#1705,.T.);
#2375=ORIENTED_EDGE('',*,*,#1706,.F.);
#2376=ORIENTED_EDGE('',*,*,#1446,.F.);
#2377=ORIENTED_EDGE('',*,*,#1707,.F.);
#2378=ORIENTED_EDGE('',*,*,#1700,.T.);
#2379=ORIENTED_EDGE('',*,*,#1538,.T.);
#2380=ORIENTED_EDGE('',*,*,#1707,.T.);
#2381=ORIENTED_EDGE('',*,*,#1367,.T.);
#2382=ORIENTED_EDGE('',*,*,#1706,.T.);
#2383=ORIENTED_EDGE('',*,*,#1537,.T.);
#2384=ORIENTED_EDGE('',*,*,#1695,.T.);
#2385=ORIENTED_EDGE('',*,*,#1708,.T.);
#2386=ORIENTED_EDGE('',*,*,#1698,.T.);
#2387=ORIENTED_EDGE('',*,*,#1366,.T.);
#2388=ORIENTED_EDGE('',*,*,#1691,.T.);
#2389=ORIENTED_EDGE('',*,*,#1709,.T.);
#2390=ORIENTED_EDGE('',*,*,#1647,.T.);
#2391=ORIENTED_EDGE('',*,*,#1710,.T.);
#2392=ORIENTED_EDGE('',*,*,#1697,.T.);
#2393=ORIENTED_EDGE('',*,*,#1711,.T.);
#2394=ORIENTED_EDGE('',*,*,#1696,.T.);
#2395=ORIENTED_EDGE('',*,*,#1712,.T.);
#2396=ORIENTED_EDGE('',*,*,#1692,.T.);
#2397=ORIENTED_EDGE('',*,*,#1365,.T.);
#2398=ORIENTED_EDGE('',*,*,#1694,.T.);
#2399=ORIENTED_EDGE('',*,*,#1536,.T.);
#2400=ORIENTED_EDGE('',*,*,#1686,.T.);
#2401=ORIENTED_EDGE('',*,*,#1525,.T.);
#2402=ORIENTED_EDGE('',*,*,#1645,.T.);
#2403=ORIENTED_EDGE('',*,*,#1713,.T.);
#2404=ORIENTED_EDGE('',*,*,#1693,.T.);
#2405=ORIENTED_EDGE('',*,*,#1714,.T.);
#2406=ORIENTED_EDGE('',*,*,#1677,.T.);
#2407=ORIENTED_EDGE('',*,*,#1476,.T.);
#2408=ORIENTED_EDGE('',*,*,#1688,.T.);
#2409=ORIENTED_EDGE('',*,*,#1715,.T.);
#2410=ORIENTED_EDGE('',*,*,#1716,.T.);
#2411=ORIENTED_EDGE('',*,*,#1533,.T.);
#2412=ORIENTED_EDGE('',*,*,#1674,.T.);
#2413=ORIENTED_EDGE('',*,*,#1717,.T.);
#2414=ORIENTED_EDGE('',*,*,#1718,.T.);
#2415=ORIENTED_EDGE('',*,*,#1534,.T.);
#2416=ORIENTED_EDGE('',*,*,#1716,.F.);
#2417=ORIENTED_EDGE('',*,*,#1719,.T.);
#2418=ORIENTED_EDGE('',*,*,#1687,.T.);
#2419=ORIENTED_EDGE('',*,*,#1535,.T.);
#2420=ORIENTED_EDGE('',*,*,#1718,.F.);
#2421=ORIENTED_EDGE('',*,*,#1720,.T.);
#2422=ORIENTED_EDGE('',*,*,#1671,.T.);
#2423=ORIENTED_EDGE('',*,*,#1526,.T.);
#2424=ORIENTED_EDGE('',*,*,#1685,.T.);
#2425=ORIENTED_EDGE('',*,*,#1721,.T.);
#2426=ORIENTED_EDGE('',*,*,#1681,.T.);
#2427=ORIENTED_EDGE('',*,*,#1527,.T.);
#2428=ORIENTED_EDGE('',*,*,#1670,.T.);
#2429=ORIENTED_EDGE('',*,*,#1722,.T.);
#2430=ORIENTED_EDGE('',*,*,#1563,.T.);
#2431=ORIENTED_EDGE('',*,*,#1723,.T.);
#2432=ORIENTED_EDGE('',*,*,#1678,.T.);
#2433=ORIENTED_EDGE('',*,*,#1724,.T.);
#2434=ORIENTED_EDGE('',*,*,#1676,.T.);
#2435=ORIENTED_EDGE('',*,*,#1725,.T.);
#2436=ORIENTED_EDGE('',*,*,#1666,.T.);
#2437=ORIENTED_EDGE('',*,*,#1477,.T.);
#2438=ORIENTED_EDGE('',*,*,#1672,.T.);
#2439=ORIENTED_EDGE('',*,*,#1544,.T.);
#2440=ORIENTED_EDGE('',*,*,#1665,.T.);
#2441=ORIENTED_EDGE('',*,*,#1509,.T.);
#2442=ORIENTED_EDGE('',*,*,#1651,.T.);
#2443=ORIENTED_EDGE('',*,*,#1726,.T.);
#2444=ORIENTED_EDGE('',*,*,#1669,.T.);
#2445=ORIENTED_EDGE('',*,*,#1727,.T.);
#2446=ORIENTED_EDGE('',*,*,#1659,.T.);
#2447=ORIENTED_EDGE('',*,*,#1507,.T.);
#2448=ORIENTED_EDGE('',*,*,#1657,.T.);
#2449=ORIENTED_EDGE('',*,*,#1728,.T.);
#2450=ORIENTED_EDGE('',*,*,#1572,.T.);
#2451=ORIENTED_EDGE('',*,*,#1729,.T.);
#2452=ORIENTED_EDGE('',*,*,#1658,.T.);
#2453=ORIENTED_EDGE('',*,*,#1552,.T.);
#2454=ORIENTED_EDGE('',*,*,#1711,.F.);
#2455=ORIENTED_EDGE('',*,*,#1447,.F.);
#2456=ORIENTED_EDGE('',*,*,#1708,.F.);
#2457=ORIENTED_EDGE('',*,*,#1451,.F.);
#2458=ORIENTED_EDGE('',*,*,#1683,.F.);
#2459=ORIENTED_EDGE('',*,*,#1648,.F.);
#2460=ORIENTED_EDGE('',*,*,#1684,.F.);
#2461=ORIENTED_EDGE('',*,*,#1722,.F.);
#2462=ORIENTED_EDGE('',*,*,#1726,.F.);
#2463=ORIENTED_EDGE('',*,*,#1650,.T.);
#2464=ORIENTED_EDGE('',*,*,#1616,.T.);
#2465=ORIENTED_EDGE('',*,*,#1652,.F.);
#2466=ORIENTED_EDGE('',*,*,#1727,.F.);
#2467=ORIENTED_EDGE('',*,*,#1721,.F.);
#2468=ORIENTED_EDGE('',*,*,#1720,.F.);
#2469=ORIENTED_EDGE('',*,*,#1730,.F.);
#2470=ORIENTED_EDGE('',*,*,#1598,.T.);
#2471=ORIENTED_EDGE('',*,*,#1599,.T.);
#2472=ORIENTED_EDGE('',*,*,#1730,.T.);
#2473=ORIENTED_EDGE('',*,*,#1719,.F.);
#2474=ORIENTED_EDGE('',*,*,#1731,.F.);
#2475=ORIENTED_EDGE('',*,*,#1600,.T.);
#2476=ORIENTED_EDGE('',*,*,#1731,.T.);
#2477=ORIENTED_EDGE('',*,*,#1717,.F.);
#2478=ORIENTED_EDGE('',*,*,#1675,.F.);
#2479=ORIENTED_EDGE('',*,*,#1662,.F.);
#2480=ORIENTED_EDGE('',*,*,#1569,.F.);
#2481=ORIENTED_EDGE('',*,*,#1612,.T.);
#2482=ORIENTED_EDGE('',*,*,#1663,.F.);
#2483=ORIENTED_EDGE('',*,*,#1728,.F.);
#2484=ORIENTED_EDGE('',*,*,#1729,.F.);
#2485=ORIENTED_EDGE('',*,*,#1571,.T.);
#2486=ORIENTED_EDGE('',*,*,#1620,.T.);
#2487=ORIENTED_EDGE('',*,*,#1732,.T.);
#2488=ORIENTED_EDGE('',*,*,#1702,.F.);
#2489=ORIENTED_EDGE('',*,*,#1709,.F.);
#2490=ORIENTED_EDGE('',*,*,#1713,.F.);
#2491=ORIENTED_EDGE('',*,*,#1644,.F.);
#2492=ORIENTED_EDGE('',*,*,#1585,.T.);
#2493=ORIENTED_EDGE('',*,*,#1619,.T.);
#2494=ORIENTED_EDGE('',*,*,#1733,.T.);
#2495=ORIENTED_EDGE('',*,*,#1704,.F.);
#2496=ORIENTED_EDGE('',*,*,#1732,.F.);
#2497=ORIENTED_EDGE('',*,*,#1589,.T.);
#2498=ORIENTED_EDGE('',*,*,#1564,.F.);
#2499=ORIENTED_EDGE('',*,*,#1724,.F.);
#2500=ORIENTED_EDGE('',*,*,#1715,.F.);
#2501=ORIENTED_EDGE('',*,*,#1705,.F.);
#2502=ORIENTED_EDGE('',*,*,#1733,.F.);
#2503=ORIENTED_EDGE('',*,*,#1618,.T.);
#2504=ORIENTED_EDGE('',*,*,#1710,.F.);
#2505=ORIENTED_EDGE('',*,*,#1646,.F.);
#2506=ORIENTED_EDGE('',*,*,#1714,.F.);
#2507=ORIENTED_EDGE('',*,*,#1712,.F.);
#2508=ORIENTED_EDGE('',*,*,#1723,.F.);
#2509=ORIENTED_EDGE('',*,*,#1562,.F.);
#2510=ORIENTED_EDGE('',*,*,#1668,.F.);
#2511=ORIENTED_EDGE('',*,*,#1725,.F.);
#2512=PLANE('',#2778);
#2513=PLANE('',#2779);
#2514=PLANE('',#2780);
#2515=PLANE('',#2781);
#2516=PLANE('',#2782);
#2517=PLANE('',#2783);
#2518=PLANE('',#2784);
#2519=PLANE('',#2787);
#2520=PLANE('',#2788);
#2521=PLANE('',#2789);
#2522=PLANE('',#2790);
#2523=PLANE('',#2791);
#2524=PLANE('',#2792);
#2525=PLANE('',#2793);
#2526=PLANE('',#2794);
#2527=PLANE('',#2795);
#2528=PLANE('',#2796);
#2529=PLANE('',#2797);
#2530=PLANE('',#2798);
#2531=PLANE('',#2799);
#2532=PLANE('',#2800);
#2533=PLANE('',#2801);
#2534=PLANE('',#2802);
#2535=PLANE('',#2803);
#2536=PLANE('',#2804);
#2537=PLANE('',#2805);
#2538=PLANE('',#2809);
#2539=PLANE('',#2814);
#2540=PLANE('',#2818);
#2541=PLANE('',#2824);
#2542=PLANE('',#2846);
#2543=PLANE('',#2847);
#2544=PLANE('',#2848);
#2545=PLANE('',#2849);
#2546=PLANE('',#2850);
#2547=PLANE('',#2851);
#2548=PLANE('',#2852);
#2549=PLANE('',#2853);
#2550=PLANE('',#2854);
#2551=PLANE('',#2855);
#2552=PLANE('',#2856);
#2553=PLANE('',#2857);
#2554=PLANE('',#2858);
#2555=PLANE('',#2859);
#2556=PLANE('',#2860);
#2557=PLANE('',#2861);
#2558=PLANE('',#2862);
#2559=PLANE('',#2863);
#2560=PLANE('',#2864);
#2561=PLANE('',#2870);
#2562=PLANE('',#2873);
#2563=PLANE('',#2874);
#2564=PLANE('',#2875);
#2565=PLANE('',#2876);
#2566=PLANE('',#2877);
#2567=PLANE('',#2878);
#2568=PLANE('',#2879);
#2569=PLANE('',#2882);
#2570=PLANE('',#2888);
#2571=PLANE('',#2892);
#2572=PLANE('',#2896);
#2573=PLANE('',#2900);
#2574=PLANE('',#2901);
#2575=PLANE('',#2902);
#2576=PLANE('',#2903);
#2577=PLANE('',#2904);
#2578=PLANE('',#2907);
#2579=PLANE('',#2908);
#2580=PLANE('',#2909);
#2581=PLANE('',#2910);
#2582=PLANE('',#2911);
#2583=PLANE('',#2912);
#2584=PLANE('',#2915);
#2585=PLANE('',#2916);
#2586=PLANE('',#2919);
#2587=PLANE('',#2920);
#2588=PLANE('',#2921);
#2589=PLANE('',#2924);
#2590=PLANE('',#2925);
#2591=PLANE('',#2926);
#2592=PLANE('',#2931);
#2593=PLANE('',#2932);
#2594=PLANE('',#2933);
#2595=PLANE('',#2934);
#2596=PLANE('',#3025);
#2597=PLANE('',#3026);
#2598=PLANE('',#3027);
#2599=PLANE('',#3029);
#2600=PLANE('',#3030);
#2601=PLANE('',#3031);
#2602=PLANE('',#3033);
#2603=PLANE('',#3034);
#2604=PLANE('',#3035);
#2605=ADVANCED_FACE('',(#205),#2512,.T.);
#2606=ADVANCED_FACE('',(#206),#2513,.T.);
#2607=ADVANCED_FACE('',(#207),#2514,.T.);
#2608=ADVANCED_FACE('',(#208),#2515,.T.);
#2609=ADVANCED_FACE('',(#209),#2516,.F.);
#2610=ADVANCED_FACE('',(#210),#2517,.F.);
#2611=ADVANCED_FACE('',(#211,#180,#181),#2518,.T.);
#2612=ADVANCED_FACE('',(#212),#2519,.T.);
#2613=ADVANCED_FACE('',(#213),#2520,.T.);
#2614=ADVANCED_FACE('',(#214),#2521,.T.);
#2615=ADVANCED_FACE('',(#215),#2522,.T.);
#2616=ADVANCED_FACE('',(#216),#2523,.F.);
#2617=ADVANCED_FACE('',(#217),#2524,.F.);
#2618=ADVANCED_FACE('',(#218),#2525,.T.);
#2619=ADVANCED_FACE('',(#219),#2526,.T.);
#2620=ADVANCED_FACE('',(#220),#2527,.T.);
#2621=ADVANCED_FACE('',(#221),#2528,.T.);
#2622=ADVANCED_FACE('',(#222),#2529,.F.);
#2623=ADVANCED_FACE('',(#223,#182,#183),#2530,.F.);
#2624=ADVANCED_FACE('',(#224),#2531,.T.);
#2625=ADVANCED_FACE('',(#225),#2532,.T.);
#2626=ADVANCED_FACE('',(#226),#2533,.T.);
#2627=ADVANCED_FACE('',(#227),#2534,.T.);
#2628=ADVANCED_FACE('',(#228),#2535,.F.);
#2629=ADVANCED_FACE('',(#229),#2536,.F.);
#2630=ADVANCED_FACE('',(#230),#2537,.F.);
#2631=ADVANCED_FACE('',(#231),#133,.F.);
#2632=ADVANCED_FACE('',(#232,#184),#2538,.T.);
#2633=ADVANCED_FACE('',(#233),#134,.F.);
#2634=ADVANCED_FACE('',(#234,#185),#2539,.T.);
#2635=ADVANCED_FACE('',(#235),#135,.F.);
#2636=ADVANCED_FACE('',(#236,#186),#2540,.T.);
#2637=ADVANCED_FACE('',(#237),#136,.F.);
#2638=ADVANCED_FACE('',(#238,#187),#2541,.T.);
#2639=ADVANCED_FACE('',(#239),#137,.T.);
#2640=ADVANCED_FACE('',(#240),#138,.T.);
#2641=ADVANCED_FACE('',(#241),#139,.T.);
#2642=ADVANCED_FACE('',(#242),#140,.T.);
#2643=ADVANCED_FACE('',(#243),#141,.F.);
#2644=ADVANCED_FACE('',(#244),#142,.F.);
#2645=ADVANCED_FACE('',(#245),#143,.F.);
#2646=ADVANCED_FACE('',(#246),#144,.F.);
#2647=ADVANCED_FACE('',(#247),#2542,.T.);
#2648=ADVANCED_FACE('',(#248),#2543,.T.);
#2649=ADVANCED_FACE('',(#249),#2544,.F.);
#2650=ADVANCED_FACE('',(#250),#2545,.T.);
#2651=ADVANCED_FACE('',(#251),#2546,.T.);
#2652=ADVANCED_FACE('',(#252),#2547,.T.);
#2653=ADVANCED_FACE('',(#253),#2548,.T.);
#2654=ADVANCED_FACE('',(#254),#2549,.T.);
#2655=ADVANCED_FACE('',(#255),#2550,.F.);
#2656=ADVANCED_FACE('',(#256),#2551,.F.);
#2657=ADVANCED_FACE('',(#257),#2552,.F.);
#2658=ADVANCED_FACE('',(#258),#2553,.F.);
#2659=ADVANCED_FACE('',(#259),#2554,.F.);
#2660=ADVANCED_FACE('',(#260),#2555,.T.);
#2661=ADVANCED_FACE('',(#261,#188),#2556,.T.);
#2662=ADVANCED_FACE('',(#262),#2557,.F.);
#2663=ADVANCED_FACE('',(#263),#2558,.T.);
#2664=ADVANCED_FACE('',(#264),#2559,.T.);
#2665=ADVANCED_FACE('',(#265),#2560,.T.);
#2666=ADVANCED_FACE('',(#266),#33,.F.);
#2667=ADVANCED_FACE('',(#267),#145,.F.);
#2668=ADVANCED_FACE('',(#268,#189),#2561,.T.);
#2669=ADVANCED_FACE('',(#269),#2562,.T.);
#2670=ADVANCED_FACE('',(#270),#2563,.T.);
#2671=ADVANCED_FACE('',(#271),#2564,.T.);
#2672=ADVANCED_FACE('',(#272),#2565,.T.);
#2673=ADVANCED_FACE('',(#273),#2566,.T.);
#2674=ADVANCED_FACE('',(#274),#2567,.T.);
#2675=ADVANCED_FACE('',(#275,#190),#2568,.T.);
#2676=ADVANCED_FACE('',(#276,#191),#2569,.T.);
#2677=ADVANCED_FACE('',(#277),#146,.T.);
#2678=ADVANCED_FACE('',(#278),#2570,.T.);
#2679=ADVANCED_FACE('',(#279),#147,.T.);
#2680=ADVANCED_FACE('',(#280),#2571,.T.);
#2681=ADVANCED_FACE('',(#281),#148,.T.);
#2682=ADVANCED_FACE('',(#282),#2572,.T.);
#2683=ADVANCED_FACE('',(#283),#149,.T.);
#2684=ADVANCED_FACE('',(#284),#2573,.T.);
#2685=ADVANCED_FACE('',(#285),#2574,.F.);
#2686=ADVANCED_FACE('',(#286),#2575,.F.);
#2687=ADVANCED_FACE('',(#287),#2576,.F.);
#2688=ADVANCED_FACE('',(#288),#2577,.F.);
#2689=ADVANCED_FACE('',(#289),#2578,.F.);
#2690=ADVANCED_FACE('',(#290),#2579,.F.);
#2691=ADVANCED_FACE('',(#291),#2580,.F.);
#2692=ADVANCED_FACE('',(#292),#2581,.F.);
#2693=ADVANCED_FACE('',(#293),#2582,.F.);
#2694=ADVANCED_FACE('',(#294),#2583,.F.);
#2695=ADVANCED_FACE('',(#295),#2584,.F.);
#2696=ADVANCED_FACE('',(#296),#2585,.T.);
#2697=ADVANCED_FACE('',(#297),#150,.T.);
#2698=ADVANCED_FACE('',(#298),#2586,.T.);
#2699=ADVANCED_FACE('',(#299),#2587,.F.);
#2700=ADVANCED_FACE('',(#300),#2588,.T.);
#2701=ADVANCED_FACE('',(#301),#151,.T.);
#2702=ADVANCED_FACE('',(#302),#2589,.T.);
#2703=ADVANCED_FACE('',(#303),#2590,.F.);
#2704=ADVANCED_FACE('',(#304,#192,#193),#2591,.T.);
#2705=ADVANCED_FACE('',(#305,#194,#195,#196,#197,#198),#2592,.F.);
#2706=ADVANCED_FACE('',(#306),#2593,.F.);
#2707=ADVANCED_FACE('',(#307),#2594,.F.);
#2708=ADVANCED_FACE('',(#308),#2595,.F.);
#2709=ADVANCED_FACE('',(#309),#17,.T.);
#2710=ADVANCED_FACE('',(#310),#18,.T.);
#2711=ADVANCED_FACE('',(#311),#152,.T.);
#2712=ADVANCED_FACE('',(#312),#19,.T.);
#2713=ADVANCED_FACE('',(#313),#20,.T.);
#2714=ADVANCED_FACE('',(#314),#153,.T.);
#2715=ADVANCED_FACE('',(#315),#21,.T.);
#2716=ADVANCED_FACE('',(#316),#22,.T.);
#2717=ADVANCED_FACE('',(#317),#154,.T.);
#2718=ADVANCED_FACE('',(#318),#23,.T.);
#2719=ADVANCED_FACE('',(#319),#24,.T.);
#2720=ADVANCED_FACE('',(#320),#155,.T.);
#2721=ADVANCED_FACE('',(#321),#25,.T.);
#2722=ADVANCED_FACE('',(#322),#156,.T.);
#2723=ADVANCED_FACE('',(#323),#26,.T.);
#2724=ADVANCED_FACE('',(#324),#27,.T.);
#2725=ADVANCED_FACE('',(#325),#157,.T.);
#2726=ADVANCED_FACE('',(#326),#28,.T.);
#2727=ADVANCED_FACE('',(#327),#29,.T.);
#2728=ADVANCED_FACE('',(#328),#30,.T.);
#2729=ADVANCED_FACE('',(#329),#31,.T.);
#2730=ADVANCED_FACE('',(#330),#158,.T.);
#2731=ADVANCED_FACE('',(#331),#15,.T.);
#2732=ADVANCED_FACE('',(#332),#159,.T.);
#2733=ADVANCED_FACE('',(#333),#32,.T.);
#2734=ADVANCED_FACE('',(#334),#160,.T.);
#2735=ADVANCED_FACE('',(#335),#161,.T.);
#2736=ADVANCED_FACE('',(#336),#162,.T.);
#2737=ADVANCED_FACE('',(#337),#163,.T.);
#2738=ADVANCED_FACE('',(#338),#164,.T.);
#2739=ADVANCED_FACE('',(#339),#165,.T.);
#2740=ADVANCED_FACE('',(#340),#166,.T.);
#2741=ADVANCED_FACE('',(#341),#167,.T.);
#2742=ADVANCED_FACE('',(#342),#168,.T.);
#2743=ADVANCED_FACE('',(#343),#16,.T.);
#2744=ADVANCED_FACE('',(#344),#169,.T.);
#2745=ADVANCED_FACE('',(#345),#170,.T.);
#2746=ADVANCED_FACE('',(#346),#171,.T.);
#2747=ADVANCED_FACE('',(#347),#172,.T.);
#2748=ADVANCED_FACE('',(#348),#173,.T.);
#2749=ADVANCED_FACE('',(#349),#174,.T.);
#2750=ADVANCED_FACE('',(#350),#175,.T.);
#2751=ADVANCED_FACE('',(#351),#176,.T.);
#2752=ADVANCED_FACE('',(#352),#177,.T.);
#2753=ADVANCED_FACE('',(#353),#2596,.T.);
#2754=ADVANCED_FACE('',(#354),#2597,.T.);
#2755=ADVANCED_FACE('',(#355),#2598,.F.);
#2756=ADVANCED_FACE('',(#356),#178,.F.);
#2757=ADVANCED_FACE('',(#357),#2599,.F.);
#2758=ADVANCED_FACE('',(#358),#2600,.T.);
#2759=ADVANCED_FACE('',(#359),#2601,.F.);
#2760=ADVANCED_FACE('',(#360),#179,.F.);
#2761=ADVANCED_FACE('',(#361),#2602,.F.);
#2762=ADVANCED_FACE('',(#362),#2603,.T.);
#2763=ADVANCED_FACE('',(#363),#2604,.T.);
#2764=CLOSED_SHELL('',(#2605,#2606,#2607,#2608,#2609,#2610,#2611,#2612,
#2613,#2614,#2615,#2616,#2617,#2618,#2619,#2620,#2621,#2622,#2623,#2624,
#2625,#2626,#2627,#2628,#2629,#2630,#2631,#2632,#2633,#2634,#2635,#2636,
#2637,#2638,#2639,#2640,#2641,#2642,#2643,#2644,#2645,#2646,#2647,#2648,
#2649,#2650,#2651,#2652,#2653,#2654,#2655,#2656,#2657,#2658,#2659,#2660,
#2661,#2662,#2663,#2664,#2665,#2666,#2667,#2668,#2669,#2670,#2671,#2672,
#2673,#2674,#2675,#2676,#2677,#2678,#2679,#2680,#2681,#2682,#2683,#2684,
#2685,#2686,#2687,#2688,#2689,#2690,#2691,#2692,#2693,#2694,#2695,#2696,
#2697,#2698,#2699,#2700,#2701,#2702,#2703,#2704,#2705,#2706,#2707,#2708,
#2709,#2710,#2711,#2712,#2713,#2714,#2715,#2716,#2717,#2718,#2719,#2720,
#2721,#2722,#2723,#2724,#2725,#2726,#2727,#2728,#2729,#2730,#2731,#2732,
#2733,#2734,#2735,#2736,#2737,#2738,#2739,#2740,#2741,#2742,#2743,#2744,
#2745,#2746,#2747,#2748,#2749,#2750,#2751,#2752,#2753,#2754,#2755,#2756,
#2757,#2758,#2759,#2760,#2761,#2762,#2763));
#2765=DERIVED_UNIT_ELEMENT(#2767,1.);
#2766=DERIVED_UNIT_ELEMENT(#4681,-3.);
#2767=(
MASS_UNIT()
NAMED_UNIT(*)
SI_UNIT(.KILO.,.GRAM.)
);
#2768=DERIVED_UNIT((#2765,#2766));
#2769=MEASURE_REPRESENTATION_ITEM('density measure',
POSITIVE_RATIO_MEASURE(7850.),#2768);
#2770=PROPERTY_DEFINITION_REPRESENTATION(#2775,#2772);
#2771=PROPERTY_DEFINITION_REPRESENTATION(#2776,#2773);
#2772=REPRESENTATION('material name',(#2774),#4678);
#2773=REPRESENTATION('density',(#2769),#4678);
#2774=DESCRIPTIVE_REPRESENTATION_ITEM('Steel','Steel');
#2775=PROPERTY_DEFINITION('material property','material name',#4688);
#2776=PROPERTY_DEFINITION('material property','density of part',#4688);
#2777=AXIS2_PLACEMENT_3D('',#3838,#3036,#3037);
#2778=AXIS2_PLACEMENT_3D('',#3839,#3038,#3039);
#2779=AXIS2_PLACEMENT_3D('',#3848,#3044,#3045);
#2780=AXIS2_PLACEMENT_3D('',#3854,#3049,#3050);
#2781=AXIS2_PLACEMENT_3D('',#3860,#3054,#3055);
#2782=AXIS2_PLACEMENT_3D('',#3863,#3058,#3059);
#2783=AXIS2_PLACEMENT_3D('',#3869,#3063,#3064);
#2784=AXIS2_PLACEMENT_3D('',#3873,#3067,#3068);
#2785=AXIS2_PLACEMENT_3D('',#3876,#3069,#3070);
#2786=AXIS2_PLACEMENT_3D('',#3878,#3071,#3072);
#2787=AXIS2_PLACEMENT_3D('',#3896,#3082,#3083);
#2788=AXIS2_PLACEMENT_3D('',#3902,#3087,#3088);
#2789=AXIS2_PLACEMENT_3D('',#3906,#3091,#3092);
#2790=AXIS2_PLACEMENT_3D('',#3910,#3095,#3096);
#2791=AXIS2_PLACEMENT_3D('',#3912,#3098,#3099);
#2792=AXIS2_PLACEMENT_3D('',#3918,#3103,#3104);
#2793=AXIS2_PLACEMENT_3D('',#3922,#3107,#3108);
#2794=AXIS2_PLACEMENT_3D('',#3928,#3112,#3113);
#2795=AXIS2_PLACEMENT_3D('',#3934,#3117,#3118);
#2796=AXIS2_PLACEMENT_3D('',#3939,#3122,#3123);
#2797=AXIS2_PLACEMENT_3D('',#3941,#3125,#3126);
#2798=AXIS2_PLACEMENT_3D('',#3943,#3128,#3129);
#2799=AXIS2_PLACEMENT_3D('',#3964,#3140,#3141);
#2800=AXIS2_PLACEMENT_3D('',#3967,#3144,#3145);
#2801=AXIS2_PLACEMENT_3D('',#3971,#3148,#3149);
#2802=AXIS2_PLACEMENT_3D('',#3974,#3152,#3153);
#2803=AXIS2_PLACEMENT_3D('',#3975,#3154,#3155);
#2804=AXIS2_PLACEMENT_3D('',#3977,#3157,#3158);
#2805=AXIS2_PLACEMENT_3D('',#3978,#3159,#3160);
#2806=AXIS2_PLACEMENT_3D('',#3979,#3161,#3162);
#2807=AXIS2_PLACEMENT_3D('',#3982,#3163,#3164);
#2808=AXIS2_PLACEMENT_3D('',#3994,#3166,#3167);
#2809=AXIS2_PLACEMENT_3D('',#4003,#3168,#3169);
#2810=AXIS2_PLACEMENT_3D('',#4005,#3170,#3171);
#2811=AXIS2_PLACEMENT_3D('',#4006,#3172,#3173);
#2812=AXIS2_PLACEMENT_3D('',#4009,#3174,#3175);
#2813=AXIS2_PLACEMENT_3D('',#4021,#3177,#3178);
#2814=AXIS2_PLACEMENT_3D('',#4030,#3179,#3180);
#2815=AXIS2_PLACEMENT_3D('',#4032,#3181,#3182);
#2816=AXIS2_PLACEMENT_3D('',#4033,#3183,#3184);
#2817=AXIS2_PLACEMENT_3D('',#4050,#3186,#3187);
#2818=AXIS2_PLACEMENT_3D('',#4051,#3188,#3189);
#2819=AXIS2_PLACEMENT_3D('',#4053,#3190,#3191);
#2820=AXIS2_PLACEMENT_3D('',#4054,#3192,#3193);
#2821=AXIS2_PLACEMENT_3D('',#4057,#3194,#3195);
#2822=AXIS2_PLACEMENT_3D('',#4073,#3196,#3197);
#2823=AXIS2_PLACEMENT_3D('',#4076,#3199,#3200);
#2824=AXIS2_PLACEMENT_3D('',#4077,#3201,#3202);
#2825=AXIS2_PLACEMENT_3D('',#4079,#3203,#3204);
#2826=AXIS2_PLACEMENT_3D('',#4080,#3205,#3206);
#2827=AXIS2_PLACEMENT_3D('',#4084,#3208,#3209);
#2828=AXIS2_PLACEMENT_3D('',#4088,#3211,#3212);
#2829=AXIS2_PLACEMENT_3D('',#4090,#3214,#3215);
#2830=AXIS2_PLACEMENT_3D('',#4094,#3217,#3218);
#2831=AXIS2_PLACEMENT_3D('',#4098,#3220,#3221);
#2832=AXIS2_PLACEMENT_3D('',#4100,#3223,#3224);
#2833=AXIS2_PLACEMENT_3D('',#4102,#3225,#3226);
#2834=AXIS2_PLACEMENT_3D('',#4105,#3228,#3229);
#2835=AXIS2_PLACEMENT_3D('',#4106,#3230,#3231);
#2836=AXIS2_PLACEMENT_3D('',#4110,#3233,#3234);
#2837=AXIS2_PLACEMENT_3D('',#4114,#3236,#3237);
#2838=AXIS2_PLACEMENT_3D('',#4116,#3239,#3240);
#2839=AXIS2_PLACEMENT_3D('',#4118,#3241,#3242);
#2840=AXIS2_PLACEMENT_3D('',#4120,#3244,#3245);
#2841=AXIS2_PLACEMENT_3D('',#4122,#3246,#3247);
#2842=AXIS2_PLACEMENT_3D('',#4124,#3249,#3250);
#2843=AXIS2_PLACEMENT_3D('',#4126,#3251,#3252);
#2844=AXIS2_PLACEMENT_3D('',#4128,#3254,#3255);
#2845=AXIS2_PLACEMENT_3D('',#4130,#3256,#3257);
#2846=AXIS2_PLACEMENT_3D('',#4132,#3259,#3260);
#2847=AXIS2_PLACEMENT_3D('',#4138,#3264,#3265);
#2848=AXIS2_PLACEMENT_3D('',#4142,#3268,#3269);
#2849=AXIS2_PLACEMENT_3D('',#4150,#3274,#3275);
#2850=AXIS2_PLACEMENT_3D('',#4159,#3280,#3281);
#2851=AXIS2_PLACEMENT_3D('',#4165,#3285,#3286);
#2852=AXIS2_PLACEMENT_3D('',#4174,#3291,#3292);
#2853=AXIS2_PLACEMENT_3D('',#4180,#3296,#3297);
#2854=AXIS2_PLACEMENT_3D('',#4186,#3301,#3302);
#2855=AXIS2_PLACEMENT_3D('',#4192,#3306,#3307);
#2856=AXIS2_PLACEMENT_3D('',#4196,#3310,#3311);
#2857=AXIS2_PLACEMENT_3D('',#4200,#3314,#3315);
#2858=AXIS2_PLACEMENT_3D('',#4205,#3319,#3320);
#2859=AXIS2_PLACEMENT_3D('',#4217,#3327,#3328);
#2860=AXIS2_PLACEMENT_3D('',#4223,#3332,#3333);
#2861=AXIS2_PLACEMENT_3D('',#4229,#3337,#3338);
#2862=AXIS2_PLACEMENT_3D('',#4246,#3348,#3349);
#2863=AXIS2_PLACEMENT_3D('',#4255,#3354,#3355);
#2864=AXIS2_PLACEMENT_3D('',#4258,#3358,#3359);
#2865=AXIS2_PLACEMENT_3D('',#4264,#3363,#3364);
#2866=AXIS2_PLACEMENT_3D('',#4266,#3365,#3366);
#2867=AXIS2_PLACEMENT_3D('',#4269,#3368,#3369);
#2868=AXIS2_PLACEMENT_3D('',#4270,#3370,#3371);
#2869=AXIS2_PLACEMENT_3D('',#4272,#3372,#3373);
#2870=AXIS2_PLACEMENT_3D('',#4274,#3375,#3376);
#2871=AXIS2_PLACEMENT_3D('',#4279,#3378,#3379);
#2872=AXIS2_PLACEMENT_3D('',#4291,#3385,#3386);
#2873=AXIS2_PLACEMENT_3D('',#4299,#3391,#3392);
#2874=AXIS2_PLACEMENT_3D('',#4305,#3396,#3397);
#2875=AXIS2_PLACEMENT_3D('',#4309,#3400,#3401);
#2876=AXIS2_PLACEMENT_3D('',#4323,#3410,#3411);
#2877=AXIS2_PLACEMENT_3D('',#4325,#3413,#3414);
#2878=AXIS2_PLACEMENT_3D('',#4327,#3416,#3417);
#2879=AXIS2_PLACEMENT_3D('',#4329,#3419,#3420);
#2880=AXIS2_PLACEMENT_3D('',#4331,#3421,#3422);
#2881=AXIS2_PLACEMENT_3D('',#4335,#3424,#3425);
#2882=AXIS2_PLACEMENT_3D('',#4341,#3429,#3430);
#2883=AXIS2_PLACEMENT_3D('',#4349,#3434,#3435);
#2884=AXIS2_PLACEMENT_3D('',#4352,#3437,#3438);
#2885=AXIS2_PLACEMENT_3D('',#4353,#3439,#3440);
#2886=AXIS2_PLACEMENT_3D('',#4355,#3441,#3442);
#2887=AXIS2_PLACEMENT_3D('',#4358,#3444,#3445);
#2888=AXIS2_PLACEMENT_3D('',#4359,#3446,#3447);
#2889=AXIS2_PLACEMENT_3D('',#4360,#3448,#3449);
#2890=AXIS2_PLACEMENT_3D('',#4362,#3450,#3451);
#2891=AXIS2_PLACEMENT_3D('',#4365,#3453,#3454);
#2892=AXIS2_PLACEMENT_3D('',#4366,#3455,#3456);
#2893=AXIS2_PLACEMENT_3D('',#4367,#3457,#3458);
#2894=AXIS2_PLACEMENT_3D('',#4369,#3459,#3460);
#2895=AXIS2_PLACEMENT_3D('',#4372,#3462,#3463);
#2896=AXIS2_PLACEMENT_3D('',#4373,#3464,#3465);
#2897=AXIS2_PLACEMENT_3D('',#4374,#3466,#3467);
#2898=AXIS2_PLACEMENT_3D('',#4376,#3468,#3469);
#2899=AXIS2_PLACEMENT_3D('',#4379,#3471,#3472);
#2900=AXIS2_PLACEMENT_3D('',#4380,#3473,#3474);
#2901=AXIS2_PLACEMENT_3D('',#4381,#3475,#3476);
#2902=AXIS2_PLACEMENT_3D('',#4390,#3481,#3482);
#2903=AXIS2_PLACEMENT_3D('',#4396,#3486,#3487);
#2904=AXIS2_PLACEMENT_3D('',#4405,#3492,#3493);
#2905=AXIS2_PLACEMENT_3D('',#4413,#3497,#3498);
#2906=AXIS2_PLACEMENT_3D('',#4425,#3504,#3505);
#2907=AXIS2_PLACEMENT_3D('',#4427,#3507,#3508);
#2908=AXIS2_PLACEMENT_3D('',#4430,#3511,#3512);
#2909=AXIS2_PLACEMENT_3D('',#4436,#3516,#3517);
#2910=AXIS2_PLACEMENT_3D('',#4438,#3519,#3520);
#2911=AXIS2_PLACEMENT_3D('',#4444,#3524,#3525);
#2912=AXIS2_PLACEMENT_3D('',#4448,#3528,#3529);
#2913=AXIS2_PLACEMENT_3D('',#4452,#3531,#3532);
#2914=AXIS2_PLACEMENT_3D('',#4459,#3536,#3537);
#2915=AXIS2_PLACEMENT_3D('',#4463,#3540,#3541);
#2916=AXIS2_PLACEMENT_3D('',#4467,#3544,#3545);
#2917=AXIS2_PLACEMENT_3D('',#4473,#3549,#3550);
#2918=AXIS2_PLACEMENT_3D('',#4476,#3552,#3553);
#2919=AXIS2_PLACEMENT_3D('',#4477,#3554,#3555);
#2920=AXIS2_PLACEMENT_3D('',#4480,#3558,#3559);
#2921=AXIS2_PLACEMENT_3D('',#4482,#3561,#3562);
#2922=AXIS2_PLACEMENT_3D('',#4490,#3567,#3568);
#2923=AXIS2_PLACEMENT_3D('',#4493,#3570,#3571);
#2924=AXIS2_PLACEMENT_3D('',#4494,#3572,#3573);
#2925=AXIS2_PLACEMENT_3D('',#4497,#3576,#3577);
#2926=AXIS2_PLACEMENT_3D('',#4498,#3578,#3579);
#2927=AXIS2_PLACEMENT_3D('',#4502,#3581,#3582);
#2928=AXIS2_PLACEMENT_3D('',#4506,#3584,#3585);
#2929=AXIS2_PLACEMENT_3D('',#4510,#3587,#3588);
#2930=AXIS2_PLACEMENT_3D('',#4514,#3590,#3591);
#2931=AXIS2_PLACEMENT_3D('',#4517,#3594,#3595);
#2932=AXIS2_PLACEMENT_3D('',#4520,#3598,#3599);
#2933=AXIS2_PLACEMENT_3D('',#4522,#3601,#3602);
#2934=AXIS2_PLACEMENT_3D('',#4523,#3603,#3604);
#2935=AXIS2_PLACEMENT_3D('',#4524,#3605,#3606);
#2936=AXIS2_PLACEMENT_3D('',#4526,#3607,#3608);
#2937=AXIS2_PLACEMENT_3D('',#4527,#3609,#3610);
#2938=AXIS2_PLACEMENT_3D('',#4528,#3611,#3612);
#2939=AXIS2_PLACEMENT_3D('',#4530,#3613,#3614);
#2940=AXIS2_PLACEMENT_3D('',#4532,#3615,#3616);
#2941=AXIS2_PLACEMENT_3D('',#4533,#3617,#3618);
#2942=AXIS2_PLACEMENT_3D('',#4534,#3619,#3620);
#2943=AXIS2_PLACEMENT_3D('',#4537,#3623,#3624);
#2944=AXIS2_PLACEMENT_3D('',#4538,#3625,#3626);
#2945=AXIS2_PLACEMENT_3D('',#4539,#3627,#3628);
#2946=AXIS2_PLACEMENT_3D('',#4540,#3629,#3630);
#2947=AXIS2_PLACEMENT_3D('',#4542,#3631,#3632);
#2948=AXIS2_PLACEMENT_3D('',#4543,#3633,#3634);
#2949=AXIS2_PLACEMENT_3D('',#4544,#3635,#3636);
#2950=AXIS2_PLACEMENT_3D('',#4546,#3638,#3639);
#2951=AXIS2_PLACEMENT_3D('',#4549,#3640,#3641);
#2952=AXIS2_PLACEMENT_3D('',#4550,#3642,#3643);
#2953=AXIS2_PLACEMENT_3D('',#4551,#3644,#3645);
#2954=AXIS2_PLACEMENT_3D('',#4552,#3646,#3647);
#2955=AXIS2_PLACEMENT_3D('',#4553,#3648,#3649);
#2956=AXIS2_PLACEMENT_3D('',#4555,#3650,#3651);
#2957=AXIS2_PLACEMENT_3D('',#4556,#3652,#3653);
#2958=AXIS2_PLACEMENT_3D('',#4557,#3654,#3655);
#2959=AXIS2_PLACEMENT_3D('',#4559,#3657,#3658);
#2960=AXIS2_PLACEMENT_3D('',#4561,#3659,#3660);
#2961=AXIS2_PLACEMENT_3D('',#4563,#3661,#3662);
#2962=AXIS2_PLACEMENT_3D('',#4564,#3663,#3664);
#2963=AXIS2_PLACEMENT_3D('',#4565,#3665,#3666);
#2964=AXIS2_PLACEMENT_3D('',#4566,#3667,#3668);
#2965=AXIS2_PLACEMENT_3D('',#4567,#3669,#3670);
#2966=AXIS2_PLACEMENT_3D('',#4568,#3671,#3672);
#2967=AXIS2_PLACEMENT_3D('',#4569,#3673,#3674);
#2968=AXIS2_PLACEMENT_3D('',#4571,#3675,#3676);
#2969=AXIS2_PLACEMENT_3D('',#4572,#3677,#3678);
#2970=AXIS2_PLACEMENT_3D('',#4573,#3679,#3680);
#2971=AXIS2_PLACEMENT_3D('',#4576,#3683,#3684);
#2972=AXIS2_PLACEMENT_3D('',#4578,#3685,#3686);
#2973=AXIS2_PLACEMENT_3D('',#4579,#3687,#3688);
#2974=AXIS2_PLACEMENT_3D('',#4580,#3689,#3690);
#2975=AXIS2_PLACEMENT_3D('',#4581,#3691,#3692);
#2976=AXIS2_PLACEMENT_3D('',#4583,#3693,#3694);
#2977=AXIS2_PLACEMENT_3D('',#4584,#3695,#3696);
#2978=AXIS2_PLACEMENT_3D('',#4585,#3697,#3698);
#2979=AXIS2_PLACEMENT_3D('',#4586,#3699,#3700);
#2980=AXIS2_PLACEMENT_3D('',#4587,#3701,#3702);
#2981=AXIS2_PLACEMENT_3D('',#4589,#3703,#3704);
#2982=AXIS2_PLACEMENT_3D('',#4591,#3705,#3706);
#2983=AXIS2_PLACEMENT_3D('',#4592,#3707,#3708);
#2984=AXIS2_PLACEMENT_3D('',#4593,#3709,#3710);
#2985=AXIS2_PLACEMENT_3D('',#4594,#3711,#3712);
#2986=AXIS2_PLACEMENT_3D('',#4595,#3713,#3714);
#2987=AXIS2_PLACEMENT_3D('',#4596,#3715,#3716);
#2988=AXIS2_PLACEMENT_3D('',#4598,#3717,#3718);
#2989=AXIS2_PLACEMENT_3D('',#4599,#3719,#3720);
#2990=AXIS2_PLACEMENT_3D('',#4600,#3721,#3722);
#2991=AXIS2_PLACEMENT_3D('',#4602,#3723,#3724);
#2992=AXIS2_PLACEMENT_3D('',#4603,#3725,#3726);
#2993=AXIS2_PLACEMENT_3D('',#4604,#3727,#3728);
#2994=AXIS2_PLACEMENT_3D('',#4605,#3729,#3730);
#2995=AXIS2_PLACEMENT_3D('',#4607,#3731,#3732);
#2996=AXIS2_PLACEMENT_3D('',#4609,#3734,#3735);
#2997=AXIS2_PLACEMENT_3D('',#4611,#3736,#3737);
#2998=AXIS2_PLACEMENT_3D('',#4612,#3738,#3739);
#2999=AXIS2_PLACEMENT_3D('',#4613,#3740,#3741);
#3000=AXIS2_PLACEMENT_3D('',#4615,#3743,#3744);
#3001=AXIS2_PLACEMENT_3D('',#4616,#3745,#3746);
#3002=AXIS2_PLACEMENT_3D('',#4617,#3747,#3748);
#3003=AXIS2_PLACEMENT_3D('',#4618,#3749,#3750);
#3004=AXIS2_PLACEMENT_3D('',#4619,#3751,#3752);
#3005=AXIS2_PLACEMENT_3D('',#4621,#3754,#3755);
#3006=AXIS2_PLACEMENT_3D('',#4623,#3757,#3758);
#3007=AXIS2_PLACEMENT_3D('',#4626,#3761,#3762);
#3008=AXIS2_PLACEMENT_3D('',#4628,#3764,#3765);
#3009=AXIS2_PLACEMENT_3D('',#4629,#3766,#3767);
#3010=AXIS2_PLACEMENT_3D('',#4632,#3770,#3771);
#3011=AXIS2_PLACEMENT_3D('',#4634,#3773,#3774);
#3012=AXIS2_PLACEMENT_3D('',#4636,#3775,#3776);
#3013=AXIS2_PLACEMENT_3D('',#4638,#3778,#3779);
#3014=AXIS2_PLACEMENT_3D('',#4640,#3780,#3781);
#3015=AXIS2_PLACEMENT_3D('',#4641,#3782,#3783);
#3016=AXIS2_PLACEMENT_3D('',#4642,#3784,#3785);
#3017=AXIS2_PLACEMENT_3D('',#4644,#3787,#3788);
#3018=AXIS2_PLACEMENT_3D('',#4646,#3790,#3791);
#3019=AXIS2_PLACEMENT_3D('',#4648,#3793,#3794);
#3020=AXIS2_PLACEMENT_3D('',#4651,#3797,#3798);
#3021=AXIS2_PLACEMENT_3D('',#4653,#3800,#3801);
#3022=AXIS2_PLACEMENT_3D('',#4654,#3802,#3803);
#3023=AXIS2_PLACEMENT_3D('',#4657,#3806,#3807);
#3024=AXIS2_PLACEMENT_3D('',#4659,#3809,#3810);
#3025=AXIS2_PLACEMENT_3D('',#4661,#3812,#3813);
#3026=AXIS2_PLACEMENT_3D('',#4662,#3814,#3815);
#3027=AXIS2_PLACEMENT_3D('',#4663,#3816,#3817);
#3028=AXIS2_PLACEMENT_3D('',#4665,#3819,#3820);
#3029=AXIS2_PLACEMENT_3D('',#4667,#3822,#3823);
#3030=AXIS2_PLACEMENT_3D('',#4668,#3824,#3825);
#3031=AXIS2_PLACEMENT_3D('',#4669,#3826,#3827);
#3032=AXIS2_PLACEMENT_3D('',#4671,#3829,#3830);
#3033=AXIS2_PLACEMENT_3D('',#4673,#3832,#3833);
#3034=AXIS2_PLACEMENT_3D('',#4674,#3834,#3835);
#3035=AXIS2_PLACEMENT_3D('',#4675,#3836,#3837);
#3036=DIRECTION('axis',(0.,0.,1.));
#3037=DIRECTION('refdir',(1.,0.,0.));
#3038=DIRECTION('center_axis',(-0.707106781186554,-0.499999999999997,-0.499999999999995));
#3039=DIRECTION('ref_axis',(-0.577350269189618,0.,0.816496580927731));
#3040=DIRECTION('',(0.,-0.707106781186546,0.707106781186549));
#3041=DIRECTION('',(-0.577350269189616,0.816496580927733,0.));
#3042=DIRECTION('',(0.,0.707106781186546,-0.707106781186549));
#3043=DIRECTION('',(0.577350269189622,-6.40987562127864E-15,-0.816496580927729));
#3044=DIRECTION('center_axis',(0.,0.,-1.));
#3045=DIRECTION('ref_axis',(-1.,0.,0.));
#3046=DIRECTION('',(-1.,0.,0.));
#3047=DIRECTION('',(0.577350269189633,0.816496580927721,0.));
#3048=DIRECTION('',(1.,0.,0.));
#3049=DIRECTION('center_axis',(0.707106781186541,-0.500000000000006,-0.500000000000004));
#3050=DIRECTION('ref_axis',(-0.577350269189632,0.,-0.816496580927721));
#3051=DIRECTION('',(0.,0.707106781186546,-0.707106781186549));
#3052=DIRECTION('',(0.577350269189639,6.40987562127855E-15,0.816496580927717));
#3053=DIRECTION('',(0.,-0.707106781186546,0.707106781186549));
#3054=DIRECTION('center_axis',(0.,-1.,1.57009245868377E-14));
#3055=DIRECTION('ref_axis',(0.,-1.57009245868377E-14,-1.));
#3056=DIRECTION('',(-1.,0.,0.));
#3057=DIRECTION('',(1.,0.,0.));
#3058=DIRECTION('center_axis',(0.,0.707106781186546,-0.707106781186549));
#3059=DIRECTION('ref_axis',(-1.,0.,0.));
#3060=DIRECTION('',(0.,0.707106781186549,0.707106781186546));
#3061=DIRECTION('',(1.,0.,0.));
#3062=DIRECTION('',(0.,0.707106781186549,0.707106781186546));
#3063=DIRECTION('center_axis',(1.,0.,0.));
#3064=DIRECTION('ref_axis',(0.,0.707106781186546,-0.707106781186549));
#3065=DIRECTION('',(0.,0.707106781186549,0.707106781186546));
#3066=DIRECTION('',(0.,-0.707106781186546,0.707106781186549));
#3067=DIRECTION('center_axis',(0.,-0.707106781186549,-0.707106781186546));
#3068=DIRECTION('ref_axis',(0.,0.707106781186546,-0.707106781186549));
#3069=DIRECTION('center_axis',(0.,0.707106781186549,0.707106781186546));
#3070=DIRECTION('ref_axis',(0.,0.707106781186546,-0.707106781186549));
#3071=DIRECTION('center_axis',(0.,0.707106781186549,0.707106781186546));
#3072=DIRECTION('ref_axis',(0.,0.707106781186546,-0.707106781186549));
#3073=DIRECTION('',(0.,0.707106781186546,-0.707106781186549));
#3074=DIRECTION('',(1.,0.,0.));
#3075=DIRECTION('',(0.362687811942553,-0.658960374783006,0.658960374783009));
#3076=DIRECTION('',(-1.,0.,0.));
#3077=DIRECTION('',(0.,0.707106781186546,-0.707106781186549));
#3078=DIRECTION('',(-1.,0.,0.));
#3079=DIRECTION('',(0.,-0.707106781186546,0.707106781186549));
#3080=DIRECTION('',(1.,0.,0.));
#3081=DIRECTION('',(0.,0.707106781186546,-0.707106781186549));
#3082=DIRECTION('center_axis',(0.,0.,-1.));
#3083=DIRECTION('ref_axis',(-1.,0.,0.));
#3084=DIRECTION('',(0.577350269189624,0.816496580927727,0.));
#3085=DIRECTION('',(1.,0.,0.));
#3086=DIRECTION('',(0.577350269189619,-0.816496580927731,0.));
#3087=DIRECTION('center_axis',(0.707106781186549,-0.5,-0.499999999999998));
#3088=DIRECTION('ref_axis',(-0.577350269189624,0.,-0.816496580927727));
#3089=DIRECTION('',(0.577350269189631,1.28197512425572E-14,0.816496580927723));
#3090=DIRECTION('',(0.,-0.707106781186546,0.707106781186549));
#3091=DIRECTION('center_axis',(0.,-1.,1.57009245868379E-14));
#3092=DIRECTION('ref_axis',(0.,-1.57009245868379E-14,-1.));
#3093=DIRECTION('',(-0.577350269189628,1.28197512425574E-14,0.816496580927724));
#3094=DIRECTION('',(-1.,0.,0.));
#3095=DIRECTION('center_axis',(-0.707106781186554,-0.499999999999997,-0.499999999999995));
#3096=DIRECTION('ref_axis',(-0.577350269189618,0.,0.816496580927731));
#3097=DIRECTION('',(0.,0.707106781186546,-0.707106781186549));
#3098=DIRECTION('center_axis',(1.,0.,0.));
#3099=DIRECTION('ref_axis',(0.,0.707106781186546,-0.707106781186549));
#3100=DIRECTION('',(0.,0.707106781186549,0.707106781186546));
#3101=DIRECTION('',(0.,-0.707106781186546,0.707106781186549));
#3102=DIRECTION('',(0.,0.707106781186549,0.707106781186546));
#3103=DIRECTION('center_axis',(0.,-0.707106781186546,0.707106781186549));
#3104=DIRECTION('ref_axis',(1.,0.,0.));
#3105=DIRECTION('',(0.,0.707106781186549,0.707106781186546));
#3106=DIRECTION('',(-1.,0.,0.));
#3107=DIRECTION('center_axis',(0.,1.,0.));
#3108=DIRECTION('ref_axis',(0.,0.,1.));
#3109=DIRECTION('',(1.,0.,0.));
#3110=DIRECTION('',(-0.577350269189619,0.,-0.816496580927731));
#3111=DIRECTION('',(-0.577350269189628,0.,0.816496580927725));
#3112=DIRECTION('center_axis',(0.707106781186549,0.5,0.499999999999998));
#3113=DIRECTION('ref_axis',(0.577350269189624,0.,-0.816496580927727));
#3114=DIRECTION('',(0.,0.707106781186546,-0.707106781186549));
#3115=DIRECTION('',(-0.577350269189628,0.816496580927725,0.));
#3116=DIRECTION('',(0.,-0.707106781186546,0.707106781186549));
#3117=DIRECTION('center_axis',(0.,0.,1.));
#3118=DIRECTION('ref_axis',(1.,0.,0.));
#3119=DIRECTION('',(-1.,0.,0.));
#3120=DIRECTION('',(1.,0.,0.));
#3121=DIRECTION('',(0.577350269189619,0.816496580927731,0.));
#3122=DIRECTION('center_axis',(-0.707106781186557,0.499999999999995,0.499999999999993));
#3123=DIRECTION('ref_axis',(0.577350269189615,0.,0.816496580927734));
#3124=DIRECTION('',(0.,0.707106781186546,-0.707106781186549));
#3125=DIRECTION('center_axis',(-1.,0.,0.));
#3126=DIRECTION('ref_axis',(0.,-0.707106781186546,0.707106781186549));
#3127=DIRECTION('',(0.,0.707106781186549,0.707106781186546));
#3128=DIRECTION('center_axis',(0.,-0.707106781186549,-0.707106781186546));
#3129=DIRECTION('ref_axis',(0.,0.707106781186546,-0.707106781186549));
#3130=DIRECTION('',(1.,0.,0.));
#3131=DIRECTION('',(0.,0.707106781186546,-0.707106781186549));
#3132=DIRECTION('',(1.,0.,0.));
#3133=DIRECTION('',(0.362687811942553,-0.658960374783006,0.658960374783009));
#3134=DIRECTION('',(-1.,0.,0.));
#3135=DIRECTION('',(0.,0.707106781186546,-0.707106781186549));
#3136=DIRECTION('',(0.,0.707106781186546,-0.707106781186549));
#3137=DIRECTION('',(1.,0.,0.));
#3138=DIRECTION('',(0.,-0.707106781186546,0.707106781186549));
#3139=DIRECTION('',(-1.,0.,0.));
#3140=DIRECTION('center_axis',(-0.707106781186557,0.499999999999995,0.499999999999993));
#3141=DIRECTION('ref_axis',(0.577350269189615,0.,0.816496580927734));
#3142=DIRECTION('',(-0.57735026918961,-0.816496580927737,1.2819751242557E-14));
#3143=DIRECTION('',(0.577350269189619,6.40987562127861E-15,0.816496580927731));
#3144=DIRECTION('center_axis',(0.,1.,-7.8504622934189E-15));
#3145=DIRECTION('ref_axis',(0.,7.8504622934189E-15,1.));
#3146=DIRECTION('',(-1.,0.,0.));
#3147=DIRECTION('',(-0.577350269189636,6.40987562127851E-15,0.816496580927719));
#3148=DIRECTION('center_axis',(0.707106781186541,0.500000000000006,0.500000000000004));
#3149=DIRECTION('ref_axis',(0.577350269189632,0.,-0.816496580927721));
#3150=DIRECTION('',(0.,0.707106781186546,-0.707106781186549));
#3151=DIRECTION('',(-0.577350269189627,0.816496580927725,-1.28197512425568E-14));
#3152=DIRECTION('center_axis',(0.,1.57009245868374E-14,1.));
#3153=DIRECTION('ref_axis',(1.,0.,0.));
#3154=DIRECTION('center_axis',(0.,-0.707106781186546,0.707106781186549));
#3155=DIRECTION('ref_axis',(1.,0.,0.));
#3156=DIRECTION('',(0.,0.707106781186549,0.707106781186546));
#3157=DIRECTION('center_axis',(0.,0.707106781186546,-0.707106781186549));
#3158=DIRECTION('ref_axis',(-1.,0.,0.));
#3159=DIRECTION('center_axis',(-1.,0.,0.));
#3160=DIRECTION('ref_axis',(0.,-0.707106781186546,0.707106781186549));
#3161=DIRECTION('center_axis',(0.,0.,1.));
#3162=DIRECTION('ref_axis',(1.,0.,0.));
#3163=DIRECTION('center_axis',(0.,0.707106781186549,0.707106781186546));
#3164=DIRECTION('ref_axis',(0.,0.707106781186546,-0.707106781186549));
#3165=DIRECTION('',(0.,0.,1.));
#3166=DIRECTION('center_axis',(0.,0.,1.));
#3167=DIRECTION('ref_axis',(1.,0.,0.));
#3168=DIRECTION('center_axis',(0.,0.,-1.));
#3169=DIRECTION('ref_axis',(1.,0.,0.));
#3170=DIRECTION('center_axis',(0.,0.,-1.));
#3171=DIRECTION('ref_axis',(-1.,0.,0.));
#3172=DIRECTION('center_axis',(0.,0.,1.));
#3173=DIRECTION('ref_axis',(1.,0.,0.));
#3174=DIRECTION('center_axis',(0.,-0.707106781186548,0.707106781186547));
#3175=DIRECTION('ref_axis',(0.,0.707106781186547,0.707106781186548));
#3176=DIRECTION('',(0.,0.,1.));
#3177=DIRECTION('center_axis',(0.,0.,1.));
#3178=DIRECTION('ref_axis',(1.,0.,0.));
#3179=DIRECTION('center_axis',(0.,0.,-1.));
#3180=DIRECTION('ref_axis',(1.,0.,0.));
#3181=DIRECTION('center_axis',(0.,0.,-1.));
#3182=DIRECTION('ref_axis',(-1.,0.,0.));
#3183=DIRECTION('center_axis',(0.,0.,1.));
#3184=DIRECTION('ref_axis',(1.,0.,0.));
#3185=DIRECTION('',(0.,0.,1.));
#3186=DIRECTION('center_axis',(0.,0.,1.));
#3187=DIRECTION('ref_axis',(1.,0.,0.));
#3188=DIRECTION('center_axis',(0.,0.,-1.));
#3189=DIRECTION('ref_axis',(1.,0.,0.));
#3190=DIRECTION('center_axis',(0.,0.,-1.));
#3191=DIRECTION('ref_axis',(-1.,0.,0.));
#3192=DIRECTION('center_axis',(0.,0.,1.));
#3193=DIRECTION('ref_axis',(1.,0.,0.));
#3194=DIRECTION('center_axis',(0.,-0.707106781186548,0.707106781186547));
#3195=DIRECTION('ref_axis',(0.,0.707106781186547,0.707106781186548));
#3196=DIRECTION('center_axis',(0.,-0.707106781186548,0.707106781186547));
#3197=DIRECTION('ref_axis',(0.,0.707106781186547,0.707106781186548));
#3198=DIRECTION('',(0.,0.,1.));
#3199=DIRECTION('center_axis',(0.,0.,1.));
#3200=DIRECTION('ref_axis',(1.,0.,0.));
#3201=DIRECTION('center_axis',(0.,0.,-1.));
#3202=DIRECTION('ref_axis',(1.,0.,0.));
#3203=DIRECTION('center_axis',(0.,0.,-1.));
#3204=DIRECTION('ref_axis',(-1.,0.,0.));
#3205=DIRECTION('center_axis',(0.,0.707106781186546,-0.707106781186549));
#3206=DIRECTION('ref_axis',(-0.707106781186548,-0.500000000000001,-0.499999999999999));
#3207=DIRECTION('',(0.,-0.707106781186546,0.707106781186549));
#3208=DIRECTION('center_axis',(0.,-0.707106781186546,0.707106781186549));
#3209=DIRECTION('ref_axis',(0.,-0.707106781186549,-0.707106781186546));
#3210=DIRECTION('',(0.,0.707106781186546,-0.707106781186549));
#3211=DIRECTION('center_axis',(0.,0.707106781186546,-0.707106781186549));
#3212=DIRECTION('ref_axis',(-1.,0.,0.));
#3213=DIRECTION('',(0.,-0.707106781186546,0.707106781186549));
#3214=DIRECTION('center_axis',(0.,0.707106781186547,0.707106781186548));
#3215=DIRECTION('ref_axis',(-0.707106781186547,0.500000000000002,-0.499999999999999));
#3216=DIRECTION('',(0.,-0.707106781186547,-0.707106781186548));
#3217=DIRECTION('center_axis',(4.71027737605133E-15,-0.707106781186548,
-0.707106781186548));
#3218=DIRECTION('ref_axis',(0.,0.707106781186548,-0.707106781186548));
#3219=DIRECTION('',(0.,0.707106781186547,0.707106781186548));
#3220=DIRECTION('center_axis',(0.,0.70710678118655,0.707106781186545));
#3221=DIRECTION('ref_axis',(-1.,0.,0.));
#3222=DIRECTION('',(0.,-0.707106781186547,-0.707106781186548));
#3223=DIRECTION('center_axis',(0.,-0.707106781186546,0.707106781186549));
#3224=DIRECTION('ref_axis',(0.70710678118655,-0.499999999999999,-0.499999999999998));
#3225=DIRECTION('center_axis',(0.,0.707106781186546,-0.707106781186549));
#3226=DIRECTION('ref_axis',(0.,-0.707106781186549,-0.707106781186546));
#3227=DIRECTION('',(0.,-0.707106781186546,0.707106781186549));
#3228=DIRECTION('center_axis',(0.,-0.707106781186546,0.707106781186549));
#3229=DIRECTION('ref_axis',(1.,0.,0.));
#3230=DIRECTION('center_axis',(0.,-0.707106781186547,-0.707106781186548));
#3231=DIRECTION('ref_axis',(0.707106781186546,0.500000000000003,-0.5));
#3232=DIRECTION('',(0.,0.707106781186547,0.707106781186548));
#3233=DIRECTION('center_axis',(-2.35513868802567E-15,0.707106781186548,
0.707106781186548));
#3234=DIRECTION('ref_axis',(0.,0.707106781186548,-0.707106781186548));
#3235=DIRECTION('',(0.,-0.707106781186547,-0.707106781186548));
#3236=DIRECTION('center_axis',(0.,-0.707106781186548,-0.707106781186548));
#3237=DIRECTION('ref_axis',(1.,0.,0.));
#3238=DIRECTION('',(0.,0.707106781186547,0.707106781186548));
#3239=DIRECTION('center_axis',(0.,0.,-1.));
#3240=DIRECTION('ref_axis',(-1.,0.,0.));
#3241=DIRECTION('center_axis',(0.,0.,-1.));
#3242=DIRECTION('ref_axis',(-1.,0.,0.));
#3243=DIRECTION('',(0.,0.,-1.));
#3244=DIRECTION('center_axis',(0.,0.,-1.));
#3245=DIRECTION('ref_axis',(-1.,0.,0.));
#3246=DIRECTION('center_axis',(0.,0.,-1.));
#3247=DIRECTION('ref_axis',(-1.,0.,0.));
#3248=DIRECTION('',(0.,0.,-1.));
#3249=DIRECTION('center_axis',(0.,0.,-1.));
#3250=DIRECTION('ref_axis',(-1.,0.,0.));
#3251=DIRECTION('center_axis',(0.,0.,-1.));
#3252=DIRECTION('ref_axis',(-1.,0.,0.));
#3253=DIRECTION('',(0.,0.,-1.));
#3254=DIRECTION('center_axis',(0.,0.,-1.));
#3255=DIRECTION('ref_axis',(-1.,0.,0.));
#3256=DIRECTION('center_axis',(0.,0.,-1.));
#3257=DIRECTION('ref_axis',(-1.,0.,0.));
#3258=DIRECTION('',(0.,0.,-1.));
#3259=DIRECTION('center_axis',(0.,1.,0.));
#3260=DIRECTION('ref_axis',(1.,0.,0.));
#3261=DIRECTION('',(0.,0.,-1.));
#3262=DIRECTION('',(1.,0.,0.));
#3263=DIRECTION('',(0.,0.,1.));
#3264=DIRECTION('center_axis',(-1.,0.,0.));
#3265=DIRECTION('ref_axis',(0.,1.,0.));
#3266=DIRECTION('',(0.,0.,-1.));
#3267=DIRECTION('',(0.,1.,0.));
#3268=DIRECTION('center_axis',(1.,0.,0.));
#3269=DIRECTION('ref_axis',(0.,0.,-1.));
#3270=DIRECTION('',(0.,-1.,0.));
#3271=DIRECTION('',(0.,0.,-1.));
#3272=DIRECTION('',(0.,0.707106781186547,0.707106781186548));
#3273=DIRECTION('',(0.,1.,1.34380857377199E-15));
#3274=DIRECTION('center_axis',(0.,1.,0.));
#3275=DIRECTION('ref_axis',(1.,0.,0.));
#3276=DIRECTION('',(1.,0.,0.));
#3277=DIRECTION('',(0.,0.,-1.));
#3278=DIRECTION('',(1.,0.,0.));
#3279=DIRECTION('',(0.,0.,-1.));
#3280=DIRECTION('center_axis',(0.,-0.707106781186549,-0.707106781186546));
#3281=DIRECTION('ref_axis',(0.,0.707106781186546,-0.707106781186549));
#3282=DIRECTION('',(-1.,0.,0.));
#3283=DIRECTION('',(0.362687811942553,0.658960374783006,-0.658960374783009));
#3284=DIRECTION('',(1.,0.,0.));
#3285=DIRECTION('center_axis',(0.707106781186538,-0.500000000000007,0.500000000000007));
#3286=DIRECTION('ref_axis',(0.577350269189636,0.,-0.816496580927719));
#3287=DIRECTION('',(0.,0.707106781186547,0.707106781186548));
#3288=DIRECTION('',(0.707106781186557,0.499999999999993,-0.499999999999993));
#3289=DIRECTION('',(0.,-0.707106781186547,-0.707106781186548));
#3290=DIRECTION('',(0.577350269189624,0.816496580927727,3.84592537276712E-14));
#3291=DIRECTION('center_axis',(0.,-4.71027737605131E-14,1.));
#3292=DIRECTION('ref_axis',(1.,0.,0.));
#3293=DIRECTION('',(1.,0.,0.));
#3294=DIRECTION('',(-0.577350269189624,0.816496580927727,3.84592537276712E-14));
#3295=DIRECTION('',(-1.,0.,0.));
#3296=DIRECTION('center_axis',(-0.707106781186532,-0.500000000000011,0.500000000000011));
#3297=DIRECTION('ref_axis',(0.577350269189642,0.,0.816496580927714));
#3298=DIRECTION('',(0.,0.707106781186547,0.707106781186548));
#3299=DIRECTION('',(0.707106781186563,-0.499999999999989,0.499999999999989));
#3300=DIRECTION('',(0.,-0.707106781186547,-0.707106781186548));
#3301=DIRECTION('center_axis',(-1.,0.,0.));
#3302=DIRECTION('ref_axis',(0.,0.707106781186547,0.707106781186548));
#3303=DIRECTION('',(0.,0.707106781186548,-0.707106781186548));
#3304=DIRECTION('',(0.,-0.707106781186547,-0.707106781186548));
#3305=DIRECTION('',(0.,0.707106781186548,-0.707106781186548));
#3306=DIRECTION('center_axis',(0.,-0.707106781186548,-0.707106781186548));
#3307=DIRECTION('ref_axis',(-1.,0.,0.));
#3308=DIRECTION('',(0.,0.707106781186548,-0.707106781186548));
#3309=DIRECTION('',(1.,0.,0.));
#3310=DIRECTION('center_axis',(1.,0.,0.));
#3311=DIRECTION('ref_axis',(0.,-0.707106781186547,-0.707106781186548));
#3312=DIRECTION('',(0.,0.707106781186548,-0.707106781186548));
#3313=DIRECTION('',(0.,0.707106781186547,0.707106781186548));
#3314=DIRECTION('center_axis',(0.,0.707106781186548,0.707106781186548));
#3315=DIRECTION('ref_axis',(1.,0.,0.));
#3316=DIRECTION('',(-1.,0.,0.));
#3317=DIRECTION('',(1.,0.,0.));
#3318=DIRECTION('',(-1.,0.,0.));
#3319=DIRECTION('center_axis',(0.,0.707106781186548,-0.707106781186547));
#3320=DIRECTION('ref_axis',(0.,0.707106781186547,0.707106781186548));
#3321=DIRECTION('',(-1.,0.,0.));
#3322=DIRECTION('',(0.,0.707106781186547,0.707106781186548));
#3323=DIRECTION('',(-1.,0.,0.));
#3324=DIRECTION('',(0.361886816564667,-0.65918052610673,-0.65918052610673));
#3325=DIRECTION('',(-1.,0.,0.));
#3326=DIRECTION('',(0.,-0.707106781186547,-0.707106781186548));
#3327=DIRECTION('center_axis',(0.,-1.,0.));
#3328=DIRECTION('ref_axis',(-1.,0.,0.));
#3329=DIRECTION('',(0.,0.,-1.));
#3330=DIRECTION('',(1.,0.,0.));
#3331=DIRECTION('',(0.,0.,1.));
#3332=DIRECTION('center_axis',(0.,0.707106781186548,-0.707106781186547));
#3333=DIRECTION('ref_axis',(0.,0.707106781186547,0.707106781186548));
#3334=DIRECTION('',(-1.,0.,0.));
#3335=DIRECTION('',(-0.361886816564667,0.65918052610673,0.65918052610673));
#3336=DIRECTION('',(1.,0.,0.));
#3337=DIRECTION('center_axis',(-1.,0.,0.));
#3338=DIRECTION('ref_axis',(0.,0.,1.));
#3339=DIRECTION('',(0.,0.707106781186546,-0.707106781186549));
#3340=DIRECTION('',(0.,1.,1.34380857377199E-15));
#3341=DIRECTION('',(0.,1.,0.));
#3342=DIRECTION('',(0.,0.,1.));
#3343=DIRECTION('',(0.,0.707106781186548,-0.707106781186547));
#3344=DIRECTION('',(0.,1.,0.));
#3345=DIRECTION('',(0.,0.707106781186547,0.707106781186548));
#3346=DIRECTION('',(0.,0.,1.));
#3347=DIRECTION('',(0.,1.,0.));
#3348=DIRECTION('center_axis',(-1.,0.,0.));
#3349=DIRECTION('ref_axis',(0.,1.,0.));
#3350=DIRECTION('',(0.,0.707106781186547,0.707106781186548));
#3351=DIRECTION('',(0.,0.,-1.));
#3352=DIRECTION('',(0.,-1.,0.));
#3353=DIRECTION('',(0.,-1.45842105041072E-15,1.));
#3354=DIRECTION('center_axis',(0.,-1.,0.));
#3355=DIRECTION('ref_axis',(-1.,0.,0.));
#3356=DIRECTION('',(-1.,0.,0.));
#3357=DIRECTION('',(1.,0.,0.));
#3358=DIRECTION('center_axis',(0.,0.707106781186548,-0.707106781186547));
#3359=DIRECTION('ref_axis',(0.,0.707106781186547,0.707106781186548));
#3360=DIRECTION('',(1.,0.,0.));
#3361=DIRECTION('',(-0.363451735588678,-0.658749890283701,-0.658749890283702));
#3362=DIRECTION('',(-1.,0.,0.));
#3363=DIRECTION('center_axis',(0.,1.1102230246252E-15,-1.));
#3364=DIRECTION('ref_axis',(1.,0.,0.));
#3365=DIRECTION('center_axis',(0.,1.34380857377199E-15,-1.));
#3366=DIRECTION('ref_axis',(1.,0.,0.));
#3367=DIRECTION('',(0.707106781186562,-8.71641834965453E-16,0.707106781186533));
#3368=DIRECTION('center_axis',(0.,-1.34380857377199E-15,1.));
#3369=DIRECTION('ref_axis',(1.,0.,0.));
#3370=DIRECTION('center_axis',(0.,0.,-1.));
#3371=DIRECTION('ref_axis',(1.,0.,0.));
#3372=DIRECTION('center_axis',(0.,1.34380857377199E-15,-1.));
#3373=DIRECTION('ref_axis',(1.,0.,0.));
#3374=DIRECTION('',(0.,0.,-1.));
#3375=DIRECTION('center_axis',(0.,1.34380857377199E-15,-1.));
#3376=DIRECTION('ref_axis',(0.,1.,1.34380857377199E-15));
#3377=DIRECTION('',(-0.481242240933735,0.876587648521856,1.1779659977463E-15));
#3378=DIRECTION('center_axis',(0.,1.34380857377199E-15,-1.));
#3379=DIRECTION('ref_axis',(-0.00104938161490542,-0.999999449398962,-1.3438078338696E-15));
#3380=DIRECTION('',(-0.483080929955572,-0.87557570495832,-1.17660613930945E-15));
#3381=DIRECTION('',(-1.,0.,0.));
#3382=DIRECTION('',(0.,1.,1.34380857377199E-15));
#3383=DIRECTION('',(1.,0.,0.));
#3384=DIRECTION('',(0.482183709660471,-0.876070128550258,-1.17727054997137E-15));
#3385=DIRECTION('center_axis',(0.,1.34380857377199E-15,-1.));
#3386=DIRECTION('ref_axis',(-5.55111512312578E-16,1.,1.34380857377199E-15));
#3387=DIRECTION('',(0.482183709660472,0.876070128550258,1.17727054997137E-15));
#3388=DIRECTION('',(1.,0.,0.));
#3389=DIRECTION('',(0.,-1.,-1.34380857377199E-15));
#3390=DIRECTION('',(-1.,0.,0.));
#3391=DIRECTION('center_axis',(0.,0.707106781186547,0.707106781186548));
#3392=DIRECTION('ref_axis',(1.,0.,0.));
#3393=DIRECTION('',(0.,-0.707106781186548,0.707106781186547));
#3394=DIRECTION('',(1.,0.,0.));
#3395=DIRECTION('',(-1.,0.,0.));
#3396=DIRECTION('center_axis',(0.,0.,1.));
#3397=DIRECTION('ref_axis',(1.,0.,0.));
#3398=DIRECTION('',(0.,-1.,0.));
#3399=DIRECTION('',(-1.,0.,0.));
#3400=DIRECTION('center_axis',(-1.,0.,0.));
#3401=DIRECTION('ref_axis',(0.,0.,1.));
#3402=DIRECTION('',(0.,0.,1.));
#3403=DIRECTION('',(0.,-1.,0.));
#3404=DIRECTION('',(0.,-1.45842105041072E-15,1.));
#3405=DIRECTION('',(0.,1.,1.34380857377199E-15));
#3406=DIRECTION('',(0.,0.,-1.));
#3407=DIRECTION('',(0.,-1.,0.));
#3408=DIRECTION('',(0.,0.,1.));
#3409=DIRECTION('',(0.,-0.707106781186547,-0.707106781186548));
#3410=DIRECTION('center_axis',(0.,-0.707106781186548,0.707106781186547));
#3411=DIRECTION('ref_axis',(1.,0.,0.));
#3412=DIRECTION('',(1.,0.,0.));
#3413=DIRECTION('center_axis',(0.,-1.,0.));
#3414=DIRECTION('ref_axis',(1.,0.,0.));
#3415=DIRECTION('',(-1.,0.,0.));
#3416=DIRECTION('center_axis',(0.,1.,0.));
#3417=DIRECTION('ref_axis',(-1.,0.,0.));
#3418=DIRECTION('',(1.,0.,0.));
#3419=DIRECTION('center_axis',(0.,0.,1.));
#3420=DIRECTION('ref_axis',(0.,-1.,0.));
#3421=DIRECTION('center_axis',(0.,0.,-1.));
#3422=DIRECTION('ref_axis',(-0.707106781186547,-0.707106781186548,0.));
#3423=DIRECTION('',(1.,0.,0.));
#3424=DIRECTION('center_axis',(0.,0.,-1.));
#3425=DIRECTION('ref_axis',(0.508830173210831,-0.860866920511083,0.));
#3426=DIRECTION('',(0.482183709660472,0.876070128550258,0.));
#3427=DIRECTION('',(-1.,-4.38606627012408E-16,0.));
#3428=DIRECTION('',(0.,-1.,0.));
#3429=DIRECTION('center_axis',(0.,0.,1.));
#3430=DIRECTION('ref_axis',(0.,-1.,0.));
#3431=DIRECTION('',(0.,1.,0.));
#3432=DIRECTION('',(1.,-2.19303313506204E-16,0.));
#3433=DIRECTION('',(-0.481242240933735,0.876587648521856,0.));
#3434=DIRECTION('center_axis',(0.,0.,-1.));
#3435=DIRECTION('ref_axis',(0.509292528448171,0.860593469918793,1.29006675443391E-15));
#3436=DIRECTION('',(1.,0.,0.));
#3437=DIRECTION('center_axis',(0.,0.,-1.));
#3438=DIRECTION('ref_axis',(-0.707106781186549,0.707106781186546,1.57009245868378E-15));
#3439=DIRECTION('center_axis',(0.,0.,-1.));
#3440=DIRECTION('ref_axis',(-1.,0.,0.));
#3441=DIRECTION('center_axis',(0.,1.34380857377199E-15,-1.));
#3442=DIRECTION('ref_axis',(-1.,0.,0.));
#3443=DIRECTION('',(0.,0.,1.));
#3444=DIRECTION('center_axis',(0.,0.,1.));
#3445=DIRECTION('ref_axis',(-1.,0.,0.));
#3446=DIRECTION('center_axis',(0.,0.,1.));
#3447=DIRECTION('ref_axis',(-1.,0.,0.));
#3448=DIRECTION('center_axis',(0.,0.,-1.));
#3449=DIRECTION('ref_axis',(-1.,0.,0.));
#3450=DIRECTION('center_axis',(0.,1.34380857377199E-15,-1.));
#3451=DIRECTION('ref_axis',(-1.,0.,0.));
#3452=DIRECTION('',(0.,0.,1.));
#3453=DIRECTION('center_axis',(0.,0.,1.));
#3454=DIRECTION('ref_axis',(-1.,0.,0.));
#3455=DIRECTION('center_axis',(0.,0.,1.));
#3456=DIRECTION('ref_axis',(-1.,0.,0.));
#3457=DIRECTION('center_axis',(0.,0.,-1.));
#3458=DIRECTION('ref_axis',(-1.,0.,0.));
#3459=DIRECTION('center_axis',(0.,1.34380857377199E-15,-1.));
#3460=DIRECTION('ref_axis',(-1.,0.,0.));
#3461=DIRECTION('',(0.,0.,1.));
#3462=DIRECTION('center_axis',(0.,0.,1.));
#3463=DIRECTION('ref_axis',(-1.,0.,0.));
#3464=DIRECTION('center_axis',(0.,0.,1.));
#3465=DIRECTION('ref_axis',(-1.,0.,0.));
#3466=DIRECTION('center_axis',(0.,0.,-1.));
#3467=DIRECTION('ref_axis',(-1.,0.,0.));
#3468=DIRECTION('center_axis',(0.,1.34380857377199E-15,-1.));
#3469=DIRECTION('ref_axis',(-1.,0.,0.));
#3470=DIRECTION('',(0.,0.,1.));
#3471=DIRECTION('center_axis',(0.,0.,1.));
#3472=DIRECTION('ref_axis',(-1.,0.,0.));
#3473=DIRECTION('center_axis',(0.,0.,1.));
#3474=DIRECTION('ref_axis',(-1.,0.,0.));
#3475=DIRECTION('center_axis',(4.38606627012408E-16,-1.,0.));
#3476=DIRECTION('ref_axis',(-1.,-4.38606627012408E-16,0.));
#3477=DIRECTION('',(0.,0.,-1.));
#3478=DIRECTION('',(-1.,-4.38606627012408E-16,0.));
#3479=DIRECTION('',(0.,0.,-1.));
#3480=DIRECTION('',(-1.,-4.38606627012408E-16,0.));
#3481=DIRECTION('center_axis',(4.38606627012408E-16,-1.,0.));
#3482=DIRECTION('ref_axis',(-1.,-4.38606627012408E-16,0.));
#3483=DIRECTION('',(0.,0.,1.));
#3484=DIRECTION('',(-1.,-4.38606627012408E-16,0.));
#3485=DIRECTION('',(0.,0.,-1.));
#3486=DIRECTION('center_axis',(1.,0.,0.));
#3487=DIRECTION('ref_axis',(0.,-1.,0.));
#3488=DIRECTION('',(0.,1.45842105041072E-15,-1.));
#3489=DIRECTION('',(0.,-1.,0.));
#3490=DIRECTION('',(0.,0.,-1.));
#3491=DIRECTION('',(0.,-1.,0.));
#3492=DIRECTION('center_axis',(0.,0.,-1.));
#3493=DIRECTION('ref_axis',(-1.,0.,0.));
#3494=DIRECTION('',(-1.,0.,0.));
#3495=DIRECTION('',(1.,-2.19303313506204E-16,0.));
#3496=DIRECTION('',(0.483080929955572,0.87557570495832,0.));
#3497=DIRECTION('center_axis',(0.,0.,1.));
#3498=DIRECTION('ref_axis',(-0.876587648521856,-0.481242240933735,0.));
#3499=DIRECTION('',(0.481242240933735,-0.876587648521856,0.));
#3500=DIRECTION('',(1.,-2.19303313506204E-16,0.));
#3501=DIRECTION('',(0.,1.,0.));
#3502=DIRECTION('',(-1.,0.,0.));
#3503=DIRECTION('',(-0.481242240933735,0.876587648521856,0.));
#3504=DIRECTION('center_axis',(0.,0.,-1.));
#3505=DIRECTION('ref_axis',(-0.876587648521856,-0.481242240933735,0.));
#3506=DIRECTION('',(-0.483080929955572,-0.87557570495832,0.));
#3507=DIRECTION('center_axis',(-1.,0.,0.));
#3508=DIRECTION('ref_axis',(0.,1.,0.));
#3509=DIRECTION('',(0.,0.,-1.));
#3510=DIRECTION('',(0.,1.45842105041072E-15,-1.));
#3511=DIRECTION('center_axis',(-1.,0.,0.));
#3512=DIRECTION('ref_axis',(0.,1.,0.));
#3513=DIRECTION('',(0.,1.,0.));
#3514=DIRECTION('',(0.,0.,1.));
#3515=DIRECTION('',(0.,-0.707106781186546,0.707106781186549));
#3516=DIRECTION('center_axis',(2.19303313506204E-16,1.,0.));
#3517=DIRECTION('ref_axis',(1.,-2.19303313506204E-16,0.));
#3518=DIRECTION('',(0.,0.,-1.));
#3519=DIRECTION('center_axis',(1.,0.,0.));
#3520=DIRECTION('ref_axis',(0.,-1.,0.));
#3521=DIRECTION('',(0.,0.,1.));
#3522=DIRECTION('',(0.,-1.,0.));
#3523=DIRECTION('',(0.,-1.,0.));
#3524=DIRECTION('center_axis',(2.19303313506204E-16,1.,0.));
#3525=DIRECTION('ref_axis',(1.,-2.19303313506204E-16,0.));
#3526=DIRECTION('',(0.,0.,1.));
#3527=DIRECTION('',(1.,-2.19303313506204E-16,0.));
#3528=DIRECTION('center_axis',(0.,0.,-1.));
#3529=DIRECTION('ref_axis',(-1.,0.,0.));
#3530=DIRECTION('',(-0.482183709660472,-0.876070128550258,0.));
#3531=DIRECTION('center_axis',(0.,0.,1.));
#3532=DIRECTION('ref_axis',(0.876070128550258,0.482183709660473,0.));
#3533=DIRECTION('',(-0.482183709660471,0.876070128550258,0.));
#3534=DIRECTION('',(1.,0.,0.));
#3535=DIRECTION('',(0.482183709660471,-0.876070128550258,0.));
#3536=DIRECTION('center_axis',(0.,0.,-1.));
#3537=DIRECTION('ref_axis',(0.876070128550258,0.482183709660473,0.));
#3538=DIRECTION('',(0.482183709660472,0.876070128550258,0.));
#3539=DIRECTION('',(1.,0.,0.));
#3540=DIRECTION('center_axis',(0.,-1.,0.));
#3541=DIRECTION('ref_axis',(0.,0.,-1.));
#3542=DIRECTION('',(0.,0.,1.));
#3543=DIRECTION('',(-1.,0.,0.));
#3544=DIRECTION('center_axis',(-0.876070128550258,0.482183709660472,0.));
#3545=DIRECTION('ref_axis',(0.482183709660472,0.876070128550258,0.));
#3546=DIRECTION('',(0.,0.,-1.));
#3547=DIRECTION('',(0.482183709660472,0.876070128550258,1.17727054997137E-15));
#3548=DIRECTION('',(0.362687811942553,0.658960374783006,-0.658960374783009));
#3549=DIRECTION('center_axis',(0.,0.,-1.));
#3550=DIRECTION('ref_axis',(0.876070128550258,0.482183709660473,0.));
#3551=DIRECTION('',(0.,0.,-1.));
#3552=DIRECTION('center_axis',(0.,1.34380857377199E-15,-1.));
#3553=DIRECTION('ref_axis',(0.876070128550258,0.482183709660473,0.));
#3554=DIRECTION('center_axis',(0.876070128550258,0.482183709660472,0.));
#3555=DIRECTION('ref_axis',(0.482183709660471,-0.876070128550258,0.));
#3556=DIRECTION('',(0.,0.,-1.));
#3557=DIRECTION('',(0.482183709660471,-0.876070128550258,-1.17727054997137E-15));
#3558=DIRECTION('center_axis',(0.,-1.,0.));
#3559=DIRECTION('ref_axis',(0.,0.,-1.));
#3560=DIRECTION('',(-1.,0.,0.));
#3561=DIRECTION('center_axis',(0.87557570495832,-0.483080929955572,0.));
#3562=DIRECTION('ref_axis',(-0.483080929955572,-0.87557570495832,0.));
#3563=DIRECTION('',(0.,0.,-1.));
#3564=DIRECTION('',(0.483080929955572,0.87557570495832,1.17660613930945E-15));
#3565=DIRECTION('',(0.363451735588678,0.658749890283701,0.658749890283702));
#3566=DIRECTION('',(8.04653890359748E-16,1.45842105041072E-15,-1.));
#3567=DIRECTION('center_axis',(0.,0.,-1.));
#3568=DIRECTION('ref_axis',(-0.876587648521856,-0.481242240933735,0.));
#3569=DIRECTION('',(0.,0.,-1.));
#3570=DIRECTION('center_axis',(0.,-1.34380857377199E-15,1.));
#3571=DIRECTION('ref_axis',(-0.876587648521856,-0.481242240933735,0.));
#3572=DIRECTION('center_axis',(-0.876587648521856,-0.481242240933735,0.));
#3573=DIRECTION('ref_axis',(-0.481242240933735,0.876587648521856,0.));
#3574=DIRECTION('',(-8.00665872611923E-16,1.45842105041072E-15,-1.));
#3575=DIRECTION('',(0.481242240933735,-0.876587648521856,-1.1779659977463E-15));
#3576=DIRECTION('center_axis',(0.,1.,1.45842105041072E-15));
#3577=DIRECTION('ref_axis',(0.,-1.45842105041072E-15,1.));
#3578=DIRECTION('center_axis',(0.,0.,1.));
#3579=DIRECTION('ref_axis',(0.,-1.,0.));
#3580=DIRECTION('',(0.482183709660471,-0.876070128550258,0.));
#3581=DIRECTION('center_axis',(0.,0.,-1.));
#3582=DIRECTION('ref_axis',(-0.50883017321083,-0.860866920511084,0.));
#3583=DIRECTION('',(1.,0.,0.));
#3584=DIRECTION('center_axis',(0.,0.,-1.));
#3585=DIRECTION('ref_axis',(0.707106781186549,-0.707106781186546,0.));
#3586=DIRECTION('',(0.,1.,0.));
#3587=DIRECTION('center_axis',(0.,0.,-1.));
#3588=DIRECTION('ref_axis',(0.707106781186551,0.707106781186544,1.57009245868377E-15));
#3589=DIRECTION('',(1.,0.,0.));
#3590=DIRECTION('center_axis',(0.,0.,-1.));
#3591=DIRECTION('ref_axis',(-0.508389157065936,0.861127438291097,1.28926680913615E-15));
#3592=DIRECTION('',(-0.483080929955572,-0.87557570495832,0.));
#3593=DIRECTION('',(1.,0.,0.));
#3594=DIRECTION('center_axis',(0.,1.34380857377199E-15,-1.));
#3595=DIRECTION('ref_axis',(0.,1.,1.34380857377199E-15));
#3596=DIRECTION('',(1.,0.,0.));
#3597=DIRECTION('',(-1.,0.,0.));
#3598=DIRECTION('center_axis',(0.,0.707106781186548,-0.707106781186547));
#3599=DIRECTION('ref_axis',(0.,0.707106781186547,0.707106781186548));
#3600=DIRECTION('',(-1.,0.,0.));
#3601=DIRECTION('center_axis',(0.,-0.707106781186549,-0.707106781186546));
#3602=DIRECTION('ref_axis',(0.,0.707106781186546,-0.707106781186549));
#3603=DIRECTION('center_axis',(0.,1.,1.45842105041072E-15));
#3604=DIRECTION('ref_axis',(0.,-1.45842105041072E-15,1.));
#3605=DIRECTION('center_axis',(0.,0.,1.));
#3606=DIRECTION('ref_axis',(1.,0.,0.));
#3607=DIRECTION('center_axis',(-1.,2.77555756156289E-16,2.77555756156288E-16));
#3608=DIRECTION('ref_axis',(0.,0.707106781186547,-0.707106781186548));
#3609=DIRECTION('center_axis',(-2.22044604925031E-15,1.11022302462516E-15,
-1.));
#3610=DIRECTION('ref_axis',(0.,1.,1.11022302462516E-15));
#3611=DIRECTION('center_axis',(0.,0.,1.));
#3612=DIRECTION('ref_axis',(1.,0.,0.));
#3613=DIRECTION('center_axis',(1.,2.17894099802631E-30,-1.96261557335472E-15));
#3614=DIRECTION('ref_axis',(0.,1.,1.11022302462516E-15));
#3615=DIRECTION('center_axis',(-4.26654826868077E-15,7.77156117237605E-15,
-1.));
#3616=DIRECTION('ref_axis',(0.876587648521855,0.481242240933737,0.));
#3617=DIRECTION('center_axis',(-0.361886816564661,0.659180526106732,0.659180526106732));
#3618=DIRECTION('ref_axis',(0.,0.707106781186548,-0.707106781186548));
#3619=DIRECTION('center_axis',(-8.00665872611923E-16,1.45842105041072E-15,
-1.));
#3620=DIRECTION('ref_axis',(0.509292528448171,0.860593469918793,1.29006675443391E-15));
#3621=DIRECTION('',(-8.00665872611923E-16,1.45842105041072E-15,-1.));
#3622=DIRECTION('',(8.00665872611923E-16,-1.45842105041072E-15,1.));
#3623=DIRECTION('center_axis',(-0.17011243967911,-0.941663177664662,-0.290400099340397));
#3624=DIRECTION('ref_axis',(-0.475963149477968,0.336556770590776,-0.812519920068746));
#3625=DIRECTION('center_axis',(0.,1.,4.44089209850062E-15));
#3626=DIRECTION('ref_axis',(-1.,0.,0.));
#3627=DIRECTION('center_axis',(-1.,-3.92523114670945E-16,0.));
#3628=DIRECTION('ref_axis',(0.,0.,-1.));
#3629=DIRECTION('center_axis',(0.,0.,1.));
#3630=DIRECTION('ref_axis',(1.,0.,0.));
#3631=DIRECTION('center_axis',(-1.,0.,0.));
#3632=DIRECTION('ref_axis',(0.,-1.,0.));
#3633=DIRECTION('center_axis',(0.,0.,-1.));
#3634=DIRECTION('ref_axis',(-1.,0.,0.));
#3635=DIRECTION('center_axis',(0.,0.,-1.));
#3636=DIRECTION('ref_axis',(-0.707106781186547,-0.707106781186548,0.));
#3637=DIRECTION('',(0.,0.,1.));
#3638=DIRECTION('center_axis',(0.,0.,1.));
#3639=DIRECTION('ref_axis',(1.,0.,0.));
#3640=DIRECTION('center_axis',(5.68451093550106E-15,1.11022302462515E-15,
-1.));
#3641=DIRECTION('ref_axis',(0.,1.,1.11022302462515E-15));
#3642=DIRECTION('center_axis',(-1.,0.,0.));
#3643=DIRECTION('ref_axis',(0.,0.707106781186547,-0.707106781186548));
#3644=DIRECTION('center_axis',(0.363451735588675,0.658749890283698,0.658749890283707));
#3645=DIRECTION('ref_axis',(-0.875575704958321,0.483080929955571,0.));
#3646=DIRECTION('center_axis',(0.24049035959893,-0.85018836316826,-0.468341898695015));
#3647=DIRECTION('ref_axis',(0.388357843599998,0.526478629322478,-0.756305783516881));
#3648=DIRECTION('center_axis',(1.,-1.11022302462515E-15,-1.11022302462516E-15));
#3649=DIRECTION('ref_axis',(0.,0.707106781186549,-0.707106781186546));
#3650=DIRECTION('center_axis',(0.361886816564668,-0.65918052610673,-0.65918052610673));
#3651=DIRECTION('ref_axis',(0.876587648521855,0.481242240933736,0.));
#3652=DIRECTION('center_axis',(-0.481242240933736,0.876587648521855,0.));
#3653=DIRECTION('ref_axis',(0.,0.,-1.));
#3654=DIRECTION('center_axis',(0.361886816564667,-0.65918052610673,-0.65918052610673));
#3655=DIRECTION('ref_axis',(0.535403266977116,0.725821256807724,-0.431887537301423));
#3656=DIRECTION('',(0.361886816564667,-0.65918052610673,-0.65918052610673));
#3657=DIRECTION('center_axis',(0.,0.,1.));
#3658=DIRECTION('ref_axis',(1.,0.,0.));
#3659=DIRECTION('center_axis',(1.,0.,0.));
#3660=DIRECTION('ref_axis',(0.,-0.707106781186549,-0.707106781186546));
#3661=DIRECTION('center_axis',(-0.362687811942553,-0.658960374783008,0.658960374783007));
#3662=DIRECTION('ref_axis',(0.876070128550259,-0.482183709660471,0.));
#3663=DIRECTION('center_axis',(2.53455285928395E-15,0.,-1.));
#3664=DIRECTION('ref_axis',(0.,-1.,0.));
#3665=DIRECTION('center_axis',(0.170112439679112,-0.941663177664661,0.290400099340399));
#3666=DIRECTION('ref_axis',(-0.475963149477968,-0.336556770590778,-0.812519920068745));
#3667=DIRECTION('center_axis',(-1.,0.,0.));
#3668=DIRECTION('ref_axis',(0.,-0.707106781186549,-0.707106781186546));
#3669=DIRECTION('center_axis',(-1.11022302462516E-15,-1.,-2.22044604925031E-15));
#3670=DIRECTION('ref_axis',(0.,2.22044604925031E-15,-1.));
#3671=DIRECTION('center_axis',(0.,1.,1.34380857377199E-15));
#3672=DIRECTION('ref_axis',(-0.707106781186547,9.81307786677359E-16,-0.707106781186548));
#3673=DIRECTION('center_axis',(0.,0.,1.));
#3674=DIRECTION('ref_axis',(1.,0.,0.));
#3675=DIRECTION('center_axis',(1.,-6.97261119368419E-30,6.2803698347351E-15));
#3676=DIRECTION('ref_axis',(0.,1.,1.11022302462516E-15));
#3677=DIRECTION('center_axis',(0.,1.11022302462516E-15,-1.));
#3678=DIRECTION('ref_axis',(1.,0.,0.));
#3679=DIRECTION('center_axis',(0.,1.45842105041072E-15,-1.));
#3680=DIRECTION('ref_axis',(0.707106781186551,0.707106781186544,1.57009245868377E-15));
#3681=DIRECTION('',(0.,1.45842105041072E-15,-1.));
#3682=DIRECTION('',(0.,-1.45842105041072E-15,1.));
#3683=DIRECTION('center_axis',(-0.240580959146684,-0.849766840278365,-0.469059824819165));
#3684=DIRECTION('ref_axis',(-0.387810565068158,0.527158721035062,-0.756112854313556));
#3685=DIRECTION('center_axis',(-0.363451735588672,-0.658749890283703,-0.658749890283703));
#3686=DIRECTION('ref_axis',(0.,0.707106781186548,-0.707106781186548));
#3687=DIRECTION('center_axis',(-1.,0.,0.));
#3688=DIRECTION('ref_axis',(0.,0.,-1.));
#3689=DIRECTION('center_axis',(0.483080929955572,0.87557570495832,6.03364751456455E-15));
#3690=DIRECTION('ref_axis',(-0.87557570495832,0.483080929955572,0.));
#3691=DIRECTION('center_axis',(-0.24053699464903,-0.849972599586886,0.46870943467859));
#3692=DIRECTION('ref_axis',(0.388077859351396,-0.526826897520913,-0.756206979027387));
#3693=DIRECTION('center_axis',(0.362687811942555,0.658960374783007,-0.658960374783008));
#3694=DIRECTION('ref_axis',(0.,-0.707106781186548,-0.707106781186547));
#3695=DIRECTION('center_axis',(1.,0.,0.));
#3696=DIRECTION('ref_axis',(0.,1.11022302462516E-15,-1.));
#3697=DIRECTION('center_axis',(-0.482183709660472,-0.876070128550258,5.05922550996536E-15));
#3698=DIRECTION('ref_axis',(0.876070128550258,-0.482183709660472,0.));
#3699=DIRECTION('center_axis',(-1.,0.,0.));
#3700=DIRECTION('ref_axis',(0.,-0.38268343236509,-0.923879532511287));
#3701=DIRECTION('center_axis',(0.,0.,1.));
#3702=DIRECTION('ref_axis',(1.,0.,0.));
#3703=DIRECTION('center_axis',(0.362687811942559,-0.658960374783005,0.658960374783007));
#3704=DIRECTION('ref_axis',(0.,-0.707106781186549,-0.707106781186546));
#3705=DIRECTION('center_axis',(-1.,0.,6.28036983473511E-15));
#3706=DIRECTION('ref_axis',(0.,-1.,0.));
#3707=DIRECTION('center_axis',(-2.44424020004018E-15,4.44089209850062E-15,
-1.));
#3708=DIRECTION('ref_axis',(-0.876070128550258,-0.482183709660471,0.));
#3709=DIRECTION('center_axis',(0.170112439679109,-0.941663177664661,-0.2904000993404));
#3710=DIRECTION('ref_axis',(0.475963149477964,0.336556770590776,-0.812519920068748));
#3711=DIRECTION('center_axis',(1.,-4.44089209850062E-15,-4.44089209850063E-15));
#3712=DIRECTION('ref_axis',(0.,0.707106781186549,-0.707106781186546));
#3713=DIRECTION('center_axis',(-4.44089209850062E-15,1.,4.44089209850062E-15));
#3714=DIRECTION('ref_axis',(0.,4.44089209850062E-15,-1.));
#3715=DIRECTION('center_axis',(0.,0.,1.));
#3716=DIRECTION('ref_axis',(1.,0.,0.));
#3717=DIRECTION('center_axis',(1.,0.,0.));
#3718=DIRECTION('ref_axis',(0.,-0.707106781186549,-0.707106781186546));
#3719=DIRECTION('center_axis',(0.,0.,-1.));
#3720=DIRECTION('ref_axis',(0.,-1.,0.));
#3721=DIRECTION('center_axis',(0.24053699464903,-0.849972599586887,0.468709434678589));
#3722=DIRECTION('ref_axis',(-0.388077859351398,-0.526826897520913,-0.756206979027387));
#3723=DIRECTION('center_axis',(-0.362687811942553,0.658960374783006,-0.658960374783009));
#3724=DIRECTION('ref_axis',(-0.876070128550258,-0.482183709660472,0.));
#3725=DIRECTION('center_axis',(0.48218370966047,-0.876070128550259,-9.72633227902818E-16));
#3726=DIRECTION('ref_axis',(0.,1.11022302462516E-15,-1.));
#3727=DIRECTION('center_axis',(-1.,2.2204460492503E-15,-2.22044604925031E-15));
#3728=DIRECTION('ref_axis',(0.,-0.707106781186549,-0.707106781186546));
#3729=DIRECTION('center_axis',(-0.482183709660472,0.876070128550258,1.17727054997137E-15));
#3730=DIRECTION('ref_axis',(-0.619475128692857,-0.340955370878604,-0.707106781186548));
#3731=DIRECTION('center_axis',(0.482183709660471,-0.876070128550258,-9.72633227902817E-16));
#3732=DIRECTION('ref_axis',(-0.876070128550258,-0.482183709660472,0.));
#3733=DIRECTION('',(-0.482183709660471,0.876070128550258,1.17727054997137E-15));
#3734=DIRECTION('center_axis',(0.,-1.34380857377199E-15,1.));
#3735=DIRECTION('ref_axis',(1.,0.,0.));
#3736=DIRECTION('center_axis',(0.482183709660472,0.876070128550258,9.72633227902816E-16));
#3737=DIRECTION('ref_axis',(0.876070128550258,-0.482183709660472,0.));
#3738=DIRECTION('center_axis',(0.,-1.34380857377199E-15,1.));
#3739=DIRECTION('ref_axis',(-5.55111512312578E-16,1.,1.35308431126191E-15));
#3740=DIRECTION('center_axis',(-0.482183709660472,-0.876070128550258,-1.17727054997137E-15));
#3741=DIRECTION('ref_axis',(0.619475128692857,-0.340955370878604,-0.707106781186548));
#3742=DIRECTION('',(-0.482183709660472,-0.876070128550258,-1.17727054997137E-15));
#3743=DIRECTION('center_axis',(-0.170112439679112,-0.941663177664661,0.290400099340399));
#3744=DIRECTION('ref_axis',(0.47596314947797,-0.336556770590777,-0.812519920068745));
#3745=DIRECTION('center_axis',(0.,-1.,0.));
#3746=DIRECTION('ref_axis',(1.,0.,0.));
#3747=DIRECTION('center_axis',(1.,0.,0.));
#3748=DIRECTION('ref_axis',(0.,1.11022302462516E-15,-1.));
#3749=DIRECTION('center_axis',(-1.,0.,0.));
#3750=DIRECTION('ref_axis',(0.,-0.38268343236509,-0.923879532511287));
#3751=DIRECTION('center_axis',(0.,-1.,-1.34380857377199E-15));
#3752=DIRECTION('ref_axis',(0.707106781186549,9.81307786677356E-16,-0.707106781186546));
#3753=DIRECTION('',(0.,-1.,-1.34380857377199E-15));
#3754=DIRECTION('center_axis',(-0.362687811942553,0.658960374783006,-0.658960374783009));
#3755=DIRECTION('ref_axis',(-0.534954336673466,-0.726215955674639,-0.431780318446571));
#3756=DIRECTION('',(-0.362687811942553,0.658960374783006,-0.658960374783009));
#3757=DIRECTION('center_axis',(0.,0.,1.));
#3758=DIRECTION('ref_axis',(0.707106781186549,-0.707106781186546,0.));
#3759=DIRECTION('',(0.,0.,-1.));
#3760=DIRECTION('',(0.,0.,1.));
#3761=DIRECTION('center_axis',(1.,0.,0.));
#3762=DIRECTION('ref_axis',(0.,-0.923879532511287,-0.382683432365088));
#3763=DIRECTION('',(-1.,0.,0.));
#3764=DIRECTION('center_axis',(1.,0.,0.));
#3765=DIRECTION('ref_axis',(0.,0.38268343236509,-0.923879532511287));
#3766=DIRECTION('center_axis',(0.,0.,-1.));
#3767=DIRECTION('ref_axis',(-0.50883017321083,-0.860866920511084,0.));
#3768=DIRECTION('',(0.,0.,-1.));
#3769=DIRECTION('',(0.,0.,1.));
#3770=DIRECTION('center_axis',(-0.362687811942553,-0.658960374783006,0.658960374783009));
#3771=DIRECTION('ref_axis',(0.534954336673467,-0.726215955674638,-0.431780318446572));
#3772=DIRECTION('',(-0.362687811942553,-0.658960374783006,0.658960374783009));
#3773=DIRECTION('center_axis',(0.481242240933735,-0.876587648521856,-1.1779659977463E-15));
#3774=DIRECTION('ref_axis',(0.619841070574174,0.340289651957658,-0.707106781186546));
#3775=DIRECTION('center_axis',(-0.481242240933735,0.876587648521856,1.94641558098197E-15));
#3776=DIRECTION('ref_axis',(0.876587648521856,0.481242240933735,0.));
#3777=DIRECTION('',(0.481242240933735,-0.876587648521856,-1.1779659977463E-15));
#3778=DIRECTION('center_axis',(0.,-1.34380857377199E-15,1.));
#3779=DIRECTION('ref_axis',(1.,0.,0.));
#3780=DIRECTION('center_axis',(-0.483080929955575,-0.875575704958319,0.));
#3781=DIRECTION('ref_axis',(-0.875575704958319,0.483080929955575,0.));
#3782=DIRECTION('center_axis',(0.,-1.34380857377199E-15,1.));
#3783=DIRECTION('ref_axis',(-0.00104938161490542,-0.999999449398962,-1.35308431126191E-15));
#3784=DIRECTION('center_axis',(0.483080929955572,0.87557570495832,1.17660613930945E-15));
#3785=DIRECTION('ref_axis',(-0.619125518418218,0.341589801433491,-0.707106781186548));
#3786=DIRECTION('',(0.483080929955572,0.87557570495832,1.17660613930945E-15));
#3787=DIRECTION('center_axis',(0.363451735588678,0.658749890283701,0.658749890283702));
#3788=DIRECTION('ref_axis',(-0.534525994933719,0.726591963268796,-0.431678213086222));
#3789=DIRECTION('',(0.363451735588678,0.658749890283701,0.658749890283702));
#3790=DIRECTION('center_axis',(1.,0.,0.));
#3791=DIRECTION('ref_axis',(0.,0.923879532511287,-0.382683432365088));
#3792=DIRECTION('',(1.,0.,0.));
#3793=DIRECTION('center_axis',(0.,0.,1.));
#3794=DIRECTION('ref_axis',(0.508830173210831,-0.860866920511083,0.));
#3795=DIRECTION('',(0.,0.,-1.));
#3796=DIRECTION('',(0.,0.,1.));
#3797=DIRECTION('center_axis',(1.,0.,0.));
#3798=DIRECTION('ref_axis',(0.,-0.923879532511287,-0.382683432365088));
#3799=DIRECTION('',(-1.,0.,0.));
#3800=DIRECTION('center_axis',(1.,0.,0.));
#3801=DIRECTION('ref_axis',(0.,0.38268343236509,-0.923879532511287));
#3802=DIRECTION('center_axis',(-8.04653890359748E-16,-1.45842105041072E-15,
1.));
#3803=DIRECTION('ref_axis',(-0.508389157065936,0.861127438291097,1.28926680913615E-15));
#3804=DIRECTION('',(8.04653890359748E-16,1.45842105041072E-15,-1.));
#3805=DIRECTION('',(-8.04653890359748E-16,-1.45842105041072E-15,1.));
#3806=DIRECTION('center_axis',(1.,0.,0.));
#3807=DIRECTION('ref_axis',(0.,0.923879532511287,-0.382683432365088));
#3808=DIRECTION('',(1.,0.,0.));
#3809=DIRECTION('center_axis',(0.,-1.45842105041072E-15,1.));
#3810=DIRECTION('ref_axis',(-0.707106781186549,0.707106781186546,1.57009245868378E-15));
#3811=DIRECTION('',(0.,1.45842105041072E-15,-1.));
#3812=DIRECTION('center_axis',(1.,0.,0.));
#3813=DIRECTION('ref_axis',(0.,0.,-1.));
#3814=DIRECTION('center_axis',(0.,1.,1.45842105041072E-15));
#3815=DIRECTION('ref_axis',(0.,-1.45842105041072E-15,1.));
#3816=DIRECTION('center_axis',(0.87557570495832,-0.483080929955572,0.));
#3817=DIRECTION('ref_axis',(-0.483080929955572,-0.87557570495832,0.));
#3818=DIRECTION('',(0.,0.,-1.));
#3819=DIRECTION('center_axis',(0.,0.,-1.));
#3820=DIRECTION('ref_axis',(-0.876587648521856,-0.481242240933735,0.));
#3821=DIRECTION('',(0.,0.,-1.));
#3822=DIRECTION('center_axis',(-0.876587648521856,-0.481242240933735,0.));
#3823=DIRECTION('ref_axis',(-0.481242240933735,0.876587648521856,0.));
#3824=DIRECTION('center_axis',(0.,1.,1.45842105041072E-15));
#3825=DIRECTION('ref_axis',(0.,-1.45842105041072E-15,1.));
#3826=DIRECTION('center_axis',(0.876070128550258,0.482183709660472,0.));
#3827=DIRECTION('ref_axis',(0.482183709660471,-0.876070128550258,0.));
#3828=DIRECTION('',(0.,0.,-1.));
#3829=DIRECTION('center_axis',(0.,0.,-1.));
#3830=DIRECTION('ref_axis',(0.876070128550258,0.482183709660473,0.));
#3831=DIRECTION('',(0.,0.,-1.));
#3832=DIRECTION('center_axis',(-0.876070128550258,0.482183709660472,0.));
#3833=DIRECTION('ref_axis',(0.482183709660472,0.876070128550258,0.));
#3834=DIRECTION('center_axis',(0.,-1.,0.));
#3835=DIRECTION('ref_axis',(0.,0.,-1.));
#3836=DIRECTION('center_axis',(0.,-1.,0.));
#3837=DIRECTION('ref_axis',(0.,0.,-1.));
#3838=CARTESIAN_POINT('',(0.,0.,0.));
#3839=CARTESIAN_POINT('Origin',(48.6,-21.595609665441,-14.8529690528217));
#3840=CARTESIAN_POINT('',(48.7,-13.4485786437627,-23.1414214307373));
#3841=CARTESIAN_POINT('',(48.7,-17.9740620433566,-18.6159380311434));
#3842=CARTESIAN_POINT('',(48.7,-21.6663203435597,-14.9236797309403));
#3843=CARTESIAN_POINT('',(48.5,-17.691219330882,-18.6159380311434));
#3844=CARTESIAN_POINT('',(48.7,-17.9740620433566,-18.6159380311434));
#3845=CARTESIAN_POINT('',(48.5,-13.4485786437627,-22.8585787182627));
#3846=CARTESIAN_POINT('',(48.5,-21.5248989873224,-14.782258374703));
#3847=CARTESIAN_POINT('',(48.5,-13.4485786437627,-22.8585787182627));
#3848=CARTESIAN_POINT('Origin',(22.5,-17.8326406871193,-18.6159380311434));
#3849=CARTESIAN_POINT('',(44.8,-17.9740620433566,-18.6159380311434));
#3850=CARTESIAN_POINT('',(22.5,-17.9740620433566,-18.6159380311434));
#3851=CARTESIAN_POINT('',(45.,-17.691219330882,-18.6159380311434));
#3852=CARTESIAN_POINT('',(44.8,-17.9740620433566,-18.6159380311434));
#3853=CARTESIAN_POINT('',(22.5,-17.691219330882,-18.6159380311434));
#3854=CARTESIAN_POINT('Origin',(44.9,-19.4742893218814,-16.9742893963813));
#3855=CARTESIAN_POINT('',(44.8,-13.4485786437627,-23.1414214307373));
#3856=CARTESIAN_POINT('',(44.8,-19.545,-17.0450000745));
#3857=CARTESIAN_POINT('',(45.,-13.4485786437627,-22.8585787182627));
#3858=CARTESIAN_POINT('',(44.8,-13.4485786437627,-23.1414214307373));
#3859=CARTESIAN_POINT('',(45.,-19.4035786437627,-16.9035787182627));
#3860=CARTESIAN_POINT('Origin',(24.25,-13.4485786437627,-23.0000000745));
#3861=CARTESIAN_POINT('',(24.25,-13.4485786437627,-22.8585787182627));
#3862=CARTESIAN_POINT('',(24.25,-13.4485786437627,-23.1414214307373));
#3863=CARTESIAN_POINT('Origin',(48.5,-13.5900000000001,-23.0000000745));
#3864=CARTESIAN_POINT('',(48.5,-12.3172077938643,-21.7272078683642));
#3865=CARTESIAN_POINT('',(48.5,-13.5900000000001,-23.0000000745));
#3866=CARTESIAN_POINT('',(45.,-12.3172077938643,-21.7272078683642));
#3867=CARTESIAN_POINT('',(24.25,-12.3172077938643,-21.7272078683642));
#3868=CARTESIAN_POINT('',(45.,-13.5900000000001,-23.0000000745));
#3869=CARTESIAN_POINT('Origin',(48.5,-17.8326406871193,-18.7573593873807));
#3870=CARTESIAN_POINT('',(48.5,-16.5598484809835,-17.4845671812449));
#3871=CARTESIAN_POINT('',(48.5,-17.8326406871193,-18.7573593873807));
#3872=CARTESIAN_POINT('',(48.5,-20.3935281374239,-13.6508875248046));
#3873=CARTESIAN_POINT('Origin',(0.,-25.5,-11.0900000745));
#3874=CARTESIAN_POINT('',(52.,-19.2883268642761,-17.3016732102239));
#3875=CARTESIAN_POINT('',(47.15,-21.65,-14.9400000745));
#3876=CARTESIAN_POINT('Origin',(50.15,-21.65,-14.9400000745));
#3877=CARTESIAN_POINT('',(52.,-24.0116731357239,-12.5783269387761));
#3878=CARTESIAN_POINT('Origin',(50.15,-21.65,-14.9400000745));
#3879=CARTESIAN_POINT('',(52.,-24.9142135623731,-11.6757865121269));
#3880=CARTESIAN_POINT('',(52.,-14.0225,-22.5675000745));
#3881=CARTESIAN_POINT('',(41.1821343371139,-24.9142135623731,-11.6757865121269));
#3882=CARTESIAN_POINT('',(0.,-24.9142135623731,-11.6757865121269));
#3883=CARTESIAN_POINT('',(34.1709809532929,-12.175786437627,-24.4142136368731));
#3884=CARTESIAN_POINT('',(36.5063766101801,-16.4189210196425,-20.1710790548575));
#3885=CARTESIAN_POINT('',(52.,-12.175786437627,-24.4142136368731));
#3886=CARTESIAN_POINT('',(0.,-12.175786437627,-24.4142136368731));
#3887=CARTESIAN_POINT('',(52.,-14.0225,-22.5675000745));
#3888=CARTESIAN_POINT('',(42.7,-17.9740620433566,-18.6159380311434));
#3889=CARTESIAN_POINT('',(38.8,-17.9740620433566,-18.6159380311434));
#3890=CARTESIAN_POINT('',(19.5,-17.9740620433566,-18.6159380311434));
#3891=CARTESIAN_POINT('',(42.7,-13.4485786437627,-23.1414214307373));
#3892=CARTESIAN_POINT('',(42.7,-21.6663203435597,-14.9236797309403));
#3893=CARTESIAN_POINT('',(38.8,-13.4485786437627,-23.1414214307373));
#3894=CARTESIAN_POINT('',(21.25,-13.4485786437627,-23.1414214307373));
#3895=CARTESIAN_POINT('',(38.8,-19.545,-17.0450000745));
#3896=CARTESIAN_POINT('Origin',(19.5,-17.8326406871193,-18.6159380311434));
#3897=CARTESIAN_POINT('',(39.,-17.691219330882,-18.6159380311434));
#3898=CARTESIAN_POINT('',(38.8,-17.9740620433566,-18.6159380311434));
#3899=CARTESIAN_POINT('',(42.5,-17.691219330882,-18.6159380311434));
#3900=CARTESIAN_POINT('',(19.5,-17.691219330882,-18.6159380311434));
#3901=CARTESIAN_POINT('',(42.5,-17.691219330882,-18.6159380311434));
#3902=CARTESIAN_POINT('Origin',(38.9,-19.4742893218814,-16.9742893963813));
#3903=CARTESIAN_POINT('',(39.,-13.4485786437627,-22.8585787182627));
#3904=CARTESIAN_POINT('',(38.8,-13.4485786437627,-23.1414214307373));
#3905=CARTESIAN_POINT('',(39.,-19.4035786437627,-16.9035787182627));
#3906=CARTESIAN_POINT('Origin',(21.25,-13.4485786437627,-23.0000000745));
#3907=CARTESIAN_POINT('',(42.5,-13.4485786437627,-22.8585787182627));
#3908=CARTESIAN_POINT('',(42.7,-13.4485786437627,-23.1414214307373));
#3909=CARTESIAN_POINT('',(21.25,-13.4485786437627,-22.8585787182627));
#3910=CARTESIAN_POINT('Origin',(42.6,-21.595609665441,-14.8529690528217));
#3911=CARTESIAN_POINT('',(42.5,-21.5248989873224,-14.782258374703));
#3912=CARTESIAN_POINT('Origin',(42.5,-17.8326406871193,-18.7573593873807));
#3913=CARTESIAN_POINT('',(42.5,-16.5598484809835,-17.4845671812449));
#3914=CARTESIAN_POINT('',(42.5,-17.8326406871193,-18.7573593873807));
#3915=CARTESIAN_POINT('',(42.5,-12.3172077938643,-21.7272078683642));
#3916=CARTESIAN_POINT('',(42.5,-20.3935281374239,-13.6508875248046));
#3917=CARTESIAN_POINT('',(42.5,-13.5900000000001,-23.0000000745));
#3918=CARTESIAN_POINT('Origin',(39.,-17.8326406871193,-18.7573593873807));
#3919=CARTESIAN_POINT('',(39.,-16.5598484809835,-17.4845671812449));
#3920=CARTESIAN_POINT('',(39.,-17.8326406871193,-18.7573593873807));
#3921=CARTESIAN_POINT('',(19.5,-16.5598484809835,-17.4845671812449));
#3922=CARTESIAN_POINT('Origin',(19.5,-16.5598484809835,-17.3431458250076));
#3923=CARTESIAN_POINT('',(38.8,-16.5598484809835,-17.2017244687703));
#3924=CARTESIAN_POINT('',(42.7,-16.5598484809835,-17.2017244687703));
#3925=CARTESIAN_POINT('',(19.5,-16.5598484809835,-17.2017244687703));
#3926=CARTESIAN_POINT('',(42.7,-16.5598484809835,-17.2017244687703));
#3927=CARTESIAN_POINT('',(39.,-16.5598484809835,-17.4845671812449));
#3928=CARTESIAN_POINT('Origin',(38.9,-18.2014971157456,-15.7014971902456));
#3929=CARTESIAN_POINT('',(39.,-12.3172077938643,-21.7272078683642));
#3930=CARTESIAN_POINT('',(39.,-18.2722077938642,-15.7722078683642));
#3931=CARTESIAN_POINT('',(38.8,-12.0343650813896,-21.7272078683642));
#3932=CARTESIAN_POINT('',(39.,-12.3172077938643,-21.7272078683642));
#3933=CARTESIAN_POINT('',(38.8,-18.1307864376269,-15.6307865121269));
#3934=CARTESIAN_POINT('Origin',(21.25,-12.175786437627,-21.7272078683642));
#3935=CARTESIAN_POINT('',(42.7,-12.0343650813896,-21.7272078683642));
#3936=CARTESIAN_POINT('',(21.25,-12.0343650813896,-21.7272078683642));
#3937=CARTESIAN_POINT('',(21.25,-12.3172077938643,-21.7272078683642));
#3938=CARTESIAN_POINT('',(42.5,-12.3172077938643,-21.7272078683642));
#3939=CARTESIAN_POINT('Origin',(42.6,-20.3228174593052,-13.5801768466859));
#3940=CARTESIAN_POINT('',(42.7,-20.2521067811866,-13.5094661685673));
#3941=CARTESIAN_POINT('Origin',(39.,-13.5900000000001,-23.0000000745));
#3942=CARTESIAN_POINT('',(39.,-13.5900000000001,-23.0000000745));
#3943=CARTESIAN_POINT('Origin',(0.,-24.0857864376269,-9.67578651212691));
#3944=CARTESIAN_POINT('',(46.5,-18.,-15.7615729497538));
#3945=CARTESIAN_POINT('',(52.,-18.,-15.7615729497538));
#3946=CARTESIAN_POINT('',(23.25,-18.,-15.7615729497538));
#3947=CARTESIAN_POINT('',(52.,-10.7615728752539,-23.0000000745));
#3948=CARTESIAN_POINT('',(52.,-12.6082864376269,-21.1532865121269));
#3949=CARTESIAN_POINT('',(34.1709809532929,-10.7615728752539,-23.0000000745));
#3950=CARTESIAN_POINT('',(0.,-10.7615728752539,-23.0000000745));
#3951=CARTESIAN_POINT('',(41.1821343371139,-23.5,-10.2615729497538));
#3952=CARTESIAN_POINT('',(36.5063766101801,-15.0047074572694,-18.7568654924844));
#3953=CARTESIAN_POINT('',(46.5,-23.5,-10.2615729497538));
#3954=CARTESIAN_POINT('',(0.,-23.5,-10.2615729497538));
#3955=CARTESIAN_POINT('',(46.5,-25.1082864376269,-8.6532865121269));
#3956=CARTESIAN_POINT('',(48.7,-16.5598484809835,-17.2017244687703));
#3957=CARTESIAN_POINT('',(48.7,-12.0343650813896,-21.7272078683642));
#3958=CARTESIAN_POINT('',(48.7,-20.2521067811866,-13.5094661685673));
#3959=CARTESIAN_POINT('',(44.8,-16.5598484809835,-17.2017244687703));
#3960=CARTESIAN_POINT('',(22.5,-16.5598484809835,-17.2017244687703));
#3961=CARTESIAN_POINT('',(44.8,-12.0343650813896,-21.7272078683642));
#3962=CARTESIAN_POINT('',(44.8,-18.1307864376269,-15.6307865121269));
#3963=CARTESIAN_POINT('',(24.25,-12.0343650813896,-21.7272078683642));
#3964=CARTESIAN_POINT('Origin',(48.6,-20.3228174593052,-13.5801768466859));
#3965=CARTESIAN_POINT('',(48.7,-12.0343650813896,-21.7272078683642));
#3966=CARTESIAN_POINT('',(48.5,-16.5598484809835,-17.4845671812449));
#3967=CARTESIAN_POINT('Origin',(22.5,-16.5598484809835,-17.3431458250076));
#3968=CARTESIAN_POINT('',(45.,-16.5598484809835,-17.4845671812449));
#3969=CARTESIAN_POINT('',(22.5,-16.5598484809835,-17.4845671812449));
#3970=CARTESIAN_POINT('',(45.,-16.5598484809835,-17.4845671812449));
#3971=CARTESIAN_POINT('Origin',(44.9,-18.2014971157456,-15.7014971902456));
#3972=CARTESIAN_POINT('',(45.,-18.2722077938642,-15.7722078683642));
#3973=CARTESIAN_POINT('',(45.,-12.3172077938643,-21.7272078683642));
#3974=CARTESIAN_POINT('Origin',(24.25,-12.175786437627,-21.7272078683642));
#3975=CARTESIAN_POINT('Origin',(45.,-17.8326406871193,-18.7573593873807));
#3976=CARTESIAN_POINT('',(45.,-17.8326406871193,-18.7573593873807));
#3977=CARTESIAN_POINT('Origin',(42.5,-13.5900000000001,-23.0000000745));
#3978=CARTESIAN_POINT('Origin',(45.,-13.5900000000001,-23.0000000745));
#3979=CARTESIAN_POINT('Origin',(-1.14999999999999,-21.65,-25.0000000745));
#3980=CARTESIAN_POINT('',(-3.,-24.0116731357239,-12.5783269387761));
#3981=CARTESIAN_POINT('',(-3.,-19.2883268642761,-17.3016732102239));
#3982=CARTESIAN_POINT('Origin',(-1.14999999999999,-21.65,-14.9400000745));
#3983=CARTESIAN_POINT('',(-4.15,-21.65,-14.425660242835));
#3984=CARTESIAN_POINT('Ctrl Pts',(-4.15,-21.65,-14.425660242835));
#3985=CARTESIAN_POINT('Ctrl Pts',(-4.14999999999999,-21.9842248475727,-14.0914353952623));
#3986=CARTESIAN_POINT('Ctrl Pts',(-4.09037475777517,-22.3797587217418,-13.7663318948192));
#3987=CARTESIAN_POINT('Ctrl Pts',(-3.77475937520142,-23.1628473947946,-13.2184610351613));
#3988=CARTESIAN_POINT('Ctrl Pts',(-3.51424151396228,-23.5415511058697,-12.9857411579514));
#3989=CARTESIAN_POINT('Ctrl Pts',(-3.14995616968285,-23.888055584579,-12.6956246109047));
#3990=CARTESIAN_POINT('Ctrl Pts',(-3.07682123109947,-23.9514957659668,-12.6385043085333));
#3991=CARTESIAN_POINT('Ctrl Pts',(-3.,-24.0116731357239,-12.5783269387761));
#3992=CARTESIAN_POINT('',(-4.15,-21.65,-9.70000007449996));
#3993=CARTESIAN_POINT('',(-4.15,-21.65,-25.0000000745));
#3994=CARTESIAN_POINT('Origin',(-1.14999999999999,-21.65,-9.70000007449996));
#3995=CARTESIAN_POINT('Ctrl Pts',(-3.,-19.2883268642761,-17.3016732102239));
#3996=CARTESIAN_POINT('Ctrl Pts',(-3.080423116906,-19.3513257458849,-17.2386743286151));
#3997=CARTESIAN_POINT('Ctrl Pts',(-3.15330254038694,-19.4151274488715,-17.1680347600241));
#3998=CARTESIAN_POINT('Ctrl Pts',(-3.54348780564591,-19.7862676664558,-16.7364975475601));
#3999=CARTESIAN_POINT('Ctrl Pts',(-3.76209680976658,-20.1226254568967,-16.2653023468169));
#4000=CARTESIAN_POINT('Ctrl Pts',(-4.06835079484042,-20.8505420838917,-15.3144795005152));
#4001=CARTESIAN_POINT('Ctrl Pts',(-4.15,-21.2424568793993,-14.8332033634357));
#4002=CARTESIAN_POINT('Ctrl Pts',(-4.15,-21.65,-14.425660242835));
#4003=CARTESIAN_POINT('Origin',(-1.14999999999999,-21.65,-9.70000007449996));
#4004=CARTESIAN_POINT('',(0.350000000000005,-21.65,-9.70000007449996));
#4005=CARTESIAN_POINT('Origin',(-1.14999999999999,-21.65,-9.70000007449996));
#4006=CARTESIAN_POINT('Origin',(-1.14999999999999,54.65,-25.0000000745));
#4007=CARTESIAN_POINT('',(-3.,52.2883268642761,-17.3016732102239));
#4008=CARTESIAN_POINT('',(-3.,57.0116731357239,-12.5783269387761));
#4009=CARTESIAN_POINT('Origin',(-1.14999999999999,54.65,-14.9400000745));
#4010=CARTESIAN_POINT('',(-4.15,54.65,-14.4256602428351));
#4011=CARTESIAN_POINT('Ctrl Pts',(-4.14999999999999,54.65,-14.4256602428351));
#4012=CARTESIAN_POINT('Ctrl Pts',(-4.14999999999999,54.2424568793993,-14.8332033634357));
#4013=CARTESIAN_POINT('Ctrl Pts',(-4.06835079484042,53.8505420838917,-15.3144795005152));
#4014=CARTESIAN_POINT('Ctrl Pts',(-3.76209680976658,53.1226254568967,-16.2653023468169));
#4015=CARTESIAN_POINT('Ctrl Pts',(-3.54348780564591,52.7862676664558,-16.7364975475601));
#4016=CARTESIAN_POINT('Ctrl Pts',(-3.15330254038694,52.4151274488715,-17.1680347600241));
#4017=CARTESIAN_POINT('Ctrl Pts',(-3.08042311690601,52.3513257458848,-17.2386743286152));
#4018=CARTESIAN_POINT('Ctrl Pts',(-3.00000000000001,52.2883268642761,-17.3016732102239));
#4019=CARTESIAN_POINT('',(-4.15,54.65,-9.70000007449996));
#4020=CARTESIAN_POINT('',(-4.15,54.65,-25.0000000745));
#4021=CARTESIAN_POINT('Origin',(-1.14999999999999,54.65,-9.70000007449996));
#4022=CARTESIAN_POINT('Ctrl Pts',(-3.,57.0116731357239,-12.5783269387761));
#4023=CARTESIAN_POINT('Ctrl Pts',(-3.07682123109947,56.9514957659667,-12.6385043085333));
#4024=CARTESIAN_POINT('Ctrl Pts',(-3.14995616968285,56.888055584579,-12.6956246109047));
#4025=CARTESIAN_POINT('Ctrl Pts',(-3.51424151396228,56.5415511058696,-12.9857411579515));
#4026=CARTESIAN_POINT('Ctrl Pts',(-3.77475937520141,56.1628473947946,-13.2184610351614));
#4027=CARTESIAN_POINT('Ctrl Pts',(-4.09037475777517,55.3797587217418,-13.7663318948192));
#4028=CARTESIAN_POINT('Ctrl Pts',(-4.15,54.9842248475727,-14.0914353952624));
#4029=CARTESIAN_POINT('Ctrl Pts',(-4.15,54.65,-14.4256602428351));
#4030=CARTESIAN_POINT('Origin',(-1.14999999999999,54.65,-9.70000007449996));
#4031=CARTESIAN_POINT('',(0.350000000000005,54.65,-9.70000007449996));
#4032=CARTESIAN_POINT('Origin',(-1.14999999999999,54.65,-9.70000007449996));
#4033=CARTESIAN_POINT('Origin',(50.15,-21.65,-25.0000000745));
#4034=CARTESIAN_POINT('Ctrl Pts',(52.,-24.0116731357239,-12.5783269387761));
#4035=CARTESIAN_POINT('Ctrl Pts',(52.0768212310995,-23.9514957659668,-12.6385043085332));
#4036=CARTESIAN_POINT('Ctrl Pts',(52.1499561696829,-23.888055584579,-12.6956246109047));
#4037=CARTESIAN_POINT('Ctrl Pts',(52.5142415139623,-23.5415511058697,-12.9857411579514));
#4038=CARTESIAN_POINT('Ctrl Pts',(52.7747593752014,-23.1628473947946,-13.2184610351613));
#4039=CARTESIAN_POINT('Ctrl Pts',(53.0903747577752,-22.3797587217418,-13.7663318948192));
#4040=CARTESIAN_POINT('Ctrl Pts',(53.15,-21.9842248475727,-14.0914353952623));
#4041=CARTESIAN_POINT('Ctrl Pts',(53.15,-21.2424568793993,-14.8332033634357));
#4042=CARTESIAN_POINT('Ctrl Pts',(53.0683507948404,-20.8505420838917,-15.3144795005152));
#4043=CARTESIAN_POINT('Ctrl Pts',(52.7620968097666,-20.1226254568967,-16.2653023468169));
#4044=CARTESIAN_POINT('Ctrl Pts',(52.5434878056459,-19.7862676664558,-16.7364975475601));
#4045=CARTESIAN_POINT('Ctrl Pts',(52.1533025403869,-19.4151274488715,-17.1680347600241));
#4046=CARTESIAN_POINT('Ctrl Pts',(52.080423116906,-19.3513257458849,-17.2386743286151));
#4047=CARTESIAN_POINT('Ctrl Pts',(52.,-19.2883268642761,-17.3016732102239));
#4048=CARTESIAN_POINT('',(47.15,-21.65,-9.70000007449996));
#4049=CARTESIAN_POINT('',(47.15,-21.65,-25.0000000745));
#4050=CARTESIAN_POINT('Origin',(50.15,-21.65,-9.70000007449996));
#4051=CARTESIAN_POINT('Origin',(50.15,-21.65,-9.70000007449996));
#4052=CARTESIAN_POINT('',(51.65,-21.65,-9.70000007449996));
#4053=CARTESIAN_POINT('Origin',(50.15,-21.65,-9.70000007449996));
#4054=CARTESIAN_POINT('Origin',(50.15,54.65,-25.0000000745));
#4055=CARTESIAN_POINT('',(52.,57.0116731357239,-12.5783269387761));
#4056=CARTESIAN_POINT('',(47.15,54.65,-14.9400000745));
#4057=CARTESIAN_POINT('Origin',(50.15,54.65,-14.9400000745));
#4058=CARTESIAN_POINT('',(52.,52.2883268642761,-17.3016732102239));
#4059=CARTESIAN_POINT('Ctrl Pts',(52.,52.2883268642761,-17.3016732102239));
#4060=CARTESIAN_POINT('Ctrl Pts',(52.080423116906,52.3513257458848,-17.2386743286152));
#4061=CARTESIAN_POINT('Ctrl Pts',(52.153302540387,52.4151274488715,-17.1680347600241));
#4062=CARTESIAN_POINT('Ctrl Pts',(52.5434878056459,52.7862676664558,-16.7364975475601));
#4063=CARTESIAN_POINT('Ctrl Pts',(52.7620968097666,53.1226254568967,-16.2653023468169));
#4064=CARTESIAN_POINT('Ctrl Pts',(53.0683507948404,53.8505420838917,-15.3144795005152));
#4065=CARTESIAN_POINT('Ctrl Pts',(53.15,54.2424568793993,-14.8332033634357));
#4066=CARTESIAN_POINT('Ctrl Pts',(53.15,54.9842248475727,-14.0914353952624));
#4067=CARTESIAN_POINT('Ctrl Pts',(53.0903747577752,55.3797587217418,-13.7663318948192));
#4068=CARTESIAN_POINT('Ctrl Pts',(52.7747593752014,56.1628473947946,-13.2184610351614));
#4069=CARTESIAN_POINT('Ctrl Pts',(52.5142415139623,56.5415511058696,-12.9857411579515));
#4070=CARTESIAN_POINT('Ctrl Pts',(52.1499561696829,56.888055584579,-12.6956246109047));
#4071=CARTESIAN_POINT('Ctrl Pts',(52.0768212310995,56.9514957659667,-12.6385043085333));
#4072=CARTESIAN_POINT('Ctrl Pts',(52.,57.0116731357239,-12.5783269387761));
#4073=CARTESIAN_POINT('Origin',(50.15,54.65,-14.9400000745));
#4074=CARTESIAN_POINT('',(47.15,54.65,-9.70000007449996));
#4075=CARTESIAN_POINT('',(47.15,54.65,-25.0000000745));
#4076=CARTESIAN_POINT('Origin',(50.15,54.65,-9.70000007449996));
#4077=CARTESIAN_POINT('Origin',(50.15,54.65,-9.70000007449996));
#4078=CARTESIAN_POINT('',(51.65,54.65,-9.70000007449996));
#4079=CARTESIAN_POINT('Origin',(50.15,54.65,-9.70000007449996));
#4080=CARTESIAN_POINT('Origin',(-3.,-12.6082864376269,-21.1532865121269));
#4081=CARTESIAN_POINT('',(-3.,-24.9142135623731,-11.6757865121269));
#4082=CARTESIAN_POINT('',(-3.,-14.0225,-22.5675000745));
#4083=CARTESIAN_POINT('',(-5.,-23.5,-10.2615729497538));
#4084=CARTESIAN_POINT('Origin',(-3.,-23.5,-10.2615729497538));
#4085=CARTESIAN_POINT('',(-5.,-10.7615728752539,-23.0000000745));
#4086=CARTESIAN_POINT('',(-5.,-12.6082864376269,-21.1532865121269));
#4087=CARTESIAN_POINT('',(-3.,-12.175786437627,-24.4142136368731));
#4088=CARTESIAN_POINT('Origin',(-3.,-10.7615728752539,-23.0000000745));
#4089=CARTESIAN_POINT('',(-3.,-14.0225,-22.5675000745));
#4090=CARTESIAN_POINT('Origin',(-3.,38.653286437627,-28.1082865121269));
#4091=CARTESIAN_POINT('',(-3.,45.175786437627,-24.414213636873));
#4092=CARTESIAN_POINT('',(-3.,40.0675000000001,-29.5225000745));
#4093=CARTESIAN_POINT('',(-5.,43.7615728752539,-23.0000000744999));
#4094=CARTESIAN_POINT('Origin',(-3.,43.7615728752539,-23.0000000744999));
#4095=CARTESIAN_POINT('',(-5.,56.5,-10.2615729497538));
#4096=CARTESIAN_POINT('',(-5.,38.653286437627,-28.1082865121269));
#4097=CARTESIAN_POINT('',(-3.,57.9142135623731,-11.6757865121269));
#4098=CARTESIAN_POINT('Origin',(-3.,56.5,-10.2615729497538));
#4099=CARTESIAN_POINT('',(-3.,40.0675000000001,-29.5225000745));
#4100=CARTESIAN_POINT('Origin',(52.,-12.6082864376269,-21.1532865121269));
#4101=CARTESIAN_POINT('',(54.,-10.7615728752539,-23.0000000745));
#4102=CARTESIAN_POINT('Origin',(52.,-10.7615728752539,-23.0000000745));
#4103=CARTESIAN_POINT('',(54.,-23.5,-10.2615729497538));
#4104=CARTESIAN_POINT('',(54.,-12.6082864376269,-21.1532865121269));
#4105=CARTESIAN_POINT('Origin',(52.,-23.5,-10.2615729497538));
#4106=CARTESIAN_POINT('Origin',(52.,38.653286437627,-28.1082865121269));
#4107=CARTESIAN_POINT('',(52.,57.9142135623731,-11.6757865121269));
#4108=CARTESIAN_POINT('',(52.,40.0675000000001,-29.5225000745));
#4109=CARTESIAN_POINT('',(54.,56.5,-10.2615729497538));
#4110=CARTESIAN_POINT('Origin',(52.,56.5,-10.2615729497538));
#4111=CARTESIAN_POINT('',(54.,43.7615728752539,-23.0000000744999));
#4112=CARTESIAN_POINT('',(54.,38.653286437627,-28.1082865121269));
#4113=CARTESIAN_POINT('',(52.,45.175786437627,-24.414213636873));
#4114=CARTESIAN_POINT('Origin',(52.,43.7615728752539,-23.0000000744999));
#4115=CARTESIAN_POINT('',(52.,40.0675000000001,-29.5225000745));
#4116=CARTESIAN_POINT('Origin',(-1.14999999999999,54.65,-5.0000000745));
#4117=CARTESIAN_POINT('',(0.350000000000005,54.65,-5.0000000745));
#4118=CARTESIAN_POINT('Origin',(-1.14999999999999,54.65,-5.0000000745));
#4119=CARTESIAN_POINT('',(0.350000000000005,54.65,-5.0000000745));
#4120=CARTESIAN_POINT('Origin',(-1.14999999999999,-21.65,-5.0000000745));
#4121=CARTESIAN_POINT('',(0.350000000000005,-21.65,-5.0000000745));
#4122=CARTESIAN_POINT('Origin',(-1.14999999999999,-21.65,-5.0000000745));
#4123=CARTESIAN_POINT('',(0.350000000000005,-21.65,-5.0000000745));
#4124=CARTESIAN_POINT('Origin',(50.15,54.65,-5.0000000745));
#4125=CARTESIAN_POINT('',(51.65,54.65,-5.0000000745));
#4126=CARTESIAN_POINT('Origin',(50.15,54.65,-5.0000000745));
#4127=CARTESIAN_POINT('',(51.65,54.65,-5.0000000745));
#4128=CARTESIAN_POINT('Origin',(50.15,-21.65,-5.0000000745));
#4129=CARTESIAN_POINT('',(51.65,-21.65,-5.0000000745));
#4130=CARTESIAN_POINT('Origin',(50.15,-21.65,-5.0000000745));
#4131=CARTESIAN_POINT('',(51.65,-21.65,-5.0000000745));
#4132=CARTESIAN_POINT('Origin',(46.5,-18.,-5.0000000745));
#4133=CARTESIAN_POINT('',(46.5,-18.,-5.0000000745));
#4134=CARTESIAN_POINT('',(46.5,-18.,-5.0000000745));
#4135=CARTESIAN_POINT('',(52.,-18.,-5.0000000745));
#4136=CARTESIAN_POINT('',(46.5,-18.,-5.0000000745));
#4137=CARTESIAN_POINT('',(52.,-18.,-10.0000000745));
#4138=CARTESIAN_POINT('Origin',(46.5,-23.5,-5.0000000745));
#4139=CARTESIAN_POINT('',(46.5,-23.5,-5.0000000745));
#4140=CARTESIAN_POINT('',(46.5,-23.5,-5.0000000745));
#4141=CARTESIAN_POINT('',(46.5,-23.5,-5.0000000745));
#4142=CARTESIAN_POINT('Origin',(52.,16.5,-15.0000000745));
#4143=CARTESIAN_POINT('',(52.,51.,-5.0000000745));
#4144=CARTESIAN_POINT('',(52.,37.5,-5.0000000745));
#4145=CARTESIAN_POINT('',(52.,51.,-15.7615729497538));
#4146=CARTESIAN_POINT('',(52.,51.,-10.0000000745));
#4147=CARTESIAN_POINT('',(52.,43.7615728752539,-23.0000000744999));
#4148=CARTESIAN_POINT('',(52.,38.653286437627,-28.1082865121269));
#4149=CARTESIAN_POINT('',(52.,2.45499999999998,-23.0000000745));
#4150=CARTESIAN_POINT('Origin',(-3.,-18.,-5.0000000745));
#4151=CARTESIAN_POINT('',(-3.,-18.,-15.7615729497538));
#4152=CARTESIAN_POINT('',(2.5,-18.,-15.7615729497538));
#4153=CARTESIAN_POINT('',(-1.5,-18.,-15.7615729497538));
#4154=CARTESIAN_POINT('',(-3.,-18.,-5.0000000745));
#4155=CARTESIAN_POINT('',(-3.,-18.,-10.0000000745));
#4156=CARTESIAN_POINT('',(2.5,-18.,-5.0000000745));
#4157=CARTESIAN_POINT('',(-3.,-18.,-5.0000000745));
#4158=CARTESIAN_POINT('',(2.5,-18.,-5.0000000745));
#4159=CARTESIAN_POINT('Origin',(0.,-25.5,-11.0900000745));
#4160=CARTESIAN_POINT('',(11.3290190467071,-12.175786437627,-24.4142136368731));
#4161=CARTESIAN_POINT('',(0.,-12.175786437627,-24.4142136368731));
#4162=CARTESIAN_POINT('',(4.31786566288609,-24.9142135623731,-11.6757865121269));
#4163=CARTESIAN_POINT('',(3.10387694299769,-27.1198858664833,-9.47011420801674));
#4164=CARTESIAN_POINT('',(0.,-24.9142135623731,-11.6757865121269));
#4165=CARTESIAN_POINT('Origin',(0.9,43.6230699909994,-23.2799243149917));
#4166=CARTESIAN_POINT('',(1.,44.0703535443718,-22.9740621178566));
#4167=CARTESIAN_POINT('',(1.,51.1414213562373,-15.9029943059911));
#4168=CARTESIAN_POINT('',(1.,43.6937806691181,-23.3506349931104));
#4169=CARTESIAN_POINT('',(0.8,51.,-15.7615729497538));
#4170=CARTESIAN_POINT('',(0.900000000000006,51.0707106781187,-15.8322836278725));
#4171=CARTESIAN_POINT('',(0.8,43.7875108318972,-22.9740621178566));
#4172=CARTESIAN_POINT('',(0.8,43.5523593128808,-23.2092136368731));
#4173=CARTESIAN_POINT('',(0.8,43.7875108318972,-22.9740621178566));
#4174=CARTESIAN_POINT('Origin',(1.825,43.9289321881345,-22.9740621178566));
#4175=CARTESIAN_POINT('',(3.85,43.7875108318972,-22.9740621178566));
#4176=CARTESIAN_POINT('',(1.825,43.7875108318972,-22.9740621178566));
#4177=CARTESIAN_POINT('',(3.65,44.0703535443718,-22.9740621178566));
#4178=CARTESIAN_POINT('',(3.85,43.7875108318972,-22.9740621178566));
#4179=CARTESIAN_POINT('',(1.825,44.0703535443718,-22.9740621178566));
#4180=CARTESIAN_POINT('Origin',(3.75,47.1586038969321,-19.744390409059));
#4181=CARTESIAN_POINT('',(3.85,51.,-15.7615729497538));
#4182=CARTESIAN_POINT('',(3.85,47.0878932188135,-19.6736797309403));
#4183=CARTESIAN_POINT('',(3.65,51.1414213562373,-15.9029943059911));
#4184=CARTESIAN_POINT('',(3.08749999999996,51.5391689206547,-16.3007418704086));
#4185=CARTESIAN_POINT('',(3.65,47.2293145750508,-19.8151010871776));
#4186=CARTESIAN_POINT('Origin',(1.,43.9289321881345,-22.8326407616193));
#4187=CARTESIAN_POINT('',(1.,45.3431457505076,-24.2468543239924));
#4188=CARTESIAN_POINT('',(1.,43.9289321881345,-22.8326407616193));
#4189=CARTESIAN_POINT('',(1.,52.4142135623731,-17.1757865121269));
#4190=CARTESIAN_POINT('',(1.,44.9665728752539,-24.6234271992462));
#4191=CARTESIAN_POINT('',(1.,51.,-15.7615729497538));
#4192=CARTESIAN_POINT('Origin',(3.65,43.9289321881345,-22.8326407616193));
#4193=CARTESIAN_POINT('',(3.65,45.3431457505076,-24.2468543239924));
#4194=CARTESIAN_POINT('',(3.65,43.9289321881345,-22.8326407616193));
#4195=CARTESIAN_POINT('',(1.825,45.3431457505076,-24.2468543239924));
#4196=CARTESIAN_POINT('Origin',(3.65,51.,-15.7615729497538));
#4197=CARTESIAN_POINT('',(3.65,52.4142135623731,-17.1757865121269));
#4198=CARTESIAN_POINT('',(3.65,51.,-15.7615729497538));
#4199=CARTESIAN_POINT('',(3.65,48.5021067811866,-21.0878932933134));
#4200=CARTESIAN_POINT('Origin',(1.,51.,-15.7615729497538));
#4201=CARTESIAN_POINT('',(0.5,52.4142135623731,-17.1757865121269));
#4202=CARTESIAN_POINT('',(2.5,51.,-15.7615729497538));
#4203=CARTESIAN_POINT('',(0.5,51.,-15.7615729497538));
#4204=CARTESIAN_POINT('',(1.25,51.,-15.7615729497538));
#4205=CARTESIAN_POINT('Origin',(0.,43.175786437627,-23.5857865121268));
#4206=CARTESIAN_POINT('',(-3.,51.,-15.7615729497538));
#4207=CARTESIAN_POINT('',(1.25,51.,-15.7615729497538));
#4208=CARTESIAN_POINT('',(-3.,43.7615728752539,-23.0000000744999));
#4209=CARTESIAN_POINT('',(-3.,38.653286437627,-28.1082865121269));
#4210=CARTESIAN_POINT('',(11.3357741969179,43.7615728752539,-23.0000000744999));
#4211=CARTESIAN_POINT('',(0.,43.7615728752539,-23.0000000744999));
#4212=CARTESIAN_POINT('',(4.34244132732859,56.5,-10.2615729497538));
#4213=CARTESIAN_POINT('',(9.33509157527346,47.4058366691866,-19.3557362805672));
#4214=CARTESIAN_POINT('',(2.5,56.5,-10.2615729497538));
#4215=CARTESIAN_POINT('',(0.,56.5,-10.2615729497538));
#4216=CARTESIAN_POINT('',(2.5,51.153286437627,-15.6082865121269));
#4217=CARTESIAN_POINT('Origin',(2.5,51.,-5.0000000745));
#4218=CARTESIAN_POINT('',(2.5,51.,-5.0000000745));
#4219=CARTESIAN_POINT('',(2.5,51.,-5.0000000745));
#4220=CARTESIAN_POINT('',(-3.,51.,-5.0000000745));
#4221=CARTESIAN_POINT('',(-3.,51.,-5.0000000745));
#4222=CARTESIAN_POINT('',(-3.,51.,-10.0000000745));
#4223=CARTESIAN_POINT('Origin',(0.,44.5900000000001,-25.0000000744999));
#4224=CARTESIAN_POINT('',(4.34244132732859,57.9142135623731,-11.6757865121269));
#4225=CARTESIAN_POINT('',(0.,57.9142135623731,-11.6757865121269));
#4226=CARTESIAN_POINT('',(11.3357741969179,45.175786437627,-24.414213636873));
#4227=CARTESIAN_POINT('',(9.33509157527346,48.8200502315597,-20.7699498429403));
#4228=CARTESIAN_POINT('',(0.,45.175786437627,-24.414213636873));
#4229=CARTESIAN_POINT('Origin',(-3.,16.5,-15.0000000745));
#4230=CARTESIAN_POINT('',(-3.,-10.7615728752539,-23.0000000745));
#4231=CARTESIAN_POINT('',(-3.,-12.6082864376269,-21.1532865121269));
#4232=CARTESIAN_POINT('',(-3.,2.45499999999998,-23.0000000745));
#4233=CARTESIAN_POINT('',(-3.,25.320279024,-5.0000000745));
#4234=CARTESIAN_POINT('',(-3.,-4.49999999999999,-5.0000000745));
#4235=CARTESIAN_POINT('',(-3.,25.320279024,-0.7500000745));
#4236=CARTESIAN_POINT('',(-3.,25.320279024,-5.0000000745));
#4237=CARTESIAN_POINT('',(-3.,24.570279024,-7.45000006130425E-8));
#4238=CARTESIAN_POINT('',(-3.,26.490209268,-1.91993031849999));
#4239=CARTESIAN_POINT('',(-3.,14.0702789048,-7.45000006130425E-8));
#4240=CARTESIAN_POINT('',(-3.,13.3202789048,-7.45000006130425E-8));
#4241=CARTESIAN_POINT('',(-3.,13.3202789048,-0.7500000745));
#4242=CARTESIAN_POINT('',(-3.,10.7402091786,-3.3300698007));
#4243=CARTESIAN_POINT('',(-3.,13.3202789048,-5.0000000745));
#4244=CARTESIAN_POINT('',(-3.,13.3202789048,-5.0000000745));
#4245=CARTESIAN_POINT('',(-3.,-4.49999999999999,-5.0000000745));
#4246=CARTESIAN_POINT('Origin',(46.5,51.,-5.0000000745));
#4247=CARTESIAN_POINT('',(46.5,51.,-15.7615729497538));
#4248=CARTESIAN_POINT('',(46.5,56.5,-10.2615729497538));
#4249=CARTESIAN_POINT('',(46.5,49.778286437627,-16.9832865121269));
#4250=CARTESIAN_POINT('',(46.5,51.,-5.0000000745));
#4251=CARTESIAN_POINT('',(46.5,51.,-5.0000000745));
#4252=CARTESIAN_POINT('',(46.5,56.5,-5.0000000745));
#4253=CARTESIAN_POINT('',(46.5,56.5,-5.0000000745));
#4254=CARTESIAN_POINT('',(46.5,56.5,-8.04500007449999));
#4255=CARTESIAN_POINT('Origin',(52.,51.,-5.0000000745));
#4256=CARTESIAN_POINT('',(26.,51.,-15.7615729497538));
#4257=CARTESIAN_POINT('',(46.5,51.,-5.0000000745));
#4258=CARTESIAN_POINT('Origin',(0.,44.5900000000001,-25.0000000744999));
#4259=CARTESIAN_POINT('',(34.1774420574703,45.175786437627,-24.414213636873));
#4260=CARTESIAN_POINT('',(0.,45.175786437627,-24.414213636873));
#4261=CARTESIAN_POINT('',(41.2056078536953,57.9142135623731,-11.6757865121269));
#4262=CARTESIAN_POINT('',(36.085211789304,48.6335855852813,-20.9564144892188));
#4263=CARTESIAN_POINT('',(0.,57.9142135623731,-11.6757865121269));
#4264=CARTESIAN_POINT('Origin',(10.,-4.,-24.7500000745));
#4265=CARTESIAN_POINT('',(8.,-4.,-25.0000000745));
#4266=CARTESIAN_POINT('Origin',(10.,-4.,-25.0000000745));
#4267=CARTESIAN_POINT('',(8.5,-4.,-24.5000000745));
#4268=CARTESIAN_POINT('',(8.25,-4.,-24.7500000745));
#4269=CARTESIAN_POINT('Origin',(10.,-4.,-24.5000000745));
#4270=CARTESIAN_POINT('Origin',(10.,-4.,0.));
#4271=CARTESIAN_POINT('',(8.5,-4.,-23.0000000745));
#4272=CARTESIAN_POINT('Origin',(10.,-4.,-23.0000000745));
#4273=CARTESIAN_POINT('',(8.5,-4.,0.));
#4274=CARTESIAN_POINT('Origin',(0.,-11.59,-25.0000000745));
#4275=CARTESIAN_POINT('',(13.9841235147814,38.9375775906626,-25.0000000744999));
#4276=CARTESIAN_POINT('',(11.3357741969179,43.7615728752539,-25.0000000744999));
#4277=CARTESIAN_POINT('',(23.0223579806616,22.4743413588165,-25.0000000745));
#4278=CARTESIAN_POINT('',(31.5057570495832,38.9191907004443,-25.0000000744999));
#4279=CARTESIAN_POINT('Origin',(22.75,43.75,-25.0000000744999));
#4280=CARTESIAN_POINT('',(34.1774420574703,43.7615728752539,-25.0000000744999));
#4281=CARTESIAN_POINT('',(22.2826416873659,22.202456020133,-25.0000000745));
#4282=CARTESIAN_POINT('',(52.,43.7615728752539,-25.0000000744999));
#4283=CARTESIAN_POINT('',(0.,43.7615728752539,-25.0000000744999));
#4284=CARTESIAN_POINT('',(52.,-10.7615728752539,-25.0000000745));
#4285=CARTESIAN_POINT('',(52.,2.45499999999999,-25.0000000745));
#4286=CARTESIAN_POINT('',(34.1709809532929,-10.7615728752539,-25.0000000745));
#4287=CARTESIAN_POINT('',(0.,-10.7615728752539,-25.0000000745));
#4288=CARTESIAN_POINT('',(31.5107012855026,-5.92816290339528,-25.0000000745));
#4289=CARTESIAN_POINT('',(29.0434201660161,-1.44540821008513,-25.0000000745));
#4290=CARTESIAN_POINT('',(13.9892987144974,-5.92816290339528,-25.0000000745));
#4291=CARTESIAN_POINT('Origin',(22.75,-10.75,-25.0000000745));
#4292=CARTESIAN_POINT('',(11.3290190467071,-10.7615728752539,-25.0000000745));
#4293=CARTESIAN_POINT('',(6.04645964382597,-20.3593514862633,-25.0000000745));
#4294=CARTESIAN_POINT('',(-3.,-10.7615728752539,-25.0000000745));
#4295=CARTESIAN_POINT('',(0.,-10.7615728752539,-25.0000000745));
#4296=CARTESIAN_POINT('',(-3.,43.7615728752539,-25.0000000744999));
#4297=CARTESIAN_POINT('',(-3.,2.45499999999999,-25.0000000745));
#4298=CARTESIAN_POINT('',(0.,43.7615728752539,-25.0000000744999));
#4299=CARTESIAN_POINT('Origin',(-3.5,24.945279024,-0.375000074500001));
#4300=CARTESIAN_POINT('',(-5.,25.320279024,-0.7500000745));
#4301=CARTESIAN_POINT('',(-5.,24.570279024,-7.45000006130425E-8));
#4302=CARTESIAN_POINT('',(-5.,26.490209268,-1.91993031849999));
#4303=CARTESIAN_POINT('',(-3.5,24.570279024,-7.45000006130425E-8));
#4304=CARTESIAN_POINT('',(-3.5,25.320279024,-0.7500000745));
#4305=CARTESIAN_POINT('Origin',(-4.,19.3202789644,-7.45000006130425E-8));
#4306=CARTESIAN_POINT('',(-5.,14.0702789048,-7.45000006130425E-8));
#4307=CARTESIAN_POINT('',(-5.,58.5,-7.45000006130425E-8));
#4308=CARTESIAN_POINT('',(-4.5,14.0702789048,-7.45000006130425E-8));
#4309=CARTESIAN_POINT('Origin',(-5.,16.5,-15.0000000745));
#4310=CARTESIAN_POINT('',(-5.,25.320279024,-5.0000000745));
#4311=CARTESIAN_POINT('',(-5.,25.320279024,-5.0000000745));
#4312=CARTESIAN_POINT('',(-5.,56.5,-5.0000000745));
#4313=CARTESIAN_POINT('',(-5.,-4.49999999999999,-5.0000000745));
#4314=CARTESIAN_POINT('',(-5.,56.5,-13.0450000745));
#4315=CARTESIAN_POINT('',(-5.,2.45499999999998,-23.0000000745));
#4316=CARTESIAN_POINT('',(-5.,-23.5,-5.0000000745));
#4317=CARTESIAN_POINT('',(-5.,-23.5,-10.0000000745));
#4318=CARTESIAN_POINT('',(-5.,13.3202789048,-5.0000000745));
#4319=CARTESIAN_POINT('',(-5.,-4.49999999999999,-5.0000000745));
#4320=CARTESIAN_POINT('',(-5.,13.3202789048,-0.7500000745));
#4321=CARTESIAN_POINT('',(-5.,13.3202789048,-5.0000000745));
#4322=CARTESIAN_POINT('',(-5.,10.7402091786,-3.3300698007));
#4323=CARTESIAN_POINT('Origin',(-4.5,13.6952789048,-0.375000074500001));
#4324=CARTESIAN_POINT('',(-4.5,13.3202789048,-0.7500000745));
#4325=CARTESIAN_POINT('Origin',(-5.,13.3202789048,-5.0000000745));
#4326=CARTESIAN_POINT('',(-2.5,13.3202789048,-5.0000000745));
#4327=CARTESIAN_POINT('Origin',(-3.,25.320279024,-5.0000000745));
#4328=CARTESIAN_POINT('',(-1.5,25.320279024,-5.0000000745));
#4329=CARTESIAN_POINT('Origin',(0.,58.5,-5.0000000745));
#4330=CARTESIAN_POINT('',(-3.,-25.5,-5.0000000745));
#4331=CARTESIAN_POINT('Origin',(-3.,-23.5,-5.0000000745));
#4332=CARTESIAN_POINT('',(4.31786566288609,-25.5,-5.0000000745));
#4333=CARTESIAN_POINT('',(0.,-25.5,-5.0000000745));
#4334=CARTESIAN_POINT('',(6.0700059199866,-24.4643674193209,-5.0000000745));
#4335=CARTESIAN_POINT('Origin',(4.31786566288609,-23.5,-5.0000000745));
#4336=CARTESIAN_POINT('',(6.32559094405786,-24.,-5.0000000745));
#4337=CARTESIAN_POINT('',(22.6025451621774,5.57327899840428,-5.0000000745));
#4338=CARTESIAN_POINT('',(2.5,-24.,-5.0000000745));
#4339=CARTESIAN_POINT('',(21.5,-24.,-5.0000000745));
#4340=CARTESIAN_POINT('',(2.5,-18.,-5.0000000745));
#4341=CARTESIAN_POINT('Origin',(0.,58.5,-5.0000000745));
#4342=CARTESIAN_POINT('',(2.5,57.,-5.0000000745));
#4343=CARTESIAN_POINT('',(2.5,17.25,-5.0000000745));
#4344=CARTESIAN_POINT('',(6.34951829504526,57.,-5.0000000745));
#4345=CARTESIAN_POINT('',(1.25,57.,-5.0000000745));
#4346=CARTESIAN_POINT('',(6.0956166243723,57.4624844818675,-5.0000000745));
#4347=CARTESIAN_POINT('',(9.9917648302774,50.365610800371,-5.0000000745));
#4348=CARTESIAN_POINT('',(4.34244132732859,58.5,-5.0000000745));
#4349=CARTESIAN_POINT('Origin',(4.34244132732859,56.5,-5.00000007450001));
#4350=CARTESIAN_POINT('',(-3.,58.5,-5.0000000745));
#4351=CARTESIAN_POINT('',(0.,58.5,-5.0000000745));
#4352=CARTESIAN_POINT('Origin',(-3.,56.5,-5.0000000745));
#4353=CARTESIAN_POINT('Origin',(3.,36.1000000000001,-10.));
#4354=CARTESIAN_POINT('',(5.60000000000012,36.1000000000001,-23.0000000744999));
#4355=CARTESIAN_POINT('Origin',(3.,36.1000000000001,-23.0000000745));
#4356=CARTESIAN_POINT('',(5.60000000000012,36.1000000000001,-10.));
#4357=CARTESIAN_POINT('',(5.60000000000012,36.1000000000001,-10.));
#4358=CARTESIAN_POINT('Origin',(3.,36.1000000000001,-10.));
#4359=CARTESIAN_POINT('Origin',(3.,36.1000000000001,-10.));
#4360=CARTESIAN_POINT('Origin',(42.5,36.1000000000001,-10.));
#4361=CARTESIAN_POINT('',(45.1000000000001,36.1000000000001,-23.0000000744999));
#4362=CARTESIAN_POINT('Origin',(42.5,36.1000000000001,-23.0000000745));
#4363=CARTESIAN_POINT('',(45.1000000000001,36.1000000000001,-10.));
#4364=CARTESIAN_POINT('',(45.1000000000001,36.1000000000001,-10.));
#4365=CARTESIAN_POINT('Origin',(42.5,36.1000000000001,-10.));
#4366=CARTESIAN_POINT('Origin',(42.5,36.1000000000001,-10.));
#4367=CARTESIAN_POINT('Origin',(3.,-3.89999999999987,-10.));
#4368=CARTESIAN_POINT('',(6.39999999999987,-3.89999999999987,-23.0000000745));
#4369=CARTESIAN_POINT('Origin',(3.,-3.89999999999987,-23.0000000745));
#4370=CARTESIAN_POINT('',(6.39999999999987,-3.89999999999987,-10.));
#4371=CARTESIAN_POINT('',(6.39999999999987,-3.89999999999987,-10.));
#4372=CARTESIAN_POINT('Origin',(3.,-3.89999999999987,-10.));
#4373=CARTESIAN_POINT('Origin',(3.,-3.89999999999987,-10.));
#4374=CARTESIAN_POINT('Origin',(42.5,-3.89999999999987,-10.));
#4375=CARTESIAN_POINT('',(45.8999999999999,-3.89999999999987,-23.0000000745));
#4376=CARTESIAN_POINT('Origin',(42.5,-3.89999999999987,-23.0000000745));
#4377=CARTESIAN_POINT('',(45.8999999999999,-3.89999999999987,-10.));
#4378=CARTESIAN_POINT('',(45.8999999999999,-3.89999999999987,-10.));
#4379=CARTESIAN_POINT('Origin',(42.5,-3.89999999999987,-10.));
#4380=CARTESIAN_POINT('Origin',(42.5,-3.89999999999987,-10.));
#4381=CARTESIAN_POINT('Origin',(43.,-24.,-5.0000000745));
#4382=CARTESIAN_POINT('',(39.1744090559421,-24.,-5.0000000745));
#4383=CARTESIAN_POINT('',(39.1744090559421,-24.,-7.0000000745));
#4384=CARTESIAN_POINT('',(39.1744090559421,-24.,-5.0000000745));
#4385=CARTESIAN_POINT('',(43.,-24.,-5.0000000745));
#4386=CARTESIAN_POINT('',(21.5,-24.,-5.0000000745));
#4387=CARTESIAN_POINT('',(43.,-24.,-7.0000000745));
#4388=CARTESIAN_POINT('',(43.,-24.,-5.0000000745));
#4389=CARTESIAN_POINT('',(43.,-24.,-7.0000000745));
#4390=CARTESIAN_POINT('Origin',(43.,-24.,-5.0000000745));
#4391=CARTESIAN_POINT('',(6.32559094405786,-24.,-7.0000000745));
#4392=CARTESIAN_POINT('',(6.32559094405786,-24.,-5.0000000745));
#4393=CARTESIAN_POINT('',(2.5,-24.,-7.0000000745));
#4394=CARTESIAN_POINT('',(43.,-24.,-7.0000000745));
#4395=CARTESIAN_POINT('',(2.5,-24.,-5.0000000745));
#4396=CARTESIAN_POINT('Origin',(43.,57.,-5.0000000745));
#4397=CARTESIAN_POINT('',(43.,56.5,-5.0000000745));
#4398=CARTESIAN_POINT('',(43.,56.5,-7.0000000745));
#4399=CARTESIAN_POINT('',(43.,56.5,-8.0450000745));
#4400=CARTESIAN_POINT('',(43.,57.,-5.0000000745));
#4401=CARTESIAN_POINT('',(43.,57.75,-5.0000000745));
#4402=CARTESIAN_POINT('',(43.,57.,-7.0000000745));
#4403=CARTESIAN_POINT('',(43.,57.,-5.0000000745));
#4404=CARTESIAN_POINT('',(43.,57.,-7.0000000745));
#4405=CARTESIAN_POINT('Origin',(22.75,16.5,-7.0000000745));
#4406=CARTESIAN_POINT('',(41.2056078536953,56.5,-7.0000000745));
#4407=CARTESIAN_POINT('',(11.375,56.5,-7.0000000745));
#4408=CARTESIAN_POINT('',(39.1972612023844,57.,-7.0000000745));
#4409=CARTESIAN_POINT('',(2.5,57.,-7.0000000745));
#4410=CARTESIAN_POINT('',(29.7546056396666,39.8853525603554,-7.0000000745));
#4411=CARTESIAN_POINT('',(29.1267107933656,38.7473041742595,-7.0000000745));
#4412=CARTESIAN_POINT('',(15.7372988118252,39.9000620725301,-7.0000000745));
#4413=CARTESIAN_POINT('Origin',(22.75,43.75,-7.0000000745));
#4414=CARTESIAN_POINT('',(6.34951829504526,57.,-7.0000000745));
#4415=CARTESIAN_POINT('',(21.485018746087,29.4305316095329,-7.0000000745));
#4416=CARTESIAN_POINT('',(2.5,57.,-7.0000000745));
#4417=CARTESIAN_POINT('',(2.5,57.,-7.0000000745));
#4418=CARTESIAN_POINT('',(2.5,56.5,-7.0000000745));
#4419=CARTESIAN_POINT('',(2.5,-24.,-7.0000000745));
#4420=CARTESIAN_POINT('',(4.34244132732859,56.5,-7.0000000745));
#4421=CARTESIAN_POINT('',(11.375,56.5,-7.0000000745));
#4422=CARTESIAN_POINT('',(13.9841235147814,38.9375775906626,-7.0000000745));
#4423=CARTESIAN_POINT('',(19.7318434490433,28.4680471276655,-7.0000000745));
#4424=CARTESIAN_POINT('',(31.5057570495832,38.9191907004443,-7.0000000745));
#4425=CARTESIAN_POINT('Origin',(22.75,43.75,-7.0000000745));
#4426=CARTESIAN_POINT('',(30.8778622032823,37.7811423143484,-7.0000000745));
#4427=CARTESIAN_POINT('Origin',(2.5,-24.,-5.0000000745));
#4428=CARTESIAN_POINT('',(2.5,57.,-5.0000000745));
#4429=CARTESIAN_POINT('',(2.5,56.5,-8.0450000745));
#4430=CARTESIAN_POINT('Origin',(2.5,-24.,-5.0000000745));
#4431=CARTESIAN_POINT('',(2.5,-23.5,-7.0000000745));
#4432=CARTESIAN_POINT('',(2.5,-24.,-7.0000000745));
#4433=CARTESIAN_POINT('',(2.5,-23.5,-10.2615729497538));
#4434=CARTESIAN_POINT('',(2.5,-23.5,-5.0000000745));
#4435=CARTESIAN_POINT('',(2.5,-23.7332864376269,-10.0282865121269));
#4436=CARTESIAN_POINT('Origin',(2.5,57.,-5.0000000745));
#4437=CARTESIAN_POINT('',(6.34951829504526,57.,-5.0000000745));
#4438=CARTESIAN_POINT('Origin',(43.,57.,-5.0000000745));
#4439=CARTESIAN_POINT('',(43.,-23.5,-7.0000000745));
#4440=CARTESIAN_POINT('',(43.,-23.5,-5.0000000745));
#4441=CARTESIAN_POINT('',(43.,-23.5,-5.0000000745));
#4442=CARTESIAN_POINT('',(43.,57.,-7.0000000745));
#4443=CARTESIAN_POINT('',(43.,57.75,-5.0000000745));
#4444=CARTESIAN_POINT('Origin',(2.5,57.,-5.0000000745));
#4445=CARTESIAN_POINT('',(39.1972612023844,57.,-5.0000000745));
#4446=CARTESIAN_POINT('',(39.1972612023844,57.,-5.0000000745));
#4447=CARTESIAN_POINT('',(1.25,57.,-5.0000000745));
#4448=CARTESIAN_POINT('Origin',(22.75,16.5,-7.0000000745));
#4449=CARTESIAN_POINT('',(15.7414389715979,-6.89253032271623,-7.0000000745));
#4450=CARTESIAN_POINT('',(16.3762838797081,-5.73909305572697,-7.0000000745));
#4451=CARTESIAN_POINT('',(29.7585610284021,-6.89253032271622,-7.0000000745));
#4452=CARTESIAN_POINT('Origin',(22.75,-10.75,-7.0000000745));
#4453=CARTESIAN_POINT('',(24.002996634493,3.56464178291492,-7.0000000745));
#4454=CARTESIAN_POINT('',(41.1821343371139,-23.5,-7.0000000745));
#4455=CARTESIAN_POINT('',(11.375,-23.5,-7.0000000745));
#4456=CARTESIAN_POINT('',(31.5107012855026,-5.92816290339528,-7.0000000745));
#4457=CARTESIAN_POINT('',(25.7551368915935,4.52900920223587,-7.0000000745));
#4458=CARTESIAN_POINT('',(13.9892987144974,-5.92816290339528,-7.0000000745));
#4459=CARTESIAN_POINT('Origin',(22.75,-10.75,-7.0000000745));
#4460=CARTESIAN_POINT('',(4.31786566288609,-23.5,-7.0000000745));
#4461=CARTESIAN_POINT('',(14.6241436226075,-4.77472563640602,-7.0000000745));
#4462=CARTESIAN_POINT('',(11.375,-23.5,-7.0000000745));
#4463=CARTESIAN_POINT('Origin',(0.,-23.5,-5.0000000745));
#4464=CARTESIAN_POINT('',(4.31786566288609,-23.5,-10.2615729497538));
#4465=CARTESIAN_POINT('',(4.31786566288609,-23.5,-5.0000000745));
#4466=CARTESIAN_POINT('',(0.,-23.5,-10.2615729497538));
#4467=CARTESIAN_POINT('Origin',(3.74785974289948,-24.5356325806791,-5.0000000745));
#4468=CARTESIAN_POINT('',(13.9892987144974,-5.92816290339528,-23.0000000745));
#4469=CARTESIAN_POINT('',(13.9892987144974,-5.92816290339528,-5.0000000745));
#4470=CARTESIAN_POINT('',(11.3290190467071,-10.7615728752539,-23.0000000745));
#4471=CARTESIAN_POINT('',(6.04645964382597,-20.3593514862633,-23.0000000745));
#4472=CARTESIAN_POINT('',(3.10387694299769,-25.7056723041102,-8.05590064564364));
#4473=CARTESIAN_POINT('Origin',(22.75,-10.75,-5.0000000745));
#4474=CARTESIAN_POINT('',(31.5107012855026,-5.92816290339528,-23.0000000745));
#4475=CARTESIAN_POINT('',(31.5107012855026,-5.92816290339528,-5.0000000745));
#4476=CARTESIAN_POINT('Origin',(22.75,-10.75,-23.0000000745));
#4477=CARTESIAN_POINT('Origin',(31.5107012855026,-5.92816290339528,-5.0000000745));
#4478=CARTESIAN_POINT('',(41.1821343371139,-23.5,-5.0000000745));
#4479=CARTESIAN_POINT('',(29.0434201660161,-1.44540821008513,-23.0000000745));
#4480=CARTESIAN_POINT('Origin',(0.,-23.5,-5.0000000745));
#4481=CARTESIAN_POINT('',(0.,-23.5,-5.0000000745));
#4482=CARTESIAN_POINT('Origin',(41.7760068349706,57.5338381400889,-5.0000000745));
#4483=CARTESIAN_POINT('',(31.5057570495832,38.9191907004443,-23.0000000745));
#4484=CARTESIAN_POINT('',(31.5057570495832,38.9191907004443,-5.0000000745));
#4485=CARTESIAN_POINT('',(34.1774420574703,43.7615728752539,-23.0000000744999));
#4486=CARTESIAN_POINT('',(22.2826416873659,22.202456020133,-23.0000000745));
#4487=CARTESIAN_POINT('',(41.2056078536953,56.5,-10.2615729497538));
#4488=CARTESIAN_POINT('',(36.085211789304,47.2193720229082,-19.5422009268457));
#4489=CARTESIAN_POINT('',(41.2056078536953,56.5,-8.04500007449998));
#4490=CARTESIAN_POINT('Origin',(22.75,43.75,-5.0000000745));
#4491=CARTESIAN_POINT('',(13.9841235147814,38.9375775906626,-23.0000000744999));
#4492=CARTESIAN_POINT('',(13.9841235147814,38.9375775906626,-5.0000000745));
#4493=CARTESIAN_POINT('Origin',(22.75,43.75,-23.0000000745));
#4494=CARTESIAN_POINT('Origin',(13.9841235147814,38.9375775906626,-5.0000000745));
#4495=CARTESIAN_POINT('',(4.34244132732859,56.5,-8.04500007449998));
#4496=CARTESIAN_POINT('',(23.0223579806616,22.4743413588165,-23.0000000745));
#4497=CARTESIAN_POINT('Origin',(0.,56.5,-11.0900000745));
#4498=CARTESIAN_POINT('Origin',(0.,58.5,-5.0000000745));
#4499=CARTESIAN_POINT('',(39.4299940800134,-24.4643674193209,-5.0000000745));
#4500=CARTESIAN_POINT('',(12.4873346476646,24.4872222745825,-5.0000000745));
#4501=CARTESIAN_POINT('',(41.1821343371139,-25.5,-5.0000000745));
#4502=CARTESIAN_POINT('Origin',(41.1821343371139,-23.5,-5.0000000745));
#4503=CARTESIAN_POINT('',(52.,-25.5,-5.0000000745));
#4504=CARTESIAN_POINT('',(0.,-25.5,-5.0000000745));
#4505=CARTESIAN_POINT('',(54.,-23.5,-5.0000000745));
#4506=CARTESIAN_POINT('Origin',(52.,-23.5,-5.0000000745));
#4507=CARTESIAN_POINT('',(54.,56.5,-5.0000000745));
#4508=CARTESIAN_POINT('',(54.,37.5,-5.0000000745));
#4509=CARTESIAN_POINT('',(52.,58.5,-5.0000000745));
#4510=CARTESIAN_POINT('Origin',(52.,56.5,-5.0000000745));
#4511=CARTESIAN_POINT('',(41.2056078536953,58.5,-5.0000000745));
#4512=CARTESIAN_POINT('',(0.,58.5,-5.0000000745));
#4513=CARTESIAN_POINT('',(39.4544564437786,57.4661618599111,-5.0000000745));
#4514=CARTESIAN_POINT('Origin',(41.2056078536953,56.5,-5.00000007449997));
#4515=CARTESIAN_POINT('',(35.3546115070322,50.0352648856883,-5.0000000745));
#4516=CARTESIAN_POINT('',(0.,56.5,-5.0000000745));
#4517=CARTESIAN_POINT('Origin',(0.,-11.5900000000001,-23.0000000745));
#4518=CARTESIAN_POINT('',(0.,-10.7615728752539,-23.0000000745));
#4519=CARTESIAN_POINT('',(0.,43.7615728752539,-23.0000000744999));
#4520=CARTESIAN_POINT('Origin',(0.,43.175786437627,-23.5857865121268));
#4521=CARTESIAN_POINT('',(0.,56.5,-10.2615729497538));
#4522=CARTESIAN_POINT('Origin',(0.,-24.0857864376269,-9.67578651212691));
#4523=CARTESIAN_POINT('Origin',(0.,56.5,-11.0900000745));
#4524=CARTESIAN_POINT('Origin',(-3.,56.5,-10.2615729497538));
#4525=CARTESIAN_POINT('',(-3.,58.5,-10.2615729497538));
#4526=CARTESIAN_POINT('Origin',(-3.,56.5,-10.2615729497538));
#4527=CARTESIAN_POINT('Origin',(-3.,56.5,-10.2615729497538));
#4528=CARTESIAN_POINT('Origin',(4.34244132732859,56.5,-10.2615729497538));
#4529=CARTESIAN_POINT('',(4.34244132732859,58.5,-10.2615729497538));
#4530=CARTESIAN_POINT('Origin',(4.34244132732859,56.5,-10.2615729497538));
#4531=CARTESIAN_POINT('',(6.0956166243723,57.4624844818675,-10.2615729497538));
#4532=CARTESIAN_POINT('Origin',(4.34244132732859,56.5,-10.2615729497538));
#4533=CARTESIAN_POINT('Origin',(4.34244132732859,56.5,-10.2615729497538));
#4534=CARTESIAN_POINT('Origin',(4.34244132732859,56.5,-8.04500007449998));
#4535=CARTESIAN_POINT('',(6.0956166243723,57.4624844818675,-8.04500007449998));
#4536=CARTESIAN_POINT('',(4.34244132732859,58.5,-8.04500007449998));
#4537=CARTESIAN_POINT('Origin',(-3.,43.7615728752539,-23.0000000744999));
#4538=CARTESIAN_POINT('Origin',(-3.,43.7615728752539,-23.0000000744999));
#4539=CARTESIAN_POINT('Origin',(-3.,43.7615728752539,-23.0000000744999));
#4540=CARTESIAN_POINT('Origin',(-3.,-23.5,-10.2615729497538));
#4541=CARTESIAN_POINT('',(-3.,-25.5,-10.2615729497538));
#4542=CARTESIAN_POINT('Origin',(-3.,-23.5,-10.2615729497538));
#4543=CARTESIAN_POINT('Origin',(-3.,-23.5,-10.2615729497538));
#4544=CARTESIAN_POINT('Origin',(-3.,-23.5,-10.0000000745));
#4545=CARTESIAN_POINT('',(-3.,-25.5,-10.0000000745));
#4546=CARTESIAN_POINT('Origin',(41.2056078536953,56.5,-10.2615729497538));
#4547=CARTESIAN_POINT('',(41.2056078536953,58.5,-10.2615729497538));
#4548=CARTESIAN_POINT('',(39.4544564437786,57.4661618599111,-10.2615729497538));
#4549=CARTESIAN_POINT('Origin',(41.2056078536953,56.5,-10.2615729497538));
#4550=CARTESIAN_POINT('Origin',(41.2056078536953,56.5,-10.2615729497538));
#4551=CARTESIAN_POINT('Origin',(41.2056078536953,56.5,-10.2615729497538));
#4552=CARTESIAN_POINT('Origin',(11.3357741969179,43.7615728752539,-23.0000000744999));
#4553=CARTESIAN_POINT('Origin',(11.3357741969179,43.7615728752539,-23.0000000744999));
#4554=CARTESIAN_POINT('',(13.0889494939616,44.7240573571214,-23.0000000744999));
#4555=CARTESIAN_POINT('Origin',(11.3357741969179,43.7615728752539,-23.0000000744999));
#4556=CARTESIAN_POINT('Origin',(11.3357741969179,43.7615728752539,-23.0000000744999));
#4557=CARTESIAN_POINT('Origin',(9.33509157527346,47.4058366691866,-19.3557362805672));
#4558=CARTESIAN_POINT('',(11.0882668723172,48.3683211510541,-19.3557362805672));
#4559=CARTESIAN_POINT('Origin',(4.31786566288609,-23.5,-10.2615729497538));
#4560=CARTESIAN_POINT('',(4.31786566288609,-25.5,-10.2615729497538));
#4561=CARTESIAN_POINT('Origin',(4.31786566288609,-23.5,-10.2615729497538));
#4562=CARTESIAN_POINT('',(6.07000591998661,-24.4643674193209,-10.2615729497538));
#4563=CARTESIAN_POINT('Origin',(4.31786566288609,-23.5,-10.2615729497538));
#4564=CARTESIAN_POINT('Origin',(4.31786566288609,-23.5,-10.2615729497538));
#4565=CARTESIAN_POINT('Origin',(-3.,-10.7615728752539,-23.0000000745));
#4566=CARTESIAN_POINT('Origin',(-3.,-10.7615728752539,-23.0000000745));
#4567=CARTESIAN_POINT('Origin',(-3.,-10.7615728752539,-23.0000000745));
#4568=CARTESIAN_POINT('Origin',(-3.,2.45499999999998,-23.0000000745));
#4569=CARTESIAN_POINT('Origin',(52.,56.5,-10.2615729497538));
#4570=CARTESIAN_POINT('',(52.,58.5,-10.2615729497538));
#4571=CARTESIAN_POINT('Origin',(52.,56.5,-10.2615729497538));
#4572=CARTESIAN_POINT('Origin',(52.,56.5,-10.2615729497538));
#4573=CARTESIAN_POINT('Origin',(52.,56.5,-13.0450000745));
#4574=CARTESIAN_POINT('',(54.,56.5,-13.0450000745));
#4575=CARTESIAN_POINT('',(52.,58.5,-13.0450000745));
#4576=CARTESIAN_POINT('Origin',(34.1774420574703,43.7615728752539,-23.0000000744999));
#4577=CARTESIAN_POINT('',(32.4262906475537,44.727734735165,-23.0000000744999));
#4578=CARTESIAN_POINT('Origin',(34.1774420574703,43.7615728752539,-23.0000000744999));
#4579=CARTESIAN_POINT('Origin',(34.1774420574703,43.7615728752539,-23.0000000744999));
#4580=CARTESIAN_POINT('Origin',(34.1774420574703,43.7615728752539,-23.0000000744999));
#4581=CARTESIAN_POINT('Origin',(11.3290190467071,-10.7615728752539,-23.0000000745));
#4582=CARTESIAN_POINT('',(13.0811593038076,-11.7259402945748,-23.0000000745));
#4583=CARTESIAN_POINT('Origin',(11.3290190467071,-10.7615728752539,-23.0000000745));
#4584=CARTESIAN_POINT('Origin',(11.3290190467071,-10.7615728752539,-23.0000000745));
#4585=CARTESIAN_POINT('Origin',(11.3290190467071,-10.7615728752539,-23.0000000745));
#4586=CARTESIAN_POINT('Origin',(0.,-10.7615728752539,-23.0000000745));
#4587=CARTESIAN_POINT('Origin',(41.1821343371139,-23.5,-10.2615729497538));
#4588=CARTESIAN_POINT('',(39.4299940800134,-24.4643674193209,-10.2615729497538));
#4589=CARTESIAN_POINT('Origin',(41.1821343371139,-23.5,-10.2615729497538));
#4590=CARTESIAN_POINT('',(41.1821343371139,-25.5,-10.2615729497538));
#4591=CARTESIAN_POINT('Origin',(41.1821343371139,-23.5,-10.2615729497538));
#4592=CARTESIAN_POINT('Origin',(41.1821343371139,-23.5,-10.2615729497538));
#4593=CARTESIAN_POINT('Origin',(52.,43.7615728752539,-23.0000000744999));
#4594=CARTESIAN_POINT('Origin',(52.,43.7615728752539,-23.0000000744999));
#4595=CARTESIAN_POINT('Origin',(52.,43.7615728752539,-23.0000000744999));
#4596=CARTESIAN_POINT('Origin',(52.,-23.5,-10.2615729497538));
#4597=CARTESIAN_POINT('',(52.,-25.5,-10.2615729497538));
#4598=CARTESIAN_POINT('Origin',(52.,-23.5,-10.2615729497538));
#4599=CARTESIAN_POINT('Origin',(52.,-23.5,-10.2615729497538));
#4600=CARTESIAN_POINT('Origin',(34.1709809532929,-10.7615728752539,-23.0000000745));
#4601=CARTESIAN_POINT('',(32.4188406961924,-11.7259402945748,-23.0000000745));
#4602=CARTESIAN_POINT('Origin',(34.1709809532929,-10.7615728752539,-23.0000000745));
#4603=CARTESIAN_POINT('Origin',(34.1709809532929,-10.7615728752539,-23.0000000745));
#4604=CARTESIAN_POINT('Origin',(34.1709809532929,-10.7615728752539,-23.0000000745));
#4605=CARTESIAN_POINT('Origin',(29.0434201660161,-1.44540821008513,-23.0000000745));
#4606=CARTESIAN_POINT('',(29.7585610284021,-6.89253032271622,-23.0000000745));
#4607=CARTESIAN_POINT('Origin',(31.5107012855026,-5.92816290339528,-23.0000000745));
#4608=CARTESIAN_POINT('',(27.2912799089156,-2.40977562940608,-23.0000000745));
#4609=CARTESIAN_POINT('Origin',(22.75,-10.75,-23.0000000745));
#4610=CARTESIAN_POINT('',(15.7414389715979,-6.89253032271623,-23.0000000745));
#4611=CARTESIAN_POINT('Origin',(13.9892987144974,-5.92816290339528,-23.0000000745));
#4612=CARTESIAN_POINT('Origin',(22.75,-10.75,-23.0000000745));
#4613=CARTESIAN_POINT('Origin',(6.04645964382597,-20.3593514862633,-23.0000000745));
#4614=CARTESIAN_POINT('',(7.79859990092648,-21.3237189055843,-23.0000000745));
#4615=CARTESIAN_POINT('Origin',(52.,-10.7615728752539,-23.0000000745));
#4616=CARTESIAN_POINT('Origin',(52.,-10.7615728752539,-23.0000000745));
#4617=CARTESIAN_POINT('Origin',(52.,-10.7615728752539,-23.0000000745));
#4618=CARTESIAN_POINT('Origin',(0.,-10.7615728752539,-23.0000000745));
#4619=CARTESIAN_POINT('Origin',(52.,2.45499999999998,-23.0000000745));
#4620=CARTESIAN_POINT('',(54.,2.45499999999998,-23.0000000745));
#4621=CARTESIAN_POINT('Origin',(36.5063766101801,-15.0047074572694,-18.7568654924844));
#4622=CARTESIAN_POINT('',(34.7542363530796,-15.9690748765904,-18.7568654924844));
#4623=CARTESIAN_POINT('Origin',(52.,-23.5,-10.0000000745));
#4624=CARTESIAN_POINT('',(52.,-25.5,-10.0000000745));
#4625=CARTESIAN_POINT('',(54.,-23.5,-10.0000000745));
#4626=CARTESIAN_POINT('Origin',(0.,-23.5,-10.2615729497538));
#4627=CARTESIAN_POINT('',(0.,-25.5,-10.2615729497538));
#4628=CARTESIAN_POINT('Origin',(0.,43.7615728752539,-23.0000000744999));
#4629=CARTESIAN_POINT('Origin',(41.1821343371139,-23.5,-5.0000000745));
#4630=CARTESIAN_POINT('',(39.4299940800134,-24.4643674193209,-5.0000000745));
#4631=CARTESIAN_POINT('',(41.1821343371139,-25.5,-5.0000000745));
#4632=CARTESIAN_POINT('Origin',(3.10387694299769,-25.7056723041102,-8.05590064564364));
#4633=CARTESIAN_POINT('',(4.8560172000982,-26.6700397234311,-8.05590064564364));
#4634=CARTESIAN_POINT('Origin',(23.0223579806616,22.4743413588165,-23.0000000744999));
#4635=CARTESIAN_POINT('',(15.7372988118252,39.9000620725301,-23.0000000744999));
#4636=CARTESIAN_POINT('Origin',(13.9841235147814,38.9375775906626,-23.0000000744999));
#4637=CARTESIAN_POINT('',(24.7755332777053,23.436825840684,-23.0000000744999));
#4638=CARTESIAN_POINT('Origin',(22.75,43.75,-23.0000000745));
#4639=CARTESIAN_POINT('',(29.7546056396666,39.8853525603554,-23.0000000745));
#4640=CARTESIAN_POINT('Origin',(31.5057570495832,38.9191907004443,-23.0000000745));
#4641=CARTESIAN_POINT('Origin',(22.75,43.75,-23.0000000745));
#4642=CARTESIAN_POINT('Origin',(22.2826416873659,22.202456020133,-23.0000000745));
#4643=CARTESIAN_POINT('',(20.5314902774493,23.1686178800442,-23.0000000745));
#4644=CARTESIAN_POINT('Origin',(36.085211789304,47.2193720229082,-19.5422009268457));
#4645=CARTESIAN_POINT('',(34.3340603793873,48.1855338828193,-19.5422009268457));
#4646=CARTESIAN_POINT('Origin',(0.,56.5,-10.2615729497538));
#4647=CARTESIAN_POINT('',(0.,58.5,-10.2615729497538));
#4648=CARTESIAN_POINT('Origin',(4.31786566288609,-23.5,-5.0000000745));
#4649=CARTESIAN_POINT('',(4.31786566288609,-25.5,-5.0000000745));
#4650=CARTESIAN_POINT('',(6.07000591998661,-24.4643674193209,-5.0000000745));
#4651=CARTESIAN_POINT('Origin',(0.,-23.5,-10.2615729497538));
#4652=CARTESIAN_POINT('',(0.,-25.5,-10.2615729497538));
#4653=CARTESIAN_POINT('Origin',(0.,43.7615728752539,-23.0000000744999));
#4654=CARTESIAN_POINT('Origin',(41.2056078536953,56.5,-8.04500007449998));
#4655=CARTESIAN_POINT('',(41.2056078536953,58.5,-8.04500007449998));
#4656=CARTESIAN_POINT('',(39.4544564437786,57.4661618599111,-8.04500007449998));
#4657=CARTESIAN_POINT('Origin',(0.,56.5,-10.2615729497538));
#4658=CARTESIAN_POINT('',(0.,58.5,-10.2615729497538));
#4659=CARTESIAN_POINT('Origin',(-3.,56.5,-13.0450000745));
#4660=CARTESIAN_POINT('',(-3.,58.5,-13.0450000745));
#4661=CARTESIAN_POINT('Origin',(54.,16.5,-15.0000000745));
#4662=CARTESIAN_POINT('Origin',(0.,58.5,-11.0900000745));
#4663=CARTESIAN_POINT('Origin',(40.024855425054,58.5,-5.0000000745));
#4664=CARTESIAN_POINT('',(29.7546056396666,39.8853525603554,-5.0000000745));
#4665=CARTESIAN_POINT('Origin',(22.75,43.75,-5.0000000745));
#4666=CARTESIAN_POINT('',(15.7372988118252,39.9000620725301,-5.0000000745));
#4667=CARTESIAN_POINT('Origin',(15.7372988118252,39.9000620725301,-5.0000000745));
#4668=CARTESIAN_POINT('Origin',(0.,58.5,-11.0900000745));
#4669=CARTESIAN_POINT('Origin',(29.7585610284021,-6.89253032271622,-5.0000000745));
#4670=CARTESIAN_POINT('',(29.7585610284021,-6.89253032271622,-5.0000000745));
#4671=CARTESIAN_POINT('Origin',(22.75,-10.75,-5.0000000745));
#4672=CARTESIAN_POINT('',(15.7414389715979,-6.89253032271623,-5.0000000745));
#4673=CARTESIAN_POINT('Origin',(5.5,-25.5,-5.0000000745));
#4674=CARTESIAN_POINT('Origin',(0.,-25.5,-5.0000000745));
#4675=CARTESIAN_POINT('Origin',(0.,-25.5,-5.0000000745));
#4676=UNCERTAINTY_MEASURE_WITH_UNIT(LENGTH_MEASURE(0.01),#4680,
'DISTANCE_ACCURACY_VALUE',
'Maximum model space distance between geometric entities at asserted c
onnectivities');
#4677=UNCERTAINTY_MEASURE_WITH_UNIT(LENGTH_MEASURE(0.01),#4680,
'DISTANCE_ACCURACY_VALUE',
'Maximum model space distance between geometric entities at asserted c
onnectivities');
#4678=(
GEOMETRIC_REPRESENTATION_CONTEXT(3)
GLOBAL_UNCERTAINTY_ASSIGNED_CONTEXT((#4676))
GLOBAL_UNIT_ASSIGNED_CONTEXT((#4680,#4682,#4683))
REPRESENTATION_CONTEXT('','3D')
);
#4679=(
GEOMETRIC_REPRESENTATION_CONTEXT(3)
GLOBAL_UNCERTAINTY_ASSIGNED_CONTEXT((#4677))
GLOBAL_UNIT_ASSIGNED_CONTEXT((#4680,#4682,#4683))
REPRESENTATION_CONTEXT('','3D')
);
#4680=(
LENGTH_UNIT()
NAMED_UNIT(*)
SI_UNIT(.MILLI.,.METRE.)
);
#4681=(
LENGTH_UNIT()
NAMED_UNIT(*)
SI_UNIT($,.METRE.)
);
#4682=(
NAMED_UNIT(*)
PLANE_ANGLE_UNIT()
SI_UNIT($,.RADIAN.)
);
#4683=(
NAMED_UNIT(*)
SI_UNIT($,.STERADIAN.)
SOLID_ANGLE_UNIT()
);
#4684=SHAPE_DEFINITION_REPRESENTATION(#4685,#4686);
#4685=PRODUCT_DEFINITION_SHAPE('',$,#4688);
#4686=SHAPE_REPRESENTATION('',(#2777),#4678);
#4687=PRODUCT_DEFINITION_CONTEXT('part definition',#4692,'design');
#4688=PRODUCT_DEFINITION('bottom cover','bottom cover v10',#4689,#4687);
#4689=PRODUCT_DEFINITION_FORMATION('',$,#4694);
#4690=PRODUCT_RELATED_PRODUCT_CATEGORY('bottom cover v10',
'bottom cover v10',(#4694));
#4691=APPLICATION_PROTOCOL_DEFINITION('international standard',
'automotive_design',2009,#4692);
#4692=APPLICATION_CONTEXT(
'Core Data for Automotive Mechanical Design Process');
#4693=PRODUCT_CONTEXT('part definition',#4692,'mechanical');
#4694=PRODUCT('bottom cover','bottom cover v10',$,(#4693));
#4695=PRESENTATION_STYLE_ASSIGNMENT((#4696));
#4696=SURFACE_STYLE_USAGE(.BOTH.,#4697);
#4697=SURFACE_SIDE_STYLE('',(#4698));
#4698=SURFACE_STYLE_FILL_AREA(#4699);
#4699=FILL_AREA_STYLE('Steel - Satin',(#4700));
#4700=FILL_AREA_STYLE_COLOUR('Steel - Satin',#4701);
#4701=COLOUR_RGB('Steel - Satin',0.627450980392157,0.627450980392157,0.627450980392157);
ENDSEC;
END-ISO-10303-21;
