ISO-10303-21;
HEADER;
/* Generated by software containing ST-Developer
 * from STEP Tools, Inc. (www.steptools.com) 
 */

FILE_DESCRIPTION(
/* description */ (''),
/* implementation_level */ '2;1');

FILE_NAME(
/* name */ 'top cover v2.step',
/* time_stamp */ '2026-06-22T18:04:01+08:00',
/* author */ (''),
/* organization */ (''),
/* preprocessor_version */ 'ST-DEVELOPER v20.1',
/* originating_system */ 'Autodesk Translation Framework v15.8.0.0',
/* authorisation */ '');

FILE_SCHEMA (('AUTOMOTIVE_DESIGN { 1 0 10303 214 3 1 1 }'));
ENDSEC;

DATA;
#10=MECHANICAL_DESIGN_GEOMETRIC_PRESENTATION_REPRESENTATION('',(#17),#5347);
#11=ITEM_DEFINED_TRANSFORMATION($,$,#3180,#3482);
#12=(
REPRESENTATION_RELATIONSHIP($,$,#5358,#5357)
REPRESENTATION_RELATIONSHIP_WITH_TRANSFORMATION(#11)
SHAPE_REPRESENTATION_RELATIONSHIP()
);
#13=CONTEXT_DEPENDENT_SHAPE_REPRESENTATION(#12,#5356);
#14=NEXT_ASSEMBLY_USAGE_OCCURRENCE('top cover v11:1','top cover v11:1',
'top cover v11:1',#5360,#5361,'top cover v11:1');
#15=SHAPE_REPRESENTATION_RELATIONSHIP('SRR','None',#5358,#16);
#16=ADVANCED_BREP_SHAPE_REPRESENTATION('',(#18),#5346);
#17=STYLED_ITEM('',(#5371),#18);
#18=MANIFOLD_SOLID_BREP('Body1',#3166);
#19=TOROIDAL_SURFACE('',#3410,10.,2.);
#20=TOROIDAL_SURFACE('',#3426,10.,2.);
#21=SPHERICAL_SURFACE('',#3347,2.);
#22=SPHERICAL_SURFACE('',#3350,2.);
#23=SPHERICAL_SURFACE('',#3354,2.);
#24=SPHERICAL_SURFACE('',#3361,2.);
#25=SPHERICAL_SURFACE('',#3364,2.00000000000001);
#26=SPHERICAL_SURFACE('',#3368,2.);
#27=SPHERICAL_SURFACE('',#3371,2.);
#28=SPHERICAL_SURFACE('',#3377,2.);
#29=SPHERICAL_SURFACE('',#3382,2.);
#30=SPHERICAL_SURFACE('',#3385,2.);
#31=SPHERICAL_SURFACE('',#3389,2.);
#32=SPHERICAL_SURFACE('',#3394,2.);
#33=SPHERICAL_SURFACE('',#3399,2.);
#34=SPHERICAL_SURFACE('',#3403,2.);
#35=SPHERICAL_SURFACE('',#3414,2.);
#36=SPHERICAL_SURFACE('',#3418,2.);
#37=B_SPLINE_CURVE_WITH_KNOTS('',3,(#4939,#4940,#4941,#4942,#4943,#4944,
#4945,#4946,#4947,#4948,#4949,#4950),.UNSPECIFIED.,.F.,.F.,(4,2,2,2,2,4),
(1.59173221460317,1.64496691803131,1.69820162145945,1.75219049497558,1.80617936849172,
1.81647296434559),.UNSPECIFIED.);
#38=B_SPLINE_CURVE_WITH_KNOTS('',3,(#4972,#4973,#4974,#4975,#4976,#4977,
#4978,#4979,#4980,#4981,#4982,#4983),.UNSPECIFIED.,.F.,.F.,(4,2,2,2,2,4),
(1.36699146486126,1.37728506071521,1.43127393423138,1.48526280774756,1.53849751117573,
1.5917322146039),.UNSPECIFIED.);
#39=ELLIPSE('',#3236,5.65685424949365,2.);
#40=ELLIPSE('',#3240,5.65685424949382,2.);
#41=ELLIPSE('',#3246,5.65685424949093,2.);
#42=ELLIPSE('',#3250,5.6568542494911,2.);
#43=ELLIPSE('',#3258,5.65685424949381,2.);
#44=ELLIPSE('',#3260,5.65685424949358,2.);
#45=ELLIPSE('',#3266,5.65685424949088,2.);
#46=ELLIPSE('',#3269,5.65685424949109,2.);
#47=FACE_BOUND('',#420,.T.);
#48=FACE_BOUND('',#423,.T.);
#49=FACE_BOUND('',#426,.T.);
#50=FACE_BOUND('',#435,.T.);
#51=FACE_BOUND('',#436,.T.);
#52=FACE_BOUND('',#437,.T.);
#53=FACE_BOUND('',#438,.T.);
#54=FACE_BOUND('',#439,.T.);
#55=FACE_BOUND('',#440,.T.);
#56=FACE_BOUND('',#441,.T.);
#57=FACE_BOUND('',#442,.T.);
#58=FACE_BOUND('',#449,.T.);
#59=FACE_BOUND('',#458,.T.);
#60=FACE_BOUND('',#466,.T.);
#61=FACE_BOUND('',#474,.T.);
#62=FACE_BOUND('',#482,.T.);
#63=FACE_BOUND('',#517,.T.);
#64=FACE_BOUND('',#519,.T.);
#65=FACE_BOUND('',#608,.T.);
#66=FACE_BOUND('',#609,.T.);
#67=CYLINDRICAL_SURFACE('',#3185,1.1);
#68=CYLINDRICAL_SURFACE('',#3191,1.1);
#69=CYLINDRICAL_SURFACE('',#3197,1.10000117298762);
#70=CYLINDRICAL_SURFACE('',#3201,1.75);
#71=CYLINDRICAL_SURFACE('',#3205,1.75);
#72=CYLINDRICAL_SURFACE('',#3209,1.75);
#73=CYLINDRICAL_SURFACE('',#3273,2.);
#74=CYLINDRICAL_SURFACE('',#3276,2.);
#75=CYLINDRICAL_SURFACE('',#3280,2.);
#76=CYLINDRICAL_SURFACE('',#3283,1.7);
#77=CYLINDRICAL_SURFACE('',#3285,1.7);
#78=CYLINDRICAL_SURFACE('',#3287,1.7);
#79=CYLINDRICAL_SURFACE('',#3289,1.7);
#80=CYLINDRICAL_SURFACE('',#3310,2.);
#81=CYLINDRICAL_SURFACE('',#3316,2.);
#82=CYLINDRICAL_SURFACE('',#3322,2.);
#83=CYLINDRICAL_SURFACE('',#3335,3.);
#84=CYLINDRICAL_SURFACE('',#3338,3.);
#85=CYLINDRICAL_SURFACE('',#3341,3.);
#86=CYLINDRICAL_SURFACE('',#3344,3.);
#87=CYLINDRICAL_SURFACE('',#3358,2.);
#88=CYLINDRICAL_SURFACE('',#3359,2.);
#89=CYLINDRICAL_SURFACE('',#3375,2.);
#90=CYLINDRICAL_SURFACE('',#3376,2.);
#91=CYLINDRICAL_SURFACE('',#3381,2.);
#92=CYLINDRICAL_SURFACE('',#3393,2.);
#93=CYLINDRICAL_SURFACE('',#3397,2.);
#94=CYLINDRICAL_SURFACE('',#3398,2.);
#95=CYLINDRICAL_SURFACE('',#3402,2.);
#96=CYLINDRICAL_SURFACE('',#3407,2.);
#97=CYLINDRICAL_SURFACE('',#3408,2.);
#98=CYLINDRICAL_SURFACE('',#3413,2.);
#99=CYLINDRICAL_SURFACE('',#3417,2.);
#100=CYLINDRICAL_SURFACE('',#3421,2.);
#101=CYLINDRICAL_SURFACE('',#3422,2.);
#102=CYLINDRICAL_SURFACE('',#3423,2.);
#103=CYLINDRICAL_SURFACE('',#3424,2.);
#104=CYLINDRICAL_SURFACE('',#3429,2.);
#105=CYLINDRICAL_SURFACE('',#3430,2.);
#106=CYLINDRICAL_SURFACE('',#3431,2.);
#107=CYLINDRICAL_SURFACE('',#3432,2.);
#108=CYLINDRICAL_SURFACE('',#3433,2.);
#109=CYLINDRICAL_SURFACE('',#3434,2.);
#110=CYLINDRICAL_SURFACE('',#3436,2.);
#111=CYLINDRICAL_SURFACE('',#3437,2.);
#112=CYLINDRICAL_SURFACE('',#3439,2.);
#113=CYLINDRICAL_SURFACE('',#3443,8.);
#114=CYLINDRICAL_SURFACE('',#3463,10.);
#115=CYLINDRICAL_SURFACE('',#3467,10.);
#116=CYLINDRICAL_SURFACE('',#3476,8.);
#117=PLANE('',#3184);
#118=PLANE('',#3190);
#119=PLANE('',#3196);
#120=PLANE('',#3199);
#121=PLANE('',#3203);
#122=PLANE('',#3207);
#123=PLANE('',#3211);
#124=PLANE('',#3212);
#125=PLANE('',#3213);
#126=PLANE('',#3214);
#127=PLANE('',#3215);
#128=PLANE('',#3216);
#129=PLANE('',#3217);
#130=PLANE('',#3224);
#131=PLANE('',#3225);
#132=PLANE('',#3226);
#133=PLANE('',#3227);
#134=PLANE('',#3228);
#135=PLANE('',#3229);
#136=PLANE('',#3232);
#137=PLANE('',#3233);
#138=PLANE('',#3234);
#139=PLANE('',#3235);
#140=PLANE('',#3237);
#141=PLANE('',#3238);
#142=PLANE('',#3239);
#143=PLANE('',#3241);
#144=PLANE('',#3243);
#145=PLANE('',#3244);
#146=PLANE('',#3245);
#147=PLANE('',#3247);
#148=PLANE('',#3248);
#149=PLANE('',#3249);
#150=PLANE('',#3251);
#151=PLANE('',#3253);
#152=PLANE('',#3254);
#153=PLANE('',#3255);
#154=PLANE('',#3256);
#155=PLANE('',#3257);
#156=PLANE('',#3259);
#157=PLANE('',#3261);
#158=PLANE('',#3263);
#159=PLANE('',#3264);
#160=PLANE('',#3265);
#161=PLANE('',#3267);
#162=PLANE('',#3268);
#163=PLANE('',#3270);
#164=PLANE('',#3271);
#165=PLANE('',#3279);
#166=PLANE('',#3291);
#167=PLANE('',#3292);
#168=PLANE('',#3293);
#169=PLANE('',#3294);
#170=PLANE('',#3295);
#171=PLANE('',#3296);
#172=PLANE('',#3297);
#173=PLANE('',#3299);
#174=PLANE('',#3301);
#175=PLANE('',#3303);
#176=PLANE('',#3304);
#177=PLANE('',#3305);
#178=PLANE('',#3306);
#179=PLANE('',#3308);
#180=PLANE('',#3313);
#181=PLANE('',#3314);
#182=PLANE('',#3315);
#183=PLANE('',#3319);
#184=PLANE('',#3321);
#185=PLANE('',#3325);
#186=PLANE('',#3326);
#187=PLANE('',#3327);
#188=PLANE('',#3328);
#189=PLANE('',#3331);
#190=PLANE('',#3334);
#191=PLANE('',#3337);
#192=PLANE('',#3340);
#193=PLANE('',#3343);
#194=PLANE('',#3346);
#195=PLANE('',#3441);
#196=PLANE('',#3442);
#197=PLANE('',#3445);
#198=PLANE('',#3446);
#199=PLANE('',#3447);
#200=PLANE('',#3448);
#201=PLANE('',#3449);
#202=PLANE('',#3450);
#203=PLANE('',#3451);
#204=PLANE('',#3452);
#205=PLANE('',#3453);
#206=PLANE('',#3454);
#207=PLANE('',#3455);
#208=PLANE('',#3457);
#209=PLANE('',#3460);
#210=PLANE('',#3461);
#211=PLANE('',#3462);
#212=PLANE('',#3464);
#213=PLANE('',#3465);
#214=PLANE('',#3466);
#215=PLANE('',#3468);
#216=PLANE('',#3469);
#217=PLANE('',#3470);
#218=PLANE('',#3471);
#219=PLANE('',#3472);
#220=PLANE('',#3473);
#221=PLANE('',#3474);
#222=PLANE('',#3475);
#223=PLANE('',#3477);
#224=PLANE('',#3478);
#225=PLANE('',#3479);
#226=PLANE('',#3480);
#227=PLANE('',#3481);
#228=FACE_OUTER_BOUND('',#410,.T.);
#229=FACE_OUTER_BOUND('',#411,.T.);
#230=FACE_OUTER_BOUND('',#412,.T.);
#231=FACE_OUTER_BOUND('',#413,.T.);
#232=FACE_OUTER_BOUND('',#414,.T.);
#233=FACE_OUTER_BOUND('',#415,.T.);
#234=FACE_OUTER_BOUND('',#416,.T.);
#235=FACE_OUTER_BOUND('',#417,.T.);
#236=FACE_OUTER_BOUND('',#418,.T.);
#237=FACE_OUTER_BOUND('',#419,.T.);
#238=FACE_OUTER_BOUND('',#421,.T.);
#239=FACE_OUTER_BOUND('',#422,.T.);
#240=FACE_OUTER_BOUND('',#424,.T.);
#241=FACE_OUTER_BOUND('',#425,.T.);
#242=FACE_OUTER_BOUND('',#427,.T.);
#243=FACE_OUTER_BOUND('',#428,.T.);
#244=FACE_OUTER_BOUND('',#429,.T.);
#245=FACE_OUTER_BOUND('',#430,.T.);
#246=FACE_OUTER_BOUND('',#431,.T.);
#247=FACE_OUTER_BOUND('',#432,.T.);
#248=FACE_OUTER_BOUND('',#433,.T.);
#249=FACE_OUTER_BOUND('',#434,.T.);
#250=FACE_OUTER_BOUND('',#443,.T.);
#251=FACE_OUTER_BOUND('',#444,.T.);
#252=FACE_OUTER_BOUND('',#445,.T.);
#253=FACE_OUTER_BOUND('',#446,.T.);
#254=FACE_OUTER_BOUND('',#447,.T.);
#255=FACE_OUTER_BOUND('',#448,.T.);
#256=FACE_OUTER_BOUND('',#450,.T.);
#257=FACE_OUTER_BOUND('',#451,.T.);
#258=FACE_OUTER_BOUND('',#452,.T.);
#259=FACE_OUTER_BOUND('',#453,.T.);
#260=FACE_OUTER_BOUND('',#454,.T.);
#261=FACE_OUTER_BOUND('',#455,.T.);
#262=FACE_OUTER_BOUND('',#456,.T.);
#263=FACE_OUTER_BOUND('',#457,.T.);
#264=FACE_OUTER_BOUND('',#459,.T.);
#265=FACE_OUTER_BOUND('',#460,.T.);
#266=FACE_OUTER_BOUND('',#461,.T.);
#267=FACE_OUTER_BOUND('',#462,.T.);
#268=FACE_OUTER_BOUND('',#463,.T.);
#269=FACE_OUTER_BOUND('',#464,.T.);
#270=FACE_OUTER_BOUND('',#465,.T.);
#271=FACE_OUTER_BOUND('',#467,.T.);
#272=FACE_OUTER_BOUND('',#468,.T.);
#273=FACE_OUTER_BOUND('',#469,.T.);
#274=FACE_OUTER_BOUND('',#470,.T.);
#275=FACE_OUTER_BOUND('',#471,.T.);
#276=FACE_OUTER_BOUND('',#472,.T.);
#277=FACE_OUTER_BOUND('',#473,.T.);
#278=FACE_OUTER_BOUND('',#475,.T.);
#279=FACE_OUTER_BOUND('',#476,.T.);
#280=FACE_OUTER_BOUND('',#477,.T.);
#281=FACE_OUTER_BOUND('',#478,.T.);
#282=FACE_OUTER_BOUND('',#479,.T.);
#283=FACE_OUTER_BOUND('',#480,.T.);
#284=FACE_OUTER_BOUND('',#481,.T.);
#285=FACE_OUTER_BOUND('',#483,.T.);
#286=FACE_OUTER_BOUND('',#484,.T.);
#287=FACE_OUTER_BOUND('',#485,.T.);
#288=FACE_OUTER_BOUND('',#486,.T.);
#289=FACE_OUTER_BOUND('',#487,.T.);
#290=FACE_OUTER_BOUND('',#488,.T.);
#291=FACE_OUTER_BOUND('',#489,.T.);
#292=FACE_OUTER_BOUND('',#490,.T.);
#293=FACE_OUTER_BOUND('',#491,.T.);
#294=FACE_OUTER_BOUND('',#492,.T.);
#295=FACE_OUTER_BOUND('',#493,.T.);
#296=FACE_OUTER_BOUND('',#494,.T.);
#297=FACE_OUTER_BOUND('',#495,.T.);
#298=FACE_OUTER_BOUND('',#496,.T.);
#299=FACE_OUTER_BOUND('',#497,.T.);
#300=FACE_OUTER_BOUND('',#498,.T.);
#301=FACE_OUTER_BOUND('',#499,.T.);
#302=FACE_OUTER_BOUND('',#500,.T.);
#303=FACE_OUTER_BOUND('',#501,.T.);
#304=FACE_OUTER_BOUND('',#502,.T.);
#305=FACE_OUTER_BOUND('',#503,.T.);
#306=FACE_OUTER_BOUND('',#504,.T.);
#307=FACE_OUTER_BOUND('',#505,.T.);
#308=FACE_OUTER_BOUND('',#506,.T.);
#309=FACE_OUTER_BOUND('',#507,.T.);
#310=FACE_OUTER_BOUND('',#508,.T.);
#311=FACE_OUTER_BOUND('',#509,.T.);
#312=FACE_OUTER_BOUND('',#510,.T.);
#313=FACE_OUTER_BOUND('',#511,.T.);
#314=FACE_OUTER_BOUND('',#512,.T.);
#315=FACE_OUTER_BOUND('',#513,.T.);
#316=FACE_OUTER_BOUND('',#514,.T.);
#317=FACE_OUTER_BOUND('',#515,.T.);
#318=FACE_OUTER_BOUND('',#516,.T.);
#319=FACE_OUTER_BOUND('',#518,.T.);
#320=FACE_OUTER_BOUND('',#520,.T.);
#321=FACE_OUTER_BOUND('',#521,.T.);
#322=FACE_OUTER_BOUND('',#522,.T.);
#323=FACE_OUTER_BOUND('',#523,.T.);
#324=FACE_OUTER_BOUND('',#524,.T.);
#325=FACE_OUTER_BOUND('',#525,.T.);
#326=FACE_OUTER_BOUND('',#526,.T.);
#327=FACE_OUTER_BOUND('',#527,.T.);
#328=FACE_OUTER_BOUND('',#528,.T.);
#329=FACE_OUTER_BOUND('',#529,.T.);
#330=FACE_OUTER_BOUND('',#530,.T.);
#331=FACE_OUTER_BOUND('',#531,.T.);
#332=FACE_OUTER_BOUND('',#532,.T.);
#333=FACE_OUTER_BOUND('',#533,.T.);
#334=FACE_OUTER_BOUND('',#534,.T.);
#335=FACE_OUTER_BOUND('',#535,.T.);
#336=FACE_OUTER_BOUND('',#536,.T.);
#337=FACE_OUTER_BOUND('',#537,.T.);
#338=FACE_OUTER_BOUND('',#538,.T.);
#339=FACE_OUTER_BOUND('',#539,.T.);
#340=FACE_OUTER_BOUND('',#540,.T.);
#341=FACE_OUTER_BOUND('',#541,.T.);
#342=FACE_OUTER_BOUND('',#542,.T.);
#343=FACE_OUTER_BOUND('',#543,.T.);
#344=FACE_OUTER_BOUND('',#544,.T.);
#345=FACE_OUTER_BOUND('',#545,.T.);
#346=FACE_OUTER_BOUND('',#546,.T.);
#347=FACE_OUTER_BOUND('',#547,.T.);
#348=FACE_OUTER_BOUND('',#548,.T.);
#349=FACE_OUTER_BOUND('',#549,.T.);
#350=FACE_OUTER_BOUND('',#550,.T.);
#351=FACE_OUTER_BOUND('',#551,.T.);
#352=FACE_OUTER_BOUND('',#552,.T.);
#353=FACE_OUTER_BOUND('',#553,.T.);
#354=FACE_OUTER_BOUND('',#554,.T.);
#355=FACE_OUTER_BOUND('',#555,.T.);
#356=FACE_OUTER_BOUND('',#556,.T.);
#357=FACE_OUTER_BOUND('',#557,.T.);
#358=FACE_OUTER_BOUND('',#558,.T.);
#359=FACE_OUTER_BOUND('',#559,.T.);
#360=FACE_OUTER_BOUND('',#560,.T.);
#361=FACE_OUTER_BOUND('',#561,.T.);
#362=FACE_OUTER_BOUND('',#562,.T.);
#363=FACE_OUTER_BOUND('',#563,.T.);
#364=FACE_OUTER_BOUND('',#564,.T.);
#365=FACE_OUTER_BOUND('',#565,.T.);
#366=FACE_OUTER_BOUND('',#566,.T.);
#367=FACE_OUTER_BOUND('',#567,.T.);
#368=FACE_OUTER_BOUND('',#568,.T.);
#369=FACE_OUTER_BOUND('',#569,.T.);
#370=FACE_OUTER_BOUND('',#570,.T.);
#371=FACE_OUTER_BOUND('',#571,.T.);
#372=FACE_OUTER_BOUND('',#572,.T.);
#373=FACE_OUTER_BOUND('',#573,.T.);
#374=FACE_OUTER_BOUND('',#574,.T.);
#375=FACE_OUTER_BOUND('',#575,.T.);
#376=FACE_OUTER_BOUND('',#576,.T.);
#377=FACE_OUTER_BOUND('',#577,.T.);
#378=FACE_OUTER_BOUND('',#578,.T.);
#379=FACE_OUTER_BOUND('',#579,.T.);
#380=FACE_OUTER_BOUND('',#580,.T.);
#381=FACE_OUTER_BOUND('',#581,.T.);
#382=FACE_OUTER_BOUND('',#582,.T.);
#383=FACE_OUTER_BOUND('',#583,.T.);
#384=FACE_OUTER_BOUND('',#584,.T.);
#385=FACE_OUTER_BOUND('',#585,.T.);
#386=FACE_OUTER_BOUND('',#586,.T.);
#387=FACE_OUTER_BOUND('',#587,.T.);
#388=FACE_OUTER_BOUND('',#588,.T.);
#389=FACE_OUTER_BOUND('',#589,.T.);
#390=FACE_OUTER_BOUND('',#590,.T.);
#391=FACE_OUTER_BOUND('',#591,.T.);
#392=FACE_OUTER_BOUND('',#592,.T.);
#393=FACE_OUTER_BOUND('',#593,.T.);
#394=FACE_OUTER_BOUND('',#594,.T.);
#395=FACE_OUTER_BOUND('',#595,.T.);
#396=FACE_OUTER_BOUND('',#596,.T.);
#397=FACE_OUTER_BOUND('',#597,.T.);
#398=FACE_OUTER_BOUND('',#598,.T.);
#399=FACE_OUTER_BOUND('',#599,.T.);
#400=FACE_OUTER_BOUND('',#600,.T.);
#401=FACE_OUTER_BOUND('',#601,.T.);
#402=FACE_OUTER_BOUND('',#602,.T.);
#403=FACE_OUTER_BOUND('',#603,.T.);
#404=FACE_OUTER_BOUND('',#604,.T.);
#405=FACE_OUTER_BOUND('',#605,.T.);
#406=FACE_OUTER_BOUND('',#606,.T.);
#407=FACE_OUTER_BOUND('',#607,.T.);
#408=FACE_OUTER_BOUND('',#610,.T.);
#409=FACE_OUTER_BOUND('',#611,.T.);
#410=EDGE_LOOP('',(#2091,#2092,#2093,#2094));
#411=EDGE_LOOP('',(#2095));
#412=EDGE_LOOP('',(#2096,#2097,#2098,#2099));
#413=EDGE_LOOP('',(#2100,#2101,#2102,#2103));
#414=EDGE_LOOP('',(#2104));
#415=EDGE_LOOP('',(#2105,#2106,#2107,#2108));
#416=EDGE_LOOP('',(#2109,#2110,#2111,#2112));
#417=EDGE_LOOP('',(#2113));
#418=EDGE_LOOP('',(#2114,#2115,#2116,#2117));
#419=EDGE_LOOP('',(#2118));
#420=EDGE_LOOP('',(#2119));
#421=EDGE_LOOP('',(#2120,#2121,#2122,#2123));
#422=EDGE_LOOP('',(#2124));
#423=EDGE_LOOP('',(#2125));
#424=EDGE_LOOP('',(#2126,#2127,#2128,#2129));
#425=EDGE_LOOP('',(#2130));
#426=EDGE_LOOP('',(#2131));
#427=EDGE_LOOP('',(#2132,#2133,#2134,#2135));
#428=EDGE_LOOP('',(#2136,#2137,#2138,#2139));
#429=EDGE_LOOP('',(#2140,#2141,#2142,#2143));
#430=EDGE_LOOP('',(#2144,#2145,#2146,#2147));
#431=EDGE_LOOP('',(#2148,#2149,#2150,#2151));
#432=EDGE_LOOP('',(#2152,#2153,#2154,#2155));
#433=EDGE_LOOP('',(#2156,#2157,#2158,#2159));
#434=EDGE_LOOP('',(#2160,#2161,#2162,#2163,#2164,#2165,#2166,#2167,#2168,
#2169,#2170,#2171,#2172,#2173,#2174,#2175));
#435=EDGE_LOOP('',(#2176));
#436=EDGE_LOOP('',(#2177,#2178,#2179,#2180));
#437=EDGE_LOOP('',(#2181));
#438=EDGE_LOOP('',(#2182));
#439=EDGE_LOOP('',(#2183));
#440=EDGE_LOOP('',(#2184));
#441=EDGE_LOOP('',(#2185));
#442=EDGE_LOOP('',(#2186));
#443=EDGE_LOOP('',(#2187,#2188,#2189,#2190));
#444=EDGE_LOOP('',(#2191,#2192,#2193,#2194));
#445=EDGE_LOOP('',(#2195,#2196,#2197,#2198));
#446=EDGE_LOOP('',(#2199,#2200,#2201,#2202));
#447=EDGE_LOOP('',(#2203,#2204,#2205,#2206));
#448=EDGE_LOOP('',(#2207,#2208,#2209,#2210,#2211,#2212,#2213,#2214,#2215,
#2216,#2217,#2218));
#449=EDGE_LOOP('',(#2219,#2220,#2221,#2222));
#450=EDGE_LOOP('',(#2223,#2224,#2225,#2226));
#451=EDGE_LOOP('',(#2227,#2228,#2229,#2230));
#452=EDGE_LOOP('',(#2231,#2232,#2233,#2234));
#453=EDGE_LOOP('',(#2235,#2236,#2237,#2238,#2239));
#454=EDGE_LOOP('',(#2240,#2241,#2242,#2243));
#455=EDGE_LOOP('',(#2244,#2245,#2246,#2247));
#456=EDGE_LOOP('',(#2248,#2249,#2250,#2251,#2252));
#457=EDGE_LOOP('',(#2253,#2254,#2255,#2256,#2257,#2258));
#458=EDGE_LOOP('',(#2259));
#459=EDGE_LOOP('',(#2260,#2261,#2262,#2263));
#460=EDGE_LOOP('',(#2264,#2265,#2266,#2267));
#461=EDGE_LOOP('',(#2268,#2269,#2270,#2271,#2272));
#462=EDGE_LOOP('',(#2273,#2274,#2275,#2276));
#463=EDGE_LOOP('',(#2277,#2278,#2279,#2280));
#464=EDGE_LOOP('',(#2281,#2282,#2283,#2284,#2285));
#465=EDGE_LOOP('',(#2286,#2287,#2288,#2289,#2290,#2291));
#466=EDGE_LOOP('',(#2292));
#467=EDGE_LOOP('',(#2293,#2294,#2295,#2296));
#468=EDGE_LOOP('',(#2297,#2298,#2299,#2300));
#469=EDGE_LOOP('',(#2301,#2302,#2303,#2304));
#470=EDGE_LOOP('',(#2305,#2306,#2307,#2308));
#471=EDGE_LOOP('',(#2309,#2310,#2311,#2312,#2313));
#472=EDGE_LOOP('',(#2314,#2315,#2316,#2317,#2318));
#473=EDGE_LOOP('',(#2319,#2320,#2321,#2322,#2323,#2324));
#474=EDGE_LOOP('',(#2325));
#475=EDGE_LOOP('',(#2326,#2327,#2328,#2329));
#476=EDGE_LOOP('',(#2330,#2331,#2332,#2333));
#477=EDGE_LOOP('',(#2334,#2335,#2336,#2337,#2338));
#478=EDGE_LOOP('',(#2339,#2340,#2341,#2342));
#479=EDGE_LOOP('',(#2343,#2344,#2345,#2346,#2347));
#480=EDGE_LOOP('',(#2348,#2349,#2350,#2351));
#481=EDGE_LOOP('',(#2352,#2353,#2354,#2355,#2356,#2357));
#482=EDGE_LOOP('',(#2358));
#483=EDGE_LOOP('',(#2359,#2360,#2361,#2362,#2363,#2364,#2365));
#484=EDGE_LOOP('',(#2366,#2367,#2368,#2369,#2370,#2371,#2372));
#485=EDGE_LOOP('',(#2373,#2374,#2375,#2376,#2377,#2378,#2379,#2380,#2381,
#2382,#2383,#2384,#2385,#2386));
#486=EDGE_LOOP('',(#2387,#2388,#2389,#2390,#2391,#2392,#2393));
#487=EDGE_LOOP('',(#2394,#2395,#2396,#2397));
#488=EDGE_LOOP('',(#2398,#2399,#2400,#2401));
#489=EDGE_LOOP('',(#2402,#2403,#2404,#2405));
#490=EDGE_LOOP('',(#2406,#2407,#2408,#2409));
#491=EDGE_LOOP('',(#2410,#2411,#2412,#2413));
#492=EDGE_LOOP('',(#2414,#2415,#2416,#2417));
#493=EDGE_LOOP('',(#2418,#2419,#2420,#2421,#2422,#2423));
#494=EDGE_LOOP('',(#2424,#2425,#2426,#2427));
#495=EDGE_LOOP('',(#2428,#2429,#2430,#2431));
#496=EDGE_LOOP('',(#2432,#2433,#2434,#2435));
#497=EDGE_LOOP('',(#2436,#2437,#2438));
#498=EDGE_LOOP('',(#2439,#2440,#2441));
#499=EDGE_LOOP('',(#2442,#2443,#2444,#2445,#2446,#2447));
#500=EDGE_LOOP('',(#2448,#2449,#2450,#2451));
#501=EDGE_LOOP('',(#2452,#2453,#2454,#2455));
#502=EDGE_LOOP('',(#2456,#2457,#2458,#2459));
#503=EDGE_LOOP('',(#2460,#2461,#2462));
#504=EDGE_LOOP('',(#2463,#2464,#2465));
#505=EDGE_LOOP('',(#2466,#2467,#2468,#2469,#2470,#2471));
#506=EDGE_LOOP('',(#2472,#2473,#2474,#2475,#2476,#2477));
#507=EDGE_LOOP('',(#2478,#2479,#2480,#2481,#2482,#2483));
#508=EDGE_LOOP('',(#2484,#2485,#2486,#2487));
#509=EDGE_LOOP('',(#2488,#2489,#2490,#2491,#2492,#2493,#2494));
#510=EDGE_LOOP('',(#2495,#2496,#2497,#2498));
#511=EDGE_LOOP('',(#2499,#2500,#2501,#2502));
#512=EDGE_LOOP('',(#2503,#2504,#2505,#2506,#2507,#2508,#2509));
#513=EDGE_LOOP('',(#2510,#2511,#2512,#2513));
#514=EDGE_LOOP('',(#2514,#2515,#2516,#2517,#2518,#2519));
#515=EDGE_LOOP('',(#2520,#2521,#2522,#2523,#2524,#2525));
#516=EDGE_LOOP('',(#2526,#2527,#2528,#2529,#2530,#2531,#2532,#2533,#2534,
#2535));
#517=EDGE_LOOP('',(#2536));
#518=EDGE_LOOP('',(#2537,#2538,#2539,#2540,#2541,#2542,#2543,#2544,#2545,
#2546));
#519=EDGE_LOOP('',(#2547));
#520=EDGE_LOOP('',(#2548,#2549,#2550,#2551,#2552,#2553));
#521=EDGE_LOOP('',(#2554,#2555,#2556,#2557));
#522=EDGE_LOOP('',(#2558));
#523=EDGE_LOOP('',(#2559,#2560,#2561,#2562));
#524=EDGE_LOOP('',(#2563));
#525=EDGE_LOOP('',(#2564,#2565,#2566,#2567));
#526=EDGE_LOOP('',(#2568));
#527=EDGE_LOOP('',(#2569,#2570,#2571,#2572));
#528=EDGE_LOOP('',(#2573));
#529=EDGE_LOOP('',(#2574,#2575,#2576));
#530=EDGE_LOOP('',(#2577,#2578,#2579));
#531=EDGE_LOOP('',(#2580,#2581,#2582));
#532=EDGE_LOOP('',(#2583,#2584,#2585,#2586));
#533=EDGE_LOOP('',(#2587,#2588,#2589,#2590));
#534=EDGE_LOOP('',(#2591,#2592,#2593));
#535=EDGE_LOOP('',(#2594,#2595,#2596));
#536=EDGE_LOOP('',(#2597,#2598,#2599,#2600));
#537=EDGE_LOOP('',(#2601,#2602,#2603));
#538=EDGE_LOOP('',(#2604,#2605,#2606,#2607));
#539=EDGE_LOOP('',(#2608,#2609,#2610,#2611));
#540=EDGE_LOOP('',(#2612,#2613,#2614));
#541=EDGE_LOOP('',(#2615,#2616,#2617,#2618));
#542=EDGE_LOOP('',(#2619,#2620,#2621));
#543=EDGE_LOOP('',(#2622,#2623,#2624));
#544=EDGE_LOOP('',(#2625,#2626,#2627));
#545=EDGE_LOOP('',(#2628,#2629,#2630,#2631));
#546=EDGE_LOOP('',(#2632,#2633,#2634));
#547=EDGE_LOOP('',(#2635,#2636,#2637,#2638));
#548=EDGE_LOOP('',(#2639,#2640,#2641,#2642));
#549=EDGE_LOOP('',(#2643,#2644,#2645));
#550=EDGE_LOOP('',(#2646,#2647,#2648,#2649));
#551=EDGE_LOOP('',(#2650,#2651,#2652));
#552=EDGE_LOOP('',(#2653,#2654,#2655,#2656));
#553=EDGE_LOOP('',(#2657,#2658,#2659,#2660));
#554=EDGE_LOOP('',(#2661,#2662,#2663,#2664));
#555=EDGE_LOOP('',(#2665,#2666,#2667,#2668));
#556=EDGE_LOOP('',(#2669,#2670,#2671));
#557=EDGE_LOOP('',(#2672,#2673,#2674,#2675));
#558=EDGE_LOOP('',(#2676,#2677,#2678,#2679));
#559=EDGE_LOOP('',(#2680,#2681,#2682,#2683,#2684,#2685));
#560=EDGE_LOOP('',(#2686,#2687,#2688,#2689,#2690,#2691,#2692,#2693));
#561=EDGE_LOOP('',(#2694,#2695,#2696,#2697));
#562=EDGE_LOOP('',(#2698,#2699,#2700,#2701));
#563=EDGE_LOOP('',(#2702,#2703,#2704,#2705));
#564=EDGE_LOOP('',(#2706,#2707,#2708,#2709));
#565=EDGE_LOOP('',(#2710,#2711,#2712,#2713));
#566=EDGE_LOOP('',(#2714,#2715,#2716,#2717));
#567=EDGE_LOOP('',(#2718,#2719,#2720,#2721,#2722,#2723,#2724));
#568=EDGE_LOOP('',(#2725,#2726,#2727,#2728));
#569=EDGE_LOOP('',(#2729,#2730,#2731,#2732));
#570=EDGE_LOOP('',(#2733,#2734,#2735,#2736));
#571=EDGE_LOOP('',(#2737,#2738,#2739,#2740));
#572=EDGE_LOOP('',(#2741,#2742,#2743,#2744));
#573=EDGE_LOOP('',(#2745,#2746,#2747,#2748));
#574=EDGE_LOOP('',(#2749,#2750,#2751,#2752,#2753,#2754,#2755));
#575=EDGE_LOOP('',(#2756,#2757,#2758,#2759));
#576=EDGE_LOOP('',(#2760,#2761,#2762,#2763,#2764,#2765,#2766));
#577=EDGE_LOOP('',(#2767,#2768,#2769,#2770));
#578=EDGE_LOOP('',(#2771,#2772,#2773,#2774,#2775,#2776,#2777,#2778,#2779,
#2780,#2781));
#579=EDGE_LOOP('',(#2782,#2783,#2784,#2785,#2786,#2787,#2788,#2789,#2790,
#2791,#2792));
#580=EDGE_LOOP('',(#2793,#2794,#2795,#2796,#2797,#2798,#2799,#2800,#2801,
#2802,#2803,#2804,#2805,#2806));
#581=EDGE_LOOP('',(#2807,#2808,#2809,#2810));
#582=EDGE_LOOP('',(#2811,#2812,#2813,#2814,#2815,#2816));
#583=EDGE_LOOP('',(#2817,#2818,#2819,#2820,#2821,#2822));
#584=EDGE_LOOP('',(#2823,#2824,#2825,#2826));
#585=EDGE_LOOP('',(#2827,#2828,#2829,#2830));
#586=EDGE_LOOP('',(#2831,#2832,#2833,#2834,#2835,#2836,#2837,#2838,#2839,
#2840,#2841,#2842));
#587=EDGE_LOOP('',(#2843,#2844,#2845,#2846,#2847,#2848,#2849,#2850,#2851,
#2852,#2853,#2854));
#588=EDGE_LOOP('',(#2855,#2856,#2857,#2858));
#589=EDGE_LOOP('',(#2859,#2860,#2861,#2862));
#590=EDGE_LOOP('',(#2863,#2864,#2865,#2866));
#591=EDGE_LOOP('',(#2867,#2868,#2869,#2870));
#592=EDGE_LOOP('',(#2871,#2872,#2873,#2874,#2875));
#593=EDGE_LOOP('',(#2876,#2877,#2878,#2879));
#594=EDGE_LOOP('',(#2880,#2881,#2882,#2883,#2884,#2885,#2886));
#595=EDGE_LOOP('',(#2887,#2888,#2889,#2890));
#596=EDGE_LOOP('',(#2891,#2892,#2893,#2894,#2895));
#597=EDGE_LOOP('',(#2896,#2897,#2898,#2899,#2900,#2901));
#598=EDGE_LOOP('',(#2902,#2903,#2904,#2905,#2906,#2907));
#599=EDGE_LOOP('',(#2908,#2909,#2910,#2911));
#600=EDGE_LOOP('',(#2912,#2913,#2914,#2915,#2916,#2917));
#601=EDGE_LOOP('',(#2918,#2919,#2920,#2921,#2922,#2923));
#602=EDGE_LOOP('',(#2924,#2925,#2926,#2927,#2928));
#603=EDGE_LOOP('',(#2929,#2930,#2931,#2932,#2933));
#604=EDGE_LOOP('',(#2934,#2935,#2936,#2937));
#605=EDGE_LOOP('',(#2938,#2939,#2940,#2941,#2942,#2943,#2944));
#606=EDGE_LOOP('',(#2945,#2946,#2947,#2948));
#607=EDGE_LOOP('',(#2949,#2950,#2951,#2952,#2953,#2954,#2955,#2956,#2957,
#2958,#2959,#2960,#2961,#2962,#2963,#2964,#2965,#2966,#2967,#2968));
#608=EDGE_LOOP('',(#2969));
#609=EDGE_LOOP('',(#2970));
#610=EDGE_LOOP('',(#2971,#2972,#2973,#2974));
#611=EDGE_LOOP('',(#2975,#2976,#2977,#2978,#2979,#2980));
#612=LINE('',#4421,#936);
#613=LINE('',#4427,#937);
#614=LINE('',#4432,#938);
#615=LINE('',#4438,#939);
#616=LINE('',#4443,#940);
#617=LINE('',#4449,#941);
#618=LINE('',#4455,#942);
#619=LINE('',#4462,#943);
#620=LINE('',#4469,#944);
#621=LINE('',#4474,#945);
#622=LINE('',#4476,#946);
#623=LINE('',#4478,#947);
#624=LINE('',#4479,#948);
#625=LINE('',#4482,#949);
#626=LINE('',#4484,#950);
#627=LINE('',#4485,#951);
#628=LINE('',#4488,#952);
#629=LINE('',#4490,#953);
#630=LINE('',#4491,#954);
#631=LINE('',#4493,#955);
#632=LINE('',#4494,#956);
#633=LINE('',#4497,#957);
#634=LINE('',#4499,#958);
#635=LINE('',#4500,#959);
#636=LINE('',#4503,#960);
#637=LINE('',#4504,#961);
#638=LINE('',#4508,#962);
#639=LINE('',#4510,#963);
#640=LINE('',#4512,#964);
#641=LINE('',#4514,#965);
#642=LINE('',#4516,#966);
#643=LINE('',#4518,#967);
#644=LINE('',#4522,#968);
#645=LINE('',#4524,#969);
#646=LINE('',#4526,#970);
#647=LINE('',#4528,#971);
#648=LINE('',#4530,#972);
#649=LINE('',#4534,#973);
#650=LINE('',#4536,#974);
#651=LINE('',#4537,#975);
#652=LINE('',#4548,#976);
#653=LINE('',#4550,#977);
#654=LINE('',#4551,#978);
#655=LINE('',#4554,#979);
#656=LINE('',#4556,#980);
#657=LINE('',#4557,#981);
#658=LINE('',#4560,#982);
#659=LINE('',#4561,#983);
#660=LINE('',#4562,#984);
#661=LINE('',#4564,#985);
#662=LINE('',#4566,#986);
#663=LINE('',#4570,#987);
#664=LINE('',#4572,#988);
#665=LINE('',#4574,#989);
#666=LINE('',#4576,#990);
#667=LINE('',#4580,#991);
#668=LINE('',#4582,#992);
#669=LINE('',#4584,#993);
#670=LINE('',#4586,#994);
#671=LINE('',#4588,#995);
#672=LINE('',#4591,#996);
#673=LINE('',#4596,#997);
#674=LINE('',#4598,#998);
#675=LINE('',#4600,#999);
#676=LINE('',#4601,#1000);
#677=LINE('',#4604,#1001);
#678=LINE('',#4606,#1002);
#679=LINE('',#4607,#1003);
#680=LINE('',#4610,#1004);
#681=LINE('',#4612,#1005);
#682=LINE('',#4614,#1006);
#683=LINE('',#4618,#1007);
#684=LINE('',#4620,#1008);
#685=LINE('',#4621,#1009);
#686=LINE('',#4624,#1010);
#687=LINE('',#4626,#1011);
#688=LINE('',#4627,#1012);
#689=LINE('',#4630,#1013);
#690=LINE('',#4632,#1014);
#691=LINE('',#4639,#1015);
#692=LINE('',#4641,#1016);
#693=LINE('',#4643,#1017);
#694=LINE('',#4644,#1018);
#695=LINE('',#4647,#1019);
#696=LINE('',#4649,#1020);
#697=LINE('',#4650,#1021);
#698=LINE('',#4653,#1022);
#699=LINE('',#4655,#1023);
#700=LINE('',#4657,#1024);
#701=LINE('',#4661,#1025);
#702=LINE('',#4663,#1026);
#703=LINE('',#4664,#1027);
#704=LINE('',#4667,#1028);
#705=LINE('',#4669,#1029);
#706=LINE('',#4670,#1030);
#707=LINE('',#4673,#1031);
#708=LINE('',#4675,#1032);
#709=LINE('',#4682,#1033);
#710=LINE('',#4684,#1034);
#711=LINE('',#4686,#1035);
#712=LINE('',#4687,#1036);
#713=LINE('',#4690,#1037);
#714=LINE('',#4692,#1038);
#715=LINE('',#4693,#1039);
#716=LINE('',#4696,#1040);
#717=LINE('',#4698,#1041);
#718=LINE('',#4699,#1042);
#719=LINE('',#4702,#1043);
#720=LINE('',#4704,#1044);
#721=LINE('',#4705,#1045);
#722=LINE('',#4708,#1046);
#723=LINE('',#4712,#1047);
#724=LINE('',#4713,#1048);
#725=LINE('',#4717,#1049);
#726=LINE('',#4718,#1050);
#727=LINE('',#4725,#1051);
#728=LINE('',#4727,#1052);
#729=LINE('',#4729,#1053);
#730=LINE('',#4730,#1054);
#731=LINE('',#4733,#1055);
#732=LINE('',#4735,#1056);
#733=LINE('',#4736,#1057);
#734=LINE('',#4739,#1058);
#735=LINE('',#4741,#1059);
#736=LINE('',#4743,#1060);
#737=LINE('',#4748,#1061);
#738=LINE('',#4750,#1062);
#739=LINE('',#4752,#1063);
#740=LINE('',#4753,#1064);
#741=LINE('',#4756,#1065);
#742=LINE('',#4758,#1066);
#743=LINE('',#4760,#1067);
#744=LINE('',#4761,#1068);
#745=LINE('',#4767,#1069);
#746=LINE('',#4771,#1070);
#747=LINE('',#4774,#1071);
#748=LINE('',#4777,#1072);
#749=LINE('',#4781,#1073);
#750=LINE('',#4784,#1074);
#751=LINE('',#4787,#1075);
#752=LINE('',#4789,#1076);
#753=LINE('',#4791,#1077);
#754=LINE('',#4793,#1078);
#755=LINE('',#4795,#1079);
#756=LINE('',#4797,#1080);
#757=LINE('',#4799,#1081);
#758=LINE('',#4800,#1082);
#759=LINE('',#4803,#1083);
#760=LINE('',#4807,#1084);
#761=LINE('',#4810,#1085);
#762=LINE('',#4814,#1086);
#763=LINE('',#4818,#1087);
#764=LINE('',#4822,#1088);
#765=LINE('',#4826,#1089);
#766=LINE('',#4830,#1090);
#767=LINE('',#4832,#1091);
#768=LINE('',#4834,#1092);
#769=LINE('',#4835,#1093);
#770=LINE('',#4838,#1094);
#771=LINE('',#4840,#1095);
#772=LINE('',#4841,#1096);
#773=LINE('',#4843,#1097);
#774=LINE('',#4845,#1098);
#775=LINE('',#4846,#1099);
#776=LINE('',#4850,#1100);
#777=LINE('',#4852,#1101);
#778=LINE('',#4854,#1102);
#779=LINE('',#4855,#1103);
#780=LINE('',#4859,#1104);
#781=LINE('',#4861,#1105);
#782=LINE('',#4863,#1106);
#783=LINE('',#4864,#1107);
#784=LINE('',#4868,#1108);
#785=LINE('',#4870,#1109);
#786=LINE('',#4872,#1110);
#787=LINE('',#4873,#1111);
#788=LINE('',#4876,#1112);
#789=LINE('',#4880,#1113);
#790=LINE('',#4883,#1114);
#791=LINE('',#4885,#1115);
#792=LINE('',#4887,#1116);
#793=LINE('',#4891,#1117);
#794=LINE('',#4893,#1118);
#795=LINE('',#4895,#1119);
#796=LINE('',#4896,#1120);
#797=LINE('',#4899,#1121);
#798=LINE('',#4901,#1122);
#799=LINE('',#4902,#1123);
#800=LINE('',#4906,#1124);
#801=LINE('',#4907,#1125);
#802=LINE('',#4908,#1126);
#803=LINE('',#4918,#1127);
#804=LINE('',#4920,#1128);
#805=LINE('',#4922,#1129);
#806=LINE('',#4924,#1130);
#807=LINE('',#4925,#1131);
#808=LINE('',#4927,#1132);
#809=LINE('',#4928,#1133);
#810=LINE('',#4931,#1134);
#811=LINE('',#4933,#1135);
#812=LINE('',#4934,#1136);
#813=LINE('',#4952,#1137);
#814=LINE('',#4956,#1138);
#815=LINE('',#4961,#1139);
#816=LINE('',#4963,#1140);
#817=LINE('',#4965,#1141);
#818=LINE('',#4966,#1142);
#819=LINE('',#4970,#1143);
#820=LINE('',#4986,#1144);
#821=LINE('',#4988,#1145);
#822=LINE('',#4990,#1146);
#823=LINE('',#4991,#1147);
#824=LINE('',#4994,#1148);
#825=LINE('',#4995,#1149);
#826=LINE('',#4996,#1150);
#827=LINE('',#5001,#1151);
#828=LINE('',#5005,#1152);
#829=LINE('',#5007,#1153);
#830=LINE('',#5008,#1154);
#831=LINE('',#5009,#1155);
#832=LINE('',#5012,#1156);
#833=LINE('',#5014,#1157);
#834=LINE('',#5016,#1158);
#835=LINE('',#5020,#1159);
#836=LINE('',#5023,#1160);
#837=LINE('',#5027,#1161);
#838=LINE('',#5032,#1162);
#839=LINE('',#5037,#1163);
#840=LINE('',#5042,#1164);
#841=LINE('',#5062,#1165);
#842=LINE('',#5063,#1166);
#843=LINE('',#5068,#1167);
#844=LINE('',#5069,#1168);
#845=LINE('',#5090,#1169);
#846=LINE('',#5092,#1170);
#847=LINE('',#5093,#1171);
#848=LINE('',#5102,#1172);
#849=LINE('',#5103,#1173);
#850=LINE('',#5122,#1174);
#851=LINE('',#5123,#1175);
#852=LINE('',#5129,#1176);
#853=LINE('',#5130,#1177);
#854=LINE('',#5132,#1178);
#855=LINE('',#5138,#1179);
#856=LINE('',#5139,#1180);
#857=LINE('',#5147,#1181);
#858=LINE('',#5148,#1182);
#859=LINE('',#5152,#1183);
#860=LINE('',#5158,#1184);
#861=LINE('',#5163,#1185);
#862=LINE('',#5168,#1186);
#863=LINE('',#5171,#1187);
#864=LINE('',#5175,#1188);
#865=LINE('',#5181,#1189);
#866=LINE('',#5183,#1190);
#867=LINE('',#5184,#1191);
#868=LINE('',#5186,#1192);
#869=LINE('',#5188,#1193);
#870=LINE('',#5190,#1194);
#871=LINE('',#5195,#1195);
#872=LINE('',#5196,#1196);
#873=LINE('',#5198,#1197);
#874=LINE('',#5203,#1198);
#875=LINE('',#5204,#1199);
#876=LINE('',#5209,#1200);
#877=LINE('',#5210,#1201);
#878=LINE('',#5214,#1202);
#879=LINE('',#5216,#1203);
#880=LINE('',#5217,#1204);
#881=LINE('',#5220,#1205);
#882=LINE('',#5224,#1206);
#883=LINE('',#5226,#1207);
#884=LINE('',#5227,#1208);
#885=LINE('',#5229,#1209);
#886=LINE('',#5235,#1210);
#887=LINE('',#5237,#1211);
#888=LINE('',#5238,#1212);
#889=LINE('',#5241,#1213);
#890=LINE('',#5243,#1214);
#891=LINE('',#5245,#1215);
#892=LINE('',#5246,#1216);
#893=LINE('',#5249,#1217);
#894=LINE('',#5251,#1218);
#895=LINE('',#5252,#1219);
#896=LINE('',#5256,#1220);
#897=LINE('',#5258,#1221);
#898=LINE('',#5260,#1222);
#899=LINE('',#5261,#1223);
#900=LINE('',#5263,#1224);
#901=LINE('',#5264,#1225);
#902=LINE('',#5267,#1226);
#903=LINE('',#5268,#1227);
#904=LINE('',#5270,#1228);
#905=LINE('',#5272,#1229);
#906=LINE('',#5275,#1230);
#907=LINE('',#5278,#1231);
#908=LINE('',#5280,#1232);
#909=LINE('',#5282,#1233);
#910=LINE('',#5285,#1234);
#911=LINE('',#5287,#1235);
#912=LINE('',#5289,#1236);
#913=LINE('',#5292,#1237);
#914=LINE('',#5295,#1238);
#915=LINE('',#5296,#1239);
#916=LINE('',#5299,#1240);
#917=LINE('',#5300,#1241);
#918=LINE('',#5303,#1242);
#919=LINE('',#5304,#1243);
#920=LINE('',#5307,#1244);
#921=LINE('',#5308,#1245);
#922=LINE('',#5310,#1246);
#923=LINE('',#5312,#1247);
#924=LINE('',#5314,#1248);
#925=LINE('',#5315,#1249);
#926=LINE('',#5317,#1250);
#927=LINE('',#5319,#1251);
#928=LINE('',#5321,#1252);
#929=LINE('',#5324,#1253);
#930=LINE('',#5325,#1254);
#931=LINE('',#5327,#1255);
#932=LINE('',#5332,#1256);
#933=LINE('',#5334,#1257);
#934=LINE('',#5337,#1258);
#935=LINE('',#5338,#1259);
#936=VECTOR('',#3491,0.9);
#937=VECTOR('',#3500,1.1);
#938=VECTOR('',#3505,0.9);
#939=VECTOR('',#3514,1.1);
#940=VECTOR('',#3519,0.900001172987621);
#941=VECTOR('',#3528,1.10000117298762);
#942=VECTOR('',#3535,1.75);
#943=VECTOR('',#3544,1.75);
#944=VECTOR('',#3553,1.75);
#945=VECTOR('',#3558,10.);
#946=VECTOR('',#3559,10.);
#947=VECTOR('',#3560,10.);
#948=VECTOR('',#3561,10.);
#949=VECTOR('',#3564,10.);
#950=VECTOR('',#3565,10.);
#951=VECTOR('',#3566,10.);
#952=VECTOR('',#3569,10.);
#953=VECTOR('',#3570,10.);
#954=VECTOR('',#3571,10.);
#955=VECTOR('',#3574,10.);
#956=VECTOR('',#3575,10.);
#957=VECTOR('',#3578,10.);
#958=VECTOR('',#3579,10.);
#959=VECTOR('',#3580,10.);
#960=VECTOR('',#3583,10.);
#961=VECTOR('',#3584,10.);
#962=VECTOR('',#3587,10.);
#963=VECTOR('',#3588,10.);
#964=VECTOR('',#3589,10.);
#965=VECTOR('',#3590,10.);
#966=VECTOR('',#3591,10.);
#967=VECTOR('',#3592,10.);
#968=VECTOR('',#3595,10.);
#969=VECTOR('',#3596,10.);
#970=VECTOR('',#3597,10.);
#971=VECTOR('',#3598,10.);
#972=VECTOR('',#3599,10.);
#973=VECTOR('',#3602,10.);
#974=VECTOR('',#3603,10.);
#975=VECTOR('',#3604,10.);
#976=VECTOR('',#3615,10.);
#977=VECTOR('',#3616,10.);
#978=VECTOR('',#3617,10.);
#979=VECTOR('',#3620,10.);
#980=VECTOR('',#3621,10.);
#981=VECTOR('',#3622,10.);
#982=VECTOR('',#3625,10.);
#983=VECTOR('',#3626,10.);
#984=VECTOR('',#3627,10.);
#985=VECTOR('',#3630,10.);
#986=VECTOR('',#3633,10.);
#987=VECTOR('',#3636,10.);
#988=VECTOR('',#3637,10.);
#989=VECTOR('',#3638,10.);
#990=VECTOR('',#3639,10.);
#991=VECTOR('',#3642,10.);
#992=VECTOR('',#3643,10.);
#993=VECTOR('',#3644,10.);
#994=VECTOR('',#3645,10.);
#995=VECTOR('',#3646,10.);
#996=VECTOR('',#3649,10.);
#997=VECTOR('',#3654,10.);
#998=VECTOR('',#3655,10.);
#999=VECTOR('',#3656,10.);
#1000=VECTOR('',#3657,10.);
#1001=VECTOR('',#3660,10.);
#1002=VECTOR('',#3661,10.);
#1003=VECTOR('',#3662,10.);
#1004=VECTOR('',#3665,10.);
#1005=VECTOR('',#3666,10.);
#1006=VECTOR('',#3667,10.);
#1007=VECTOR('',#3672,10.);
#1008=VECTOR('',#3673,10.);
#1009=VECTOR('',#3674,10.);
#1010=VECTOR('',#3677,10.);
#1011=VECTOR('',#3678,10.);
#1012=VECTOR('',#3679,10.);
#1013=VECTOR('',#3682,10.);
#1014=VECTOR('',#3685,10.);
#1015=VECTOR('',#3692,10.);
#1016=VECTOR('',#3693,10.);
#1017=VECTOR('',#3694,10.);
#1018=VECTOR('',#3695,10.);
#1019=VECTOR('',#3698,10.);
#1020=VECTOR('',#3699,10.);
#1021=VECTOR('',#3700,10.);
#1022=VECTOR('',#3703,10.);
#1023=VECTOR('',#3704,10.);
#1024=VECTOR('',#3705,10.);
#1025=VECTOR('',#3710,10.);
#1026=VECTOR('',#3711,10.);
#1027=VECTOR('',#3712,10.);
#1028=VECTOR('',#3715,10.);
#1029=VECTOR('',#3716,10.);
#1030=VECTOR('',#3717,10.);
#1031=VECTOR('',#3720,10.);
#1032=VECTOR('',#3723,10.);
#1033=VECTOR('',#3730,10.);
#1034=VECTOR('',#3731,10.);
#1035=VECTOR('',#3732,10.);
#1036=VECTOR('',#3733,10.);
#1037=VECTOR('',#3736,10.);
#1038=VECTOR('',#3737,10.);
#1039=VECTOR('',#3738,10.);
#1040=VECTOR('',#3741,10.);
#1041=VECTOR('',#3742,10.);
#1042=VECTOR('',#3743,10.);
#1043=VECTOR('',#3746,10.);
#1044=VECTOR('',#3747,10.);
#1045=VECTOR('',#3748,10.);
#1046=VECTOR('',#3751,10.);
#1047=VECTOR('',#3754,10.);
#1048=VECTOR('',#3755,10.);
#1049=VECTOR('',#3760,10.);
#1050=VECTOR('',#3761,10.);
#1051=VECTOR('',#3768,10.);
#1052=VECTOR('',#3769,10.);
#1053=VECTOR('',#3770,10.);
#1054=VECTOR('',#3771,10.);
#1055=VECTOR('',#3774,10.);
#1056=VECTOR('',#3775,10.);
#1057=VECTOR('',#3776,10.);
#1058=VECTOR('',#3779,10.);
#1059=VECTOR('',#3780,10.);
#1060=VECTOR('',#3781,10.);
#1061=VECTOR('',#3786,10.);
#1062=VECTOR('',#3787,10.);
#1063=VECTOR('',#3788,10.);
#1064=VECTOR('',#3789,10.);
#1065=VECTOR('',#3792,10.);
#1066=VECTOR('',#3795,10.);
#1067=VECTOR('',#3798,10.);
#1068=VECTOR('',#3799,10.);
#1069=VECTOR('',#3806,10.);
#1070=VECTOR('',#3809,10.);
#1071=VECTOR('',#3812,10.);
#1072=VECTOR('',#3815,10.);
#1073=VECTOR('',#3818,10.);
#1074=VECTOR('',#3821,10.);
#1075=VECTOR('',#3824,10.);
#1076=VECTOR('',#3825,10.);
#1077=VECTOR('',#3826,10.);
#1078=VECTOR('',#3827,10.);
#1079=VECTOR('',#3828,10.);
#1080=VECTOR('',#3829,10.);
#1081=VECTOR('',#3830,10.);
#1082=VECTOR('',#3831,10.);
#1083=VECTOR('',#3834,10.);
#1084=VECTOR('',#3837,10.);
#1085=VECTOR('',#3840,10.);
#1086=VECTOR('',#3845,1.7);
#1087=VECTOR('',#3850,1.7);
#1088=VECTOR('',#3855,1.7);
#1089=VECTOR('',#3860,1.7);
#1090=VECTOR('',#3863,10.);
#1091=VECTOR('',#3864,10.);
#1092=VECTOR('',#3865,10.);
#1093=VECTOR('',#3866,10.);
#1094=VECTOR('',#3869,10.);
#1095=VECTOR('',#3870,10.);
#1096=VECTOR('',#3871,10.);
#1097=VECTOR('',#3874,10.);
#1098=VECTOR('',#3875,10.);
#1099=VECTOR('',#3876,10.);
#1100=VECTOR('',#3879,10.);
#1101=VECTOR('',#3880,10.);
#1102=VECTOR('',#3881,10.);
#1103=VECTOR('',#3882,10.);
#1104=VECTOR('',#3885,10.);
#1105=VECTOR('',#3886,10.);
#1106=VECTOR('',#3887,10.);
#1107=VECTOR('',#3888,10.);
#1108=VECTOR('',#3891,10.);
#1109=VECTOR('',#3892,10.);
#1110=VECTOR('',#3893,10.);
#1111=VECTOR('',#3894,10.);
#1112=VECTOR('',#3899,10.);
#1113=VECTOR('',#3904,10.);
#1114=VECTOR('',#3907,10.);
#1115=VECTOR('',#3908,10.);
#1116=VECTOR('',#3911,10.);
#1117=VECTOR('',#3914,10.);
#1118=VECTOR('',#3915,10.);
#1119=VECTOR('',#3916,10.);
#1120=VECTOR('',#3917,10.);
#1121=VECTOR('',#3920,10.);
#1122=VECTOR('',#3921,10.);
#1123=VECTOR('',#3922,10.);
#1124=VECTOR('',#3925,10.);
#1125=VECTOR('',#3926,10.);
#1126=VECTOR('',#3927,10.);
#1127=VECTOR('',#3944,10.);
#1128=VECTOR('',#3945,10.);
#1129=VECTOR('',#3946,10.);
#1130=VECTOR('',#3947,10.);
#1131=VECTOR('',#3948,10.);
#1132=VECTOR('',#3951,10.);
#1133=VECTOR('',#3952,10.);
#1134=VECTOR('',#3955,10.);
#1135=VECTOR('',#3956,10.);
#1136=VECTOR('',#3957,10.);
#1137=VECTOR('',#3962,10.);
#1138=VECTOR('',#3967,10.);
#1139=VECTOR('',#3972,10.);
#1140=VECTOR('',#3973,10.);
#1141=VECTOR('',#3974,10.);
#1142=VECTOR('',#3975,10.);
#1143=VECTOR('',#3980,10.);
#1144=VECTOR('',#3985,10.);
#1145=VECTOR('',#3988,10.);
#1146=VECTOR('',#3989,10.);
#1147=VECTOR('',#3990,10.);
#1148=VECTOR('',#3993,10.);
#1149=VECTOR('',#3994,10.);
#1150=VECTOR('',#3995,10.);
#1151=VECTOR('',#4000,10.);
#1152=VECTOR('',#4003,10.);
#1153=VECTOR('',#4004,10.);
#1154=VECTOR('',#4005,10.);
#1155=VECTOR('',#4006,10.);
#1156=VECTOR('',#4009,10.);
#1157=VECTOR('',#4010,10.);
#1158=VECTOR('',#4011,10.);
#1159=VECTOR('',#4014,10.);
#1160=VECTOR('',#4019,10.);
#1161=VECTOR('',#4024,3.);
#1162=VECTOR('',#4031,3.);
#1163=VECTOR('',#4038,3.);
#1164=VECTOR('',#4045,3.);
#1165=VECTOR('',#4072,10.);
#1166=VECTOR('',#4073,10.);
#1167=VECTOR('',#4078,10.);
#1168=VECTOR('',#4079,10.);
#1169=VECTOR('',#4110,10.);
#1170=VECTOR('',#4113,10.);
#1171=VECTOR('',#4114,10.);
#1172=VECTOR('',#4125,10.);
#1173=VECTOR('',#4126,10.);
#1174=VECTOR('',#4151,10.);
#1175=VECTOR('',#4152,10.);
#1176=VECTOR('',#4161,10.);
#1177=VECTOR('',#4162,10.);
#1178=VECTOR('',#4165,10.);
#1179=VECTOR('',#4174,10.);
#1180=VECTOR('',#4175,10.);
#1181=VECTOR('',#4186,10.);
#1182=VECTOR('',#4187,10.);
#1183=VECTOR('',#4192,10.);
#1184=VECTOR('',#4201,10.);
#1185=VECTOR('',#4210,10.);
#1186=VECTOR('',#4219,10.);
#1187=VECTOR('',#4224,10.);
#1188=VECTOR('',#4229,10.);
#1189=VECTOR('',#4238,10.);
#1190=VECTOR('',#4241,10.);
#1191=VECTOR('',#4242,10.);
#1192=VECTOR('',#4245,10.);
#1193=VECTOR('',#4248,10.);
#1194=VECTOR('',#4251,10.);
#1195=VECTOR('',#4256,10.);
#1196=VECTOR('',#4257,10.);
#1197=VECTOR('',#4260,10.);
#1198=VECTOR('',#4265,10.);
#1199=VECTOR('',#4266,10.);
#1200=VECTOR('',#4271,10.);
#1201=VECTOR('',#4272,10.);
#1202=VECTOR('',#4277,10.);
#1203=VECTOR('',#4278,10.);
#1204=VECTOR('',#4279,10.);
#1205=VECTOR('',#4282,10.);
#1206=VECTOR('',#4287,10.);
#1207=VECTOR('',#4288,10.);
#1208=VECTOR('',#4289,10.);
#1209=VECTOR('',#4292,10.);
#1210=VECTOR('',#4301,10.);
#1211=VECTOR('',#4302,10.);
#1212=VECTOR('',#4303,10.);
#1213=VECTOR('',#4306,10.);
#1214=VECTOR('',#4307,10.);
#1215=VECTOR('',#4308,10.);
#1216=VECTOR('',#4309,10.);
#1217=VECTOR('',#4312,10.);
#1218=VECTOR('',#4313,10.);
#1219=VECTOR('',#4314,10.);
#1220=VECTOR('',#4317,10.);
#1221=VECTOR('',#4318,10.);
#1222=VECTOR('',#4319,10.);
#1223=VECTOR('',#4320,10.);
#1224=VECTOR('',#4323,10.);
#1225=VECTOR('',#4324,10.);
#1226=VECTOR('',#4327,10.);
#1227=VECTOR('',#4328,10.);
#1228=VECTOR('',#4329,10.);
#1229=VECTOR('',#4330,10.);
#1230=VECTOR('',#4333,10.);
#1231=VECTOR('',#4336,10.);
#1232=VECTOR('',#4337,10.);
#1233=VECTOR('',#4338,10.);
#1234=VECTOR('',#4341,10.);
#1235=VECTOR('',#4342,10.);
#1236=VECTOR('',#4343,10.);
#1237=VECTOR('',#4346,10.);
#1238=VECTOR('',#4349,10.);
#1239=VECTOR('',#4350,10.);
#1240=VECTOR('',#4353,10.);
#1241=VECTOR('',#4354,10.);
#1242=VECTOR('',#4359,10.);
#1243=VECTOR('',#4360,10.);
#1244=VECTOR('',#4363,10.);
#1245=VECTOR('',#4364,10.);
#1246=VECTOR('',#4367,10.);
#1247=VECTOR('',#4370,10.);
#1248=VECTOR('',#4373,10.);
#1249=VECTOR('',#4374,10.);
#1250=VECTOR('',#4377,10.);
#1251=VECTOR('',#4380,10.);
#1252=VECTOR('',#4383,10.);
#1253=VECTOR('',#4386,10.);
#1254=VECTOR('',#4387,10.);
#1255=VECTOR('',#4390,10.);
#1256=VECTOR('',#4399,10.);
#1257=VECTOR('',#4402,10.);
#1258=VECTOR('',#4407,10.);
#1259=VECTOR('',#4408,10.);
#1260=CIRCLE('',#3182,0.7);
#1261=CIRCLE('',#3183,1.1);
#1262=CIRCLE('',#3186,1.1);
#1263=CIRCLE('',#3188,0.7);
#1264=CIRCLE('',#3189,1.1);
#1265=CIRCLE('',#3192,1.1);
#1266=CIRCLE('',#3194,0.700001172987621);
#1267=CIRCLE('',#3195,1.10000117298762);
#1268=CIRCLE('',#3198,1.10000117298762);
#1269=CIRCLE('',#3200,1.75);
#1270=CIRCLE('',#3202,1.75);
#1271=CIRCLE('',#3204,1.75);
#1272=CIRCLE('',#3206,1.75);
#1273=CIRCLE('',#3208,1.75);
#1274=CIRCLE('',#3210,1.75);
#1275=CIRCLE('',#3218,10.);
#1276=CIRCLE('',#3219,10.);
#1277=CIRCLE('',#3220,3.);
#1278=CIRCLE('',#3221,3.);
#1279=CIRCLE('',#3222,3.);
#1280=CIRCLE('',#3223,3.);
#1281=CIRCLE('',#3230,10.);
#1282=CIRCLE('',#3231,10.);
#1283=CIRCLE('',#3242,1.7);
#1284=CIRCLE('',#3252,1.7);
#1285=CIRCLE('',#3262,1.7);
#1286=CIRCLE('',#3272,1.7);
#1287=CIRCLE('',#3274,2.);
#1288=CIRCLE('',#3275,2.);
#1289=CIRCLE('',#3277,2.);
#1290=CIRCLE('',#3278,2.);
#1291=CIRCLE('',#3281,2.);
#1292=CIRCLE('',#3282,2.);
#1293=CIRCLE('',#3284,1.7);
#1294=CIRCLE('',#3286,1.7);
#1295=CIRCLE('',#3288,1.7);
#1296=CIRCLE('',#3290,1.7);
#1297=CIRCLE('',#3298,2.);
#1298=CIRCLE('',#3300,2.);
#1299=CIRCLE('',#3302,2.);
#1300=CIRCLE('',#3307,2.);
#1301=CIRCLE('',#3309,2.);
#1302=CIRCLE('',#3311,2.);
#1303=CIRCLE('',#3312,2.);
#1304=CIRCLE('',#3317,2.);
#1305=CIRCLE('',#3318,2.);
#1306=CIRCLE('',#3320,2.);
#1307=CIRCLE('',#3323,2.);
#1308=CIRCLE('',#3324,2.);
#1309=CIRCLE('',#3329,2.);
#1310=CIRCLE('',#3330,2.);
#1311=CIRCLE('',#3332,2.);
#1312=CIRCLE('',#3333,2.);
#1313=CIRCLE('',#3336,3.);
#1314=CIRCLE('',#3339,3.);
#1315=CIRCLE('',#3342,3.);
#1316=CIRCLE('',#3345,3.);
#1317=CIRCLE('',#3348,2.);
#1318=CIRCLE('',#3349,2.);
#1319=CIRCLE('',#3351,2.);
#1320=CIRCLE('',#3352,2.);
#1321=CIRCLE('',#3353,2.);
#1322=CIRCLE('',#3355,2.00000000000001);
#1323=CIRCLE('',#3356,2.);
#1324=CIRCLE('',#3357,2.);
#1325=CIRCLE('',#3360,2.);
#1326=CIRCLE('',#3362,2.);
#1327=CIRCLE('',#3363,2.);
#1328=CIRCLE('',#3365,2.);
#1329=CIRCLE('',#3366,2.00000000000001);
#1330=CIRCLE('',#3367,2.);
#1331=CIRCLE('',#3369,2.);
#1332=CIRCLE('',#3370,2.);
#1333=CIRCLE('',#3372,2.);
#1334=CIRCLE('',#3373,2.);
#1335=CIRCLE('',#3374,2.);
#1336=CIRCLE('',#3378,2.);
#1337=CIRCLE('',#3379,2.);
#1338=CIRCLE('',#3380,2.);
#1339=CIRCLE('',#3383,2.);
#1340=CIRCLE('',#3384,2.);
#1341=CIRCLE('',#3386,2.);
#1342=CIRCLE('',#3387,2.);
#1343=CIRCLE('',#3388,2.);
#1344=CIRCLE('',#3390,2.);
#1345=CIRCLE('',#3391,2.);
#1346=CIRCLE('',#3392,2.);
#1347=CIRCLE('',#3395,2.);
#1348=CIRCLE('',#3396,2.);
#1349=CIRCLE('',#3400,2.);
#1350=CIRCLE('',#3401,2.);
#1351=CIRCLE('',#3404,2.);
#1352=CIRCLE('',#3405,2.);
#1353=CIRCLE('',#3406,2.);
#1354=CIRCLE('',#3409,2.);
#1355=CIRCLE('',#3411,2.);
#1356=CIRCLE('',#3412,8.);
#1357=CIRCLE('',#3415,2.);
#1358=CIRCLE('',#3416,2.);
#1359=CIRCLE('',#3419,2.);
#1360=CIRCLE('',#3420,2.);
#1361=CIRCLE('',#3425,2.);
#1362=CIRCLE('',#3427,2.);
#1363=CIRCLE('',#3428,8.);
#1364=CIRCLE('',#3435,2.);
#1365=CIRCLE('',#3438,2.);
#1366=CIRCLE('',#3440,2.);
#1367=CIRCLE('',#3444,8.);
#1368=CIRCLE('',#3456,10.);
#1369=CIRCLE('',#3458,8.);
#1370=CIRCLE('',#3459,10.);
#1371=VERTEX_POINT('',#4418);
#1372=VERTEX_POINT('',#4420);
#1373=VERTEX_POINT('',#4425);
#1374=VERTEX_POINT('',#4429);
#1375=VERTEX_POINT('',#4431);
#1376=VERTEX_POINT('',#4436);
#1377=VERTEX_POINT('',#4440);
#1378=VERTEX_POINT('',#4442);
#1379=VERTEX_POINT('',#4447);
#1380=VERTEX_POINT('',#4451);
#1381=VERTEX_POINT('',#4454);
#1382=VERTEX_POINT('',#4458);
#1383=VERTEX_POINT('',#4461);
#1384=VERTEX_POINT('',#4465);
#1385=VERTEX_POINT('',#4468);
#1386=VERTEX_POINT('',#4472);
#1387=VERTEX_POINT('',#4473);
#1388=VERTEX_POINT('',#4475);
#1389=VERTEX_POINT('',#4477);
#1390=VERTEX_POINT('',#4481);
#1391=VERTEX_POINT('',#4483);
#1392=VERTEX_POINT('',#4487);
#1393=VERTEX_POINT('',#4489);
#1394=VERTEX_POINT('',#4496);
#1395=VERTEX_POINT('',#4498);
#1396=VERTEX_POINT('',#4502);
#1397=VERTEX_POINT('',#4506);
#1398=VERTEX_POINT('',#4507);
#1399=VERTEX_POINT('',#4509);
#1400=VERTEX_POINT('',#4511);
#1401=VERTEX_POINT('',#4513);
#1402=VERTEX_POINT('',#4515);
#1403=VERTEX_POINT('',#4517);
#1404=VERTEX_POINT('',#4519);
#1405=VERTEX_POINT('',#4521);
#1406=VERTEX_POINT('',#4523);
#1407=VERTEX_POINT('',#4525);
#1408=VERTEX_POINT('',#4527);
#1409=VERTEX_POINT('',#4529);
#1410=VERTEX_POINT('',#4531);
#1411=VERTEX_POINT('',#4533);
#1412=VERTEX_POINT('',#4535);
#1413=VERTEX_POINT('',#4538);
#1414=VERTEX_POINT('',#4540);
#1415=VERTEX_POINT('',#4542);
#1416=VERTEX_POINT('',#4544);
#1417=VERTEX_POINT('',#4547);
#1418=VERTEX_POINT('',#4549);
#1419=VERTEX_POINT('',#4553);
#1420=VERTEX_POINT('',#4555);
#1421=VERTEX_POINT('',#4559);
#1422=VERTEX_POINT('',#4568);
#1423=VERTEX_POINT('',#4569);
#1424=VERTEX_POINT('',#4571);
#1425=VERTEX_POINT('',#4573);
#1426=VERTEX_POINT('',#4575);
#1427=VERTEX_POINT('',#4577);
#1428=VERTEX_POINT('',#4579);
#1429=VERTEX_POINT('',#4581);
#1430=VERTEX_POINT('',#4583);
#1431=VERTEX_POINT('',#4585);
#1432=VERTEX_POINT('',#4587);
#1433=VERTEX_POINT('',#4589);
#1434=VERTEX_POINT('',#4594);
#1435=VERTEX_POINT('',#4595);
#1436=VERTEX_POINT('',#4597);
#1437=VERTEX_POINT('',#4599);
#1438=VERTEX_POINT('',#4603);
#1439=VERTEX_POINT('',#4605);
#1440=VERTEX_POINT('',#4609);
#1441=VERTEX_POINT('',#4611);
#1442=VERTEX_POINT('',#4613);
#1443=VERTEX_POINT('',#4617);
#1444=VERTEX_POINT('',#4619);
#1445=VERTEX_POINT('',#4623);
#1446=VERTEX_POINT('',#4625);
#1447=VERTEX_POINT('',#4629);
#1448=VERTEX_POINT('',#4634);
#1449=VERTEX_POINT('',#4637);
#1450=VERTEX_POINT('',#4638);
#1451=VERTEX_POINT('',#4640);
#1452=VERTEX_POINT('',#4642);
#1453=VERTEX_POINT('',#4646);
#1454=VERTEX_POINT('',#4648);
#1455=VERTEX_POINT('',#4652);
#1456=VERTEX_POINT('',#4654);
#1457=VERTEX_POINT('',#4656);
#1458=VERTEX_POINT('',#4660);
#1459=VERTEX_POINT('',#4662);
#1460=VERTEX_POINT('',#4666);
#1461=VERTEX_POINT('',#4668);
#1462=VERTEX_POINT('',#4672);
#1463=VERTEX_POINT('',#4677);
#1464=VERTEX_POINT('',#4680);
#1465=VERTEX_POINT('',#4681);
#1466=VERTEX_POINT('',#4683);
#1467=VERTEX_POINT('',#4685);
#1468=VERTEX_POINT('',#4689);
#1469=VERTEX_POINT('',#4691);
#1470=VERTEX_POINT('',#4695);
#1471=VERTEX_POINT('',#4697);
#1472=VERTEX_POINT('',#4701);
#1473=VERTEX_POINT('',#4703);
#1474=VERTEX_POINT('',#4707);
#1475=VERTEX_POINT('',#4709);
#1476=VERTEX_POINT('',#4711);
#1477=VERTEX_POINT('',#4715);
#1478=VERTEX_POINT('',#4720);
#1479=VERTEX_POINT('',#4723);
#1480=VERTEX_POINT('',#4724);
#1481=VERTEX_POINT('',#4726);
#1482=VERTEX_POINT('',#4728);
#1483=VERTEX_POINT('',#4732);
#1484=VERTEX_POINT('',#4734);
#1485=VERTEX_POINT('',#4738);
#1486=VERTEX_POINT('',#4740);
#1487=VERTEX_POINT('',#4742);
#1488=VERTEX_POINT('',#4746);
#1489=VERTEX_POINT('',#4747);
#1490=VERTEX_POINT('',#4749);
#1491=VERTEX_POINT('',#4751);
#1492=VERTEX_POINT('',#4755);
#1493=VERTEX_POINT('',#4763);
#1494=VERTEX_POINT('',#4766);
#1495=VERTEX_POINT('',#4768);
#1496=VERTEX_POINT('',#4770);
#1497=VERTEX_POINT('',#4772);
#1498=VERTEX_POINT('',#4776);
#1499=VERTEX_POINT('',#4778);
#1500=VERTEX_POINT('',#4780);
#1501=VERTEX_POINT('',#4782);
#1502=VERTEX_POINT('',#4786);
#1503=VERTEX_POINT('',#4788);
#1504=VERTEX_POINT('',#4790);
#1505=VERTEX_POINT('',#4792);
#1506=VERTEX_POINT('',#4794);
#1507=VERTEX_POINT('',#4796);
#1508=VERTEX_POINT('',#4798);
#1509=VERTEX_POINT('',#4802);
#1510=VERTEX_POINT('',#4804);
#1511=VERTEX_POINT('',#4806);
#1512=VERTEX_POINT('',#4808);
#1513=VERTEX_POINT('',#4812);
#1514=VERTEX_POINT('',#4816);
#1515=VERTEX_POINT('',#4820);
#1516=VERTEX_POINT('',#4824);
#1517=VERTEX_POINT('',#4828);
#1518=VERTEX_POINT('',#4829);
#1519=VERTEX_POINT('',#4831);
#1520=VERTEX_POINT('',#4833);
#1521=VERTEX_POINT('',#4837);
#1522=VERTEX_POINT('',#4839);
#1523=VERTEX_POINT('',#4844);
#1524=VERTEX_POINT('',#4848);
#1525=VERTEX_POINT('',#4849);
#1526=VERTEX_POINT('',#4851);
#1527=VERTEX_POINT('',#4853);
#1528=VERTEX_POINT('',#4857);
#1529=VERTEX_POINT('',#4858);
#1530=VERTEX_POINT('',#4860);
#1531=VERTEX_POINT('',#4862);
#1532=VERTEX_POINT('',#4866);
#1533=VERTEX_POINT('',#4867);
#1534=VERTEX_POINT('',#4869);
#1535=VERTEX_POINT('',#4871);
#1536=VERTEX_POINT('',#4878);
#1537=VERTEX_POINT('',#4882);
#1538=VERTEX_POINT('',#4884);
#1539=VERTEX_POINT('',#4889);
#1540=VERTEX_POINT('',#4890);
#1541=VERTEX_POINT('',#4892);
#1542=VERTEX_POINT('',#4894);
#1543=VERTEX_POINT('',#4898);
#1544=VERTEX_POINT('',#4900);
#1545=VERTEX_POINT('',#4904);
#1546=VERTEX_POINT('',#4905);
#1547=VERTEX_POINT('',#4917);
#1548=VERTEX_POINT('',#4919);
#1549=VERTEX_POINT('',#4921);
#1550=VERTEX_POINT('',#4923);
#1551=VERTEX_POINT('',#4930);
#1552=VERTEX_POINT('',#4932);
#1553=VERTEX_POINT('',#4936);
#1554=VERTEX_POINT('',#4938);
#1555=VERTEX_POINT('',#4951);
#1556=VERTEX_POINT('',#4955);
#1557=VERTEX_POINT('',#4959);
#1558=VERTEX_POINT('',#4960);
#1559=VERTEX_POINT('',#4962);
#1560=VERTEX_POINT('',#4964);
#1561=VERTEX_POINT('',#4969);
#1562=VERTEX_POINT('',#4971);
#1563=VERTEX_POINT('',#4989);
#1564=VERTEX_POINT('',#4993);
#1565=VERTEX_POINT('',#4998);
#1566=VERTEX_POINT('',#5000);
#1567=VERTEX_POINT('',#5002);
#1568=VERTEX_POINT('',#5004);
#1569=VERTEX_POINT('',#5006);
#1570=VERTEX_POINT('',#5011);
#1571=VERTEX_POINT('',#5013);
#1572=VERTEX_POINT('',#5015);
#1573=VERTEX_POINT('',#5017);
#1574=VERTEX_POINT('',#5019);
#1575=VERTEX_POINT('',#5025);
#1576=VERTEX_POINT('',#5030);
#1577=VERTEX_POINT('',#5035);
#1578=VERTEX_POINT('',#5040);
#1579=VERTEX_POINT('',#5045);
#1580=VERTEX_POINT('',#5049);
#1581=VERTEX_POINT('',#5051);
#1582=VERTEX_POINT('',#5055);
#1583=VERTEX_POINT('',#5056);
#1584=VERTEX_POINT('',#5058);
#1585=VERTEX_POINT('',#5065);
#1586=VERTEX_POINT('',#5066);
#1587=VERTEX_POINT('',#5074);
#1588=VERTEX_POINT('',#5076);
#1589=VERTEX_POINT('',#5080);
#1590=VERTEX_POINT('',#5084);
#1591=VERTEX_POINT('',#5086);
#1592=VERTEX_POINT('',#5095);
#1593=VERTEX_POINT('',#5096);
#1594=VERTEX_POINT('',#5098);
#1595=VERTEX_POINT('',#5105);
#1596=VERTEX_POINT('',#5109);
#1597=VERTEX_POINT('',#5110);
#1598=VERTEX_POINT('',#5112);
#1599=VERTEX_POINT('',#5116);
#1600=VERTEX_POINT('',#5118);
#1601=VERTEX_POINT('',#5125);
#1602=VERTEX_POINT('',#5134);
#1603=VERTEX_POINT('',#5141);
#1604=VERTEX_POINT('',#5143);
#1605=VERTEX_POINT('',#5150);
#1606=VERTEX_POINT('',#5154);
#1607=VERTEX_POINT('',#5173);
#1608=VERTEX_POINT('',#5177);
#1609=VERTEX_POINT('',#5192);
#1610=VERTEX_POINT('',#5193);
#1611=VERTEX_POINT('',#5200);
#1612=VERTEX_POINT('',#5201);
#1613=VERTEX_POINT('',#5206);
#1614=VERTEX_POINT('',#5207);
#1615=VERTEX_POINT('',#5213);
#1616=VERTEX_POINT('',#5215);
#1617=VERTEX_POINT('',#5219);
#1618=VERTEX_POINT('',#5223);
#1619=VERTEX_POINT('',#5225);
#1620=VERTEX_POINT('',#5234);
#1621=VERTEX_POINT('',#5236);
#1622=VERTEX_POINT('',#5240);
#1623=VERTEX_POINT('',#5242);
#1624=VERTEX_POINT('',#5244);
#1625=VERTEX_POINT('',#5248);
#1626=VERTEX_POINT('',#5250);
#1627=VERTEX_POINT('',#5254);
#1628=VERTEX_POINT('',#5255);
#1629=VERTEX_POINT('',#5257);
#1630=VERTEX_POINT('',#5259);
#1631=VERTEX_POINT('',#5266);
#1632=VERTEX_POINT('',#5269);
#1633=VERTEX_POINT('',#5271);
#1634=VERTEX_POINT('',#5273);
#1635=VERTEX_POINT('',#5277);
#1636=VERTEX_POINT('',#5279);
#1637=VERTEX_POINT('',#5281);
#1638=VERTEX_POINT('',#5283);
#1639=VERTEX_POINT('',#5286);
#1640=VERTEX_POINT('',#5288);
#1641=VERTEX_POINT('',#5290);
#1642=VERTEX_POINT('',#5294);
#1643=VERTEX_POINT('',#5298);
#1644=VERTEX_POINT('',#5306);
#1645=VERTEX_POINT('',#5323);
#1646=EDGE_CURVE('',#1371,#1371,#1260,.T.);
#1647=EDGE_CURVE('',#1371,#1372,#612,.T.);
#1648=EDGE_CURVE('',#1372,#1372,#1261,.T.);
#1649=EDGE_CURVE('',#1373,#1373,#1262,.T.);
#1650=EDGE_CURVE('',#1373,#1372,#613,.T.);
#1651=EDGE_CURVE('',#1374,#1374,#1263,.T.);
#1652=EDGE_CURVE('',#1374,#1375,#614,.T.);
#1653=EDGE_CURVE('',#1375,#1375,#1264,.T.);
#1654=EDGE_CURVE('',#1376,#1376,#1265,.T.);
#1655=EDGE_CURVE('',#1376,#1375,#615,.T.);
#1656=EDGE_CURVE('',#1377,#1377,#1266,.T.);
#1657=EDGE_CURVE('',#1377,#1378,#616,.T.);
#1658=EDGE_CURVE('',#1378,#1378,#1267,.T.);
#1659=EDGE_CURVE('',#1379,#1379,#1268,.T.);
#1660=EDGE_CURVE('',#1379,#1378,#617,.T.);
#1661=EDGE_CURVE('',#1380,#1380,#1269,.T.);
#1662=EDGE_CURVE('',#1380,#1381,#618,.T.);
#1663=EDGE_CURVE('',#1381,#1381,#1270,.T.);
#1664=EDGE_CURVE('',#1382,#1382,#1271,.T.);
#1665=EDGE_CURVE('',#1382,#1383,#619,.T.);
#1666=EDGE_CURVE('',#1383,#1383,#1272,.T.);
#1667=EDGE_CURVE('',#1384,#1384,#1273,.T.);
#1668=EDGE_CURVE('',#1384,#1385,#620,.T.);
#1669=EDGE_CURVE('',#1385,#1385,#1274,.T.);
#1670=EDGE_CURVE('',#1386,#1387,#621,.T.);
#1671=EDGE_CURVE('',#1387,#1388,#622,.T.);
#1672=EDGE_CURVE('',#1388,#1389,#623,.T.);
#1673=EDGE_CURVE('',#1389,#1386,#624,.T.);
#1674=EDGE_CURVE('',#1387,#1390,#625,.T.);
#1675=EDGE_CURVE('',#1390,#1391,#626,.T.);
#1676=EDGE_CURVE('',#1391,#1388,#627,.T.);
#1677=EDGE_CURVE('',#1392,#1391,#628,.T.);
#1678=EDGE_CURVE('',#1390,#1393,#629,.T.);
#1679=EDGE_CURVE('',#1393,#1392,#630,.T.);
#1680=EDGE_CURVE('',#1393,#1386,#631,.T.);
#1681=EDGE_CURVE('',#1389,#1392,#632,.T.);
#1682=EDGE_CURVE('',#1389,#1394,#633,.T.);
#1683=EDGE_CURVE('',#1395,#1394,#634,.T.);
#1684=EDGE_CURVE('',#1392,#1395,#635,.T.);
#1685=EDGE_CURVE('',#1388,#1396,#636,.T.);
#1686=EDGE_CURVE('',#1394,#1396,#637,.T.);
#1687=EDGE_CURVE('',#1397,#1398,#638,.T.);
#1688=EDGE_CURVE('',#1398,#1399,#639,.T.);
#1689=EDGE_CURVE('',#1399,#1400,#640,.T.);
#1690=EDGE_CURVE('',#1400,#1401,#641,.T.);
#1691=EDGE_CURVE('',#1401,#1402,#642,.T.);
#1692=EDGE_CURVE('',#1403,#1402,#643,.T.);
#1693=EDGE_CURVE('',#1404,#1403,#1275,.T.);
#1694=EDGE_CURVE('',#1405,#1404,#644,.T.);
#1695=EDGE_CURVE('',#1406,#1405,#645,.T.);
#1696=EDGE_CURVE('',#1407,#1406,#646,.T.);
#1697=EDGE_CURVE('',#1407,#1408,#647,.T.);
#1698=EDGE_CURVE('',#1409,#1408,#648,.T.);
#1699=EDGE_CURVE('',#1410,#1409,#1276,.T.);
#1700=EDGE_CURVE('',#1411,#1410,#649,.T.);
#1701=EDGE_CURVE('',#1411,#1412,#650,.T.);
#1702=EDGE_CURVE('',#1412,#1397,#651,.T.);
#1703=EDGE_CURVE('',#1413,#1413,#1277,.T.);
#1704=EDGE_CURVE('',#1414,#1414,#1278,.T.);
#1705=EDGE_CURVE('',#1415,#1415,#1279,.T.);
#1706=EDGE_CURVE('',#1416,#1416,#1280,.T.);
#1707=EDGE_CURVE('',#1396,#1417,#652,.T.);
#1708=EDGE_CURVE('',#1417,#1418,#653,.T.);
#1709=EDGE_CURVE('',#1418,#1394,#654,.T.);
#1710=EDGE_CURVE('',#1419,#1417,#655,.T.);
#1711=EDGE_CURVE('',#1396,#1420,#656,.T.);
#1712=EDGE_CURVE('',#1420,#1419,#657,.T.);
#1713=EDGE_CURVE('',#1421,#1419,#658,.T.);
#1714=EDGE_CURVE('',#1420,#1395,#659,.T.);
#1715=EDGE_CURVE('',#1395,#1421,#660,.T.);
#1716=EDGE_CURVE('',#1418,#1421,#661,.T.);
#1717=EDGE_CURVE('',#1391,#1420,#662,.T.);
#1718=EDGE_CURVE('',#1422,#1423,#663,.T.);
#1719=EDGE_CURVE('',#1424,#1422,#664,.T.);
#1720=EDGE_CURVE('',#1425,#1424,#665,.T.);
#1721=EDGE_CURVE('',#1426,#1425,#666,.T.);
#1722=EDGE_CURVE('',#1427,#1426,#1281,.T.);
#1723=EDGE_CURVE('',#1428,#1427,#667,.T.);
#1724=EDGE_CURVE('',#1429,#1428,#668,.T.);
#1725=EDGE_CURVE('',#1430,#1429,#669,.T.);
#1726=EDGE_CURVE('',#1431,#1430,#670,.T.);
#1727=EDGE_CURVE('',#1432,#1431,#671,.T.);
#1728=EDGE_CURVE('',#1433,#1432,#1282,.T.);
#1729=EDGE_CURVE('',#1423,#1433,#672,.T.);
#1730=EDGE_CURVE('',#1434,#1435,#673,.T.);
#1731=EDGE_CURVE('',#1434,#1436,#674,.T.);
#1732=EDGE_CURVE('',#1436,#1437,#675,.T.);
#1733=EDGE_CURVE('',#1435,#1437,#676,.T.);
#1734=EDGE_CURVE('',#1435,#1438,#677,.T.);
#1735=EDGE_CURVE('',#1437,#1439,#678,.T.);
#1736=EDGE_CURVE('',#1438,#1439,#679,.T.);
#1737=EDGE_CURVE('',#1438,#1440,#680,.T.);
#1738=EDGE_CURVE('',#1439,#1441,#681,.T.);
#1739=EDGE_CURVE('',#1442,#1441,#682,.T.);
#1740=EDGE_CURVE('',#1440,#1442,#39,.T.);
#1741=EDGE_CURVE('',#1443,#1434,#683,.T.);
#1742=EDGE_CURVE('',#1443,#1444,#684,.T.);
#1743=EDGE_CURVE('',#1444,#1436,#685,.T.);
#1744=EDGE_CURVE('',#1445,#1443,#686,.T.);
#1745=EDGE_CURVE('',#1445,#1446,#687,.T.);
#1746=EDGE_CURVE('',#1446,#1444,#688,.T.);
#1747=EDGE_CURVE('',#1447,#1445,#689,.T.);
#1748=EDGE_CURVE('',#1442,#1447,#40,.T.);
#1749=EDGE_CURVE('',#1441,#1446,#690,.T.);
#1750=EDGE_CURVE('',#1448,#1448,#1283,.T.);
#1751=EDGE_CURVE('',#1449,#1450,#691,.T.);
#1752=EDGE_CURVE('',#1449,#1451,#692,.T.);
#1753=EDGE_CURVE('',#1451,#1452,#693,.T.);
#1754=EDGE_CURVE('',#1450,#1452,#694,.T.);
#1755=EDGE_CURVE('',#1450,#1453,#695,.T.);
#1756=EDGE_CURVE('',#1452,#1454,#696,.T.);
#1757=EDGE_CURVE('',#1453,#1454,#697,.T.);
#1758=EDGE_CURVE('',#1453,#1455,#698,.T.);
#1759=EDGE_CURVE('',#1454,#1456,#699,.T.);
#1760=EDGE_CURVE('',#1457,#1456,#700,.T.);
#1761=EDGE_CURVE('',#1455,#1457,#41,.T.);
#1762=EDGE_CURVE('',#1458,#1449,#701,.T.);
#1763=EDGE_CURVE('',#1458,#1459,#702,.T.);
#1764=EDGE_CURVE('',#1459,#1451,#703,.T.);
#1765=EDGE_CURVE('',#1460,#1458,#704,.T.);
#1766=EDGE_CURVE('',#1460,#1461,#705,.T.);
#1767=EDGE_CURVE('',#1461,#1459,#706,.T.);
#1768=EDGE_CURVE('',#1462,#1460,#707,.T.);
#1769=EDGE_CURVE('',#1457,#1462,#42,.T.);
#1770=EDGE_CURVE('',#1456,#1461,#708,.T.);
#1771=EDGE_CURVE('',#1463,#1463,#1284,.T.);
#1772=EDGE_CURVE('',#1464,#1465,#709,.T.);
#1773=EDGE_CURVE('',#1464,#1466,#710,.T.);
#1774=EDGE_CURVE('',#1466,#1467,#711,.T.);
#1775=EDGE_CURVE('',#1465,#1467,#712,.T.);
#1776=EDGE_CURVE('',#1465,#1468,#713,.T.);
#1777=EDGE_CURVE('',#1467,#1469,#714,.T.);
#1778=EDGE_CURVE('',#1468,#1469,#715,.T.);
#1779=EDGE_CURVE('',#1468,#1470,#716,.T.);
#1780=EDGE_CURVE('',#1469,#1471,#717,.T.);
#1781=EDGE_CURVE('',#1470,#1471,#718,.T.);
#1782=EDGE_CURVE('',#1470,#1472,#719,.T.);
#1783=EDGE_CURVE('',#1471,#1473,#720,.T.);
#1784=EDGE_CURVE('',#1472,#1473,#721,.T.);
#1785=EDGE_CURVE('',#1474,#1464,#722,.T.);
#1786=EDGE_CURVE('',#1475,#1474,#43,.T.);
#1787=EDGE_CURVE('',#1475,#1476,#723,.T.);
#1788=EDGE_CURVE('',#1476,#1466,#724,.T.);
#1789=EDGE_CURVE('',#1477,#1475,#44,.T.);
#1790=EDGE_CURVE('',#1472,#1477,#725,.T.);
#1791=EDGE_CURVE('',#1473,#1476,#726,.T.);
#1792=EDGE_CURVE('',#1478,#1478,#1285,.T.);
#1793=EDGE_CURVE('',#1479,#1480,#727,.T.);
#1794=EDGE_CURVE('',#1479,#1481,#728,.T.);
#1795=EDGE_CURVE('',#1481,#1482,#729,.T.);
#1796=EDGE_CURVE('',#1480,#1482,#730,.T.);
#1797=EDGE_CURVE('',#1480,#1483,#731,.T.);
#1798=EDGE_CURVE('',#1482,#1484,#732,.T.);
#1799=EDGE_CURVE('',#1483,#1484,#733,.T.);
#1800=EDGE_CURVE('',#1483,#1485,#734,.T.);
#1801=EDGE_CURVE('',#1484,#1486,#735,.T.);
#1802=EDGE_CURVE('',#1487,#1486,#736,.T.);
#1803=EDGE_CURVE('',#1485,#1487,#45,.T.);
#1804=EDGE_CURVE('',#1488,#1489,#737,.T.);
#1805=EDGE_CURVE('',#1488,#1490,#738,.T.);
#1806=EDGE_CURVE('',#1490,#1491,#739,.T.);
#1807=EDGE_CURVE('',#1489,#1491,#740,.T.);
#1808=EDGE_CURVE('',#1492,#1488,#741,.T.);
#1809=EDGE_CURVE('',#1487,#1492,#46,.T.);
#1810=EDGE_CURVE('',#1486,#1490,#742,.T.);
#1811=EDGE_CURVE('',#1489,#1479,#743,.T.);
#1812=EDGE_CURVE('',#1491,#1481,#744,.T.);
#1813=EDGE_CURVE('',#1493,#1493,#1286,.T.);
#1814=EDGE_CURVE('',#1447,#1494,#745,.T.);
#1815=EDGE_CURVE('',#1494,#1495,#1287,.F.);
#1816=EDGE_CURVE('',#1495,#1496,#746,.T.);
#1817=EDGE_CURVE('',#1496,#1497,#1288,.F.);
#1818=EDGE_CURVE('',#1497,#1440,#747,.T.);
#1819=EDGE_CURVE('',#1462,#1498,#748,.T.);
#1820=EDGE_CURVE('',#1498,#1499,#1289,.F.);
#1821=EDGE_CURVE('',#1499,#1500,#749,.T.);
#1822=EDGE_CURVE('',#1500,#1501,#1290,.F.);
#1823=EDGE_CURVE('',#1501,#1455,#750,.T.);
#1824=EDGE_CURVE('',#1502,#1477,#751,.T.);
#1825=EDGE_CURVE('',#1503,#1502,#752,.T.);
#1826=EDGE_CURVE('',#1504,#1503,#753,.T.);
#1827=EDGE_CURVE('',#1505,#1504,#754,.T.);
#1828=EDGE_CURVE('',#1506,#1505,#755,.T.);
#1829=EDGE_CURVE('',#1507,#1506,#756,.T.);
#1830=EDGE_CURVE('',#1508,#1507,#757,.T.);
#1831=EDGE_CURVE('',#1474,#1508,#758,.T.);
#1832=EDGE_CURVE('',#1492,#1509,#759,.T.);
#1833=EDGE_CURVE('',#1509,#1510,#1291,.F.);
#1834=EDGE_CURVE('',#1510,#1511,#760,.T.);
#1835=EDGE_CURVE('',#1511,#1512,#1292,.F.);
#1836=EDGE_CURVE('',#1512,#1485,#761,.T.);
#1837=EDGE_CURVE('',#1513,#1513,#1293,.T.);
#1838=EDGE_CURVE('',#1513,#1463,#762,.T.);
#1839=EDGE_CURVE('',#1514,#1514,#1294,.T.);
#1840=EDGE_CURVE('',#1514,#1448,#763,.T.);
#1841=EDGE_CURVE('',#1515,#1515,#1295,.T.);
#1842=EDGE_CURVE('',#1515,#1493,#764,.T.);
#1843=EDGE_CURVE('',#1516,#1516,#1296,.T.);
#1844=EDGE_CURVE('',#1516,#1478,#765,.T.);
#1845=EDGE_CURVE('',#1517,#1518,#766,.T.);
#1846=EDGE_CURVE('',#1519,#1517,#767,.T.);
#1847=EDGE_CURVE('',#1519,#1520,#768,.T.);
#1848=EDGE_CURVE('',#1518,#1520,#769,.T.);
#1849=EDGE_CURVE('',#1521,#1517,#770,.T.);
#1850=EDGE_CURVE('',#1522,#1521,#771,.T.);
#1851=EDGE_CURVE('',#1522,#1519,#772,.T.);
#1852=EDGE_CURVE('',#1406,#1518,#773,.T.);
#1853=EDGE_CURVE('',#1523,#1405,#774,.T.);
#1854=EDGE_CURVE('',#1521,#1523,#775,.T.);
#1855=EDGE_CURVE('',#1524,#1525,#776,.T.);
#1856=EDGE_CURVE('',#1526,#1524,#777,.T.);
#1857=EDGE_CURVE('',#1526,#1527,#778,.T.);
#1858=EDGE_CURVE('',#1527,#1525,#779,.T.);
#1859=EDGE_CURVE('',#1528,#1529,#780,.T.);
#1860=EDGE_CURVE('',#1530,#1528,#781,.T.);
#1861=EDGE_CURVE('',#1531,#1530,#782,.T.);
#1862=EDGE_CURVE('',#1529,#1531,#783,.T.);
#1863=EDGE_CURVE('',#1532,#1533,#784,.T.);
#1864=EDGE_CURVE('',#1532,#1534,#785,.T.);
#1865=EDGE_CURVE('',#1534,#1535,#786,.T.);
#1866=EDGE_CURVE('',#1533,#1535,#787,.T.);
#1867=EDGE_CURVE('',#1532,#1494,#1297,.F.);
#1868=EDGE_CURVE('',#1494,#1534,#788,.T.);
#1869=EDGE_CURVE('',#1533,#1536,#1298,.T.);
#1870=EDGE_CURVE('',#1535,#1536,#789,.T.);
#1871=EDGE_CURVE('',#1537,#1531,#790,.T.);
#1872=EDGE_CURVE('',#1537,#1538,#791,.T.);
#1873=EDGE_CURVE('',#1538,#1397,#1299,.T.);
#1874=EDGE_CURVE('',#1412,#1529,#792,.T.);
#1875=EDGE_CURVE('',#1539,#1540,#793,.T.);
#1876=EDGE_CURVE('',#1541,#1539,#794,.T.);
#1877=EDGE_CURVE('',#1542,#1541,#795,.T.);
#1878=EDGE_CURVE('',#1540,#1542,#796,.T.);
#1879=EDGE_CURVE('',#1543,#1539,#797,.T.);
#1880=EDGE_CURVE('',#1544,#1543,#798,.T.);
#1881=EDGE_CURVE('',#1541,#1544,#799,.T.);
#1882=EDGE_CURVE('',#1545,#1546,#800,.T.);
#1883=EDGE_CURVE('',#1545,#1504,#801,.T.);
#1884=EDGE_CURVE('',#1546,#1503,#802,.T.);
#1885=EDGE_CURVE('',#1502,#1546,#1300,.F.);
#1886=EDGE_CURVE('',#1505,#1545,#1301,.T.);
#1887=EDGE_CURVE('',#1546,#1429,#1302,.F.);
#1888=EDGE_CURVE('',#1428,#1506,#1303,.F.);
#1889=EDGE_CURVE('',#1547,#1542,#803,.T.);
#1890=EDGE_CURVE('',#1547,#1548,#804,.T.);
#1891=EDGE_CURVE('',#1548,#1549,#805,.T.);
#1892=EDGE_CURVE('',#1550,#1549,#806,.T.);
#1893=EDGE_CURVE('',#1550,#1540,#807,.T.);
#1894=EDGE_CURVE('',#1544,#1520,#808,.T.);
#1895=EDGE_CURVE('',#1543,#1407,#809,.T.);
#1896=EDGE_CURVE('',#1551,#1537,#810,.T.);
#1897=EDGE_CURVE('',#1552,#1551,#811,.T.);
#1898=EDGE_CURVE('',#1538,#1552,#812,.T.);
#1899=EDGE_CURVE('',#1553,#1552,#1304,.T.);
#1900=EDGE_CURVE('',#1554,#1553,#37,.T.);
#1901=EDGE_CURVE('',#1555,#1554,#813,.T.);
#1902=EDGE_CURVE('',#1555,#1398,#1305,.T.);
#1903=EDGE_CURVE('',#1556,#1555,#814,.T.);
#1904=EDGE_CURVE('',#1399,#1556,#1306,.T.);
#1905=EDGE_CURVE('',#1557,#1558,#815,.T.);
#1906=EDGE_CURVE('',#1557,#1559,#816,.T.);
#1907=EDGE_CURVE('',#1560,#1559,#817,.T.);
#1908=EDGE_CURVE('',#1558,#1560,#818,.T.);
#1909=EDGE_CURVE('',#1400,#1557,#1307,.T.);
#1910=EDGE_CURVE('',#1556,#1561,#819,.T.);
#1911=EDGE_CURVE('',#1562,#1561,#38,.T.);
#1912=EDGE_CURVE('',#1559,#1562,#1308,.T.);
#1913=EDGE_CURVE('',#1561,#1554,#820,.T.);
#1914=EDGE_CURVE('',#1500,#1562,#821,.T.);
#1915=EDGE_CURVE('',#1563,#1499,#822,.T.);
#1916=EDGE_CURVE('',#1563,#1560,#823,.T.);
#1917=EDGE_CURVE('',#1551,#1564,#824,.T.);
#1918=EDGE_CURVE('',#1496,#1564,#825,.T.);
#1919=EDGE_CURVE('',#1553,#1495,#826,.T.);
#1920=EDGE_CURVE('',#1565,#1563,#1309,.T.);
#1921=EDGE_CURVE('',#1565,#1566,#827,.T.);
#1922=EDGE_CURVE('',#1567,#1566,#1310,.T.);
#1923=EDGE_CURVE('',#1567,#1568,#828,.T.);
#1924=EDGE_CURVE('',#1568,#1569,#829,.T.);
#1925=EDGE_CURVE('',#1527,#1569,#830,.T.);
#1926=EDGE_CURVE('',#1526,#1558,#831,.T.);
#1927=EDGE_CURVE('',#1530,#1570,#832,.T.);
#1928=EDGE_CURVE('',#1570,#1571,#833,.T.);
#1929=EDGE_CURVE('',#1571,#1572,#834,.T.);
#1930=EDGE_CURVE('',#1573,#1572,#1311,.T.);
#1931=EDGE_CURVE('',#1574,#1573,#835,.T.);
#1932=EDGE_CURVE('',#1564,#1574,#1312,.T.);
#1933=EDGE_CURVE('',#1524,#1401,#836,.T.);
#1934=EDGE_CURVE('',#1575,#1575,#1313,.F.);
#1935=EDGE_CURVE('',#1575,#1413,#837,.T.);
#1936=EDGE_CURVE('',#1576,#1576,#1314,.F.);
#1937=EDGE_CURVE('',#1576,#1414,#838,.T.);
#1938=EDGE_CURVE('',#1577,#1577,#1315,.F.);
#1939=EDGE_CURVE('',#1577,#1415,#839,.T.);
#1940=EDGE_CURVE('',#1578,#1578,#1316,.F.);
#1941=EDGE_CURVE('',#1578,#1416,#840,.T.);
#1942=EDGE_CURVE('',#1579,#1511,#1317,.F.);
#1943=EDGE_CURVE('',#1512,#1579,#1318,.F.);
#1944=EDGE_CURVE('',#1508,#1580,#1319,.F.);
#1945=EDGE_CURVE('',#1581,#1508,#1320,.F.);
#1946=EDGE_CURVE('',#1580,#1581,#1321,.F.);
#1947=EDGE_CURVE('',#1582,#1583,#1322,.F.);
#1948=EDGE_CURVE('',#1584,#1582,#1323,.F.);
#1949=EDGE_CURVE('',#1583,#1584,#1324,.F.);
#1950=EDGE_CURVE('',#1579,#1584,#841,.T.);
#1951=EDGE_CURVE('',#1582,#1512,#842,.T.);
#1952=EDGE_CURVE('',#1585,#1586,#1325,.T.);
#1953=EDGE_CURVE('',#1586,#1583,#843,.T.);
#1954=EDGE_CURVE('',#1584,#1585,#844,.T.);
#1955=EDGE_CURVE('',#1430,#1509,#1326,.F.);
#1956=EDGE_CURVE('',#1510,#1430,#1327,.F.);
#1957=EDGE_CURVE('',#1507,#1587,#1328,.F.);
#1958=EDGE_CURVE('',#1588,#1507,#1329,.F.);
#1959=EDGE_CURVE('',#1587,#1588,#1330,.F.);
#1960=EDGE_CURVE('',#1429,#1589,#1331,.F.);
#1961=EDGE_CURVE('',#1589,#1502,#1332,.F.);
#1962=EDGE_CURVE('',#1431,#1590,#1333,.F.);
#1963=EDGE_CURVE('',#1591,#1431,#1334,.F.);
#1964=EDGE_CURVE('',#1590,#1591,#1335,.F.);
#1965=EDGE_CURVE('',#1509,#1591,#845,.T.);
#1966=EDGE_CURVE('',#1591,#1582,#846,.T.);
#1967=EDGE_CURVE('',#1583,#1590,#847,.T.);
#1968=EDGE_CURVE('',#1592,#1593,#1336,.F.);
#1969=EDGE_CURVE('',#1594,#1592,#1337,.F.);
#1970=EDGE_CURVE('',#1593,#1594,#1338,.F.);
#1971=EDGE_CURVE('',#1566,#1594,#848,.T.);
#1972=EDGE_CURVE('',#1592,#1567,#849,.T.);
#1973=EDGE_CURVE('',#1506,#1595,#1339,.F.);
#1974=EDGE_CURVE('',#1595,#1428,#1340,.F.);
#1975=EDGE_CURVE('',#1596,#1597,#1341,.F.);
#1976=EDGE_CURVE('',#1598,#1596,#1342,.F.);
#1977=EDGE_CURVE('',#1597,#1598,#1343,.F.);
#1978=EDGE_CURVE('',#1599,#1423,#1344,.F.);
#1979=EDGE_CURVE('',#1600,#1599,#1345,.F.);
#1980=EDGE_CURVE('',#1423,#1600,#1346,.F.);
#1981=EDGE_CURVE('',#1593,#1600,#850,.T.);
#1982=EDGE_CURVE('',#1599,#1592,#851,.T.);
#1983=EDGE_CURVE('',#1601,#1498,#1347,.F.);
#1984=EDGE_CURVE('',#1499,#1601,#1348,.F.);
#1985=EDGE_CURVE('',#1594,#1601,#852,.T.);
#1986=EDGE_CURVE('',#1498,#1593,#853,.T.);
#1987=EDGE_CURVE('',#1601,#1565,#854,.T.);
#1988=EDGE_CURVE('',#1602,#1496,#1349,.F.);
#1989=EDGE_CURVE('',#1497,#1602,#1350,.F.);
#1990=EDGE_CURVE('',#1602,#1598,#855,.T.);
#1991=EDGE_CURVE('',#1596,#1497,#856,.T.);
#1992=EDGE_CURVE('',#1603,#1425,#1351,.F.);
#1993=EDGE_CURVE('',#1604,#1603,#1352,.F.);
#1994=EDGE_CURVE('',#1425,#1604,#1353,.F.);
#1995=EDGE_CURVE('',#1603,#1596,#857,.T.);
#1996=EDGE_CURVE('',#1597,#1604,#858,.T.);
#1997=EDGE_CURVE('',#1605,#1426,#1354,.T.);
#1998=EDGE_CURVE('',#1604,#1605,#859,.T.);
#1999=EDGE_CURVE('',#1606,#1427,#1355,.T.);
#2000=EDGE_CURVE('',#1605,#1606,#1356,.T.);
#2001=EDGE_CURVE('',#1606,#1595,#860,.T.);
#2002=EDGE_CURVE('',#1422,#1500,#1357,.F.);
#2003=EDGE_CURVE('',#1501,#1422,#1358,.F.);
#2004=EDGE_CURVE('',#1600,#1501,#861,.T.);
#2005=EDGE_CURVE('',#1424,#1532,#1359,.F.);
#2006=EDGE_CURVE('',#1495,#1424,#1360,.F.);
#2007=EDGE_CURVE('',#1536,#1603,#862,.T.);
#2008=EDGE_CURVE('',#1574,#1602,#863,.T.);
#2009=EDGE_CURVE('',#1607,#1432,#1361,.T.);
#2010=EDGE_CURVE('',#1590,#1607,#864,.T.);
#2011=EDGE_CURVE('',#1608,#1433,#1362,.T.);
#2012=EDGE_CURVE('',#1607,#1608,#1363,.T.);
#2013=EDGE_CURVE('',#1608,#1599,#865,.T.);
#2014=EDGE_CURVE('',#1572,#1597,#866,.T.);
#2015=EDGE_CURVE('',#1598,#1573,#867,.T.);
#2016=EDGE_CURVE('',#1595,#1588,#868,.T.);
#2017=EDGE_CURVE('',#1580,#1589,#869,.T.);
#2018=EDGE_CURVE('',#1589,#1510,#870,.T.);
#2019=EDGE_CURVE('',#1609,#1610,#1364,.T.);
#2020=EDGE_CURVE('',#1610,#1587,#871,.T.);
#2021=EDGE_CURVE('',#1588,#1609,#872,.T.);
#2022=EDGE_CURVE('',#1587,#1581,#873,.T.);
#2023=EDGE_CURVE('',#1611,#1612,#1365,.T.);
#2024=EDGE_CURVE('',#1612,#1580,#874,.T.);
#2025=EDGE_CURVE('',#1581,#1611,#875,.T.);
#2026=EDGE_CURVE('',#1613,#1614,#1366,.T.);
#2027=EDGE_CURVE('',#1614,#1579,#876,.T.);
#2028=EDGE_CURVE('',#1511,#1613,#877,.T.);
#2029=EDGE_CURVE('',#1615,#1608,#878,.T.);
#2030=EDGE_CURVE('',#1615,#1616,#879,.T.);
#2031=EDGE_CURVE('',#1616,#1568,#880,.T.);
#2032=EDGE_CURVE('',#1617,#1607,#881,.T.);
#2033=EDGE_CURVE('',#1617,#1615,#1367,.T.);
#2034=EDGE_CURVE('',#1618,#1586,#882,.T.);
#2035=EDGE_CURVE('',#1618,#1619,#883,.T.);
#2036=EDGE_CURVE('',#1619,#1617,#884,.T.);
#2037=EDGE_CURVE('',#1585,#1614,#885,.T.);
#2038=EDGE_CURVE('',#1571,#1620,#886,.T.);
#2039=EDGE_CURVE('',#1570,#1621,#887,.T.);
#2040=EDGE_CURVE('',#1621,#1620,#888,.T.);
#2041=EDGE_CURVE('',#1569,#1622,#889,.T.);
#2042=EDGE_CURVE('',#1622,#1623,#890,.T.);
#2043=EDGE_CURVE('',#1624,#1623,#891,.T.);
#2044=EDGE_CURVE('',#1525,#1624,#892,.T.);
#2045=EDGE_CURVE('',#1625,#1621,#893,.T.);
#2046=EDGE_CURVE('',#1626,#1528,#894,.T.);
#2047=EDGE_CURVE('',#1625,#1626,#895,.T.);
#2048=EDGE_CURVE('',#1627,#1628,#896,.T.);
#2049=EDGE_CURVE('',#1627,#1629,#897,.T.);
#2050=EDGE_CURVE('',#1630,#1629,#898,.T.);
#2051=EDGE_CURVE('',#1628,#1630,#899,.T.);
#2052=EDGE_CURVE('',#1630,#1618,#900,.T.);
#2053=EDGE_CURVE('',#1629,#1619,#901,.T.);
#2054=EDGE_CURVE('',#1623,#1631,#902,.T.);
#2055=EDGE_CURVE('',#1616,#1622,#903,.T.);
#2056=EDGE_CURVE('',#1632,#1627,#904,.T.);
#2057=EDGE_CURVE('',#1633,#1632,#905,.T.);
#2058=EDGE_CURVE('',#1634,#1633,#1368,.T.);
#2059=EDGE_CURVE('',#1631,#1634,#906,.T.);
#2060=EDGE_CURVE('',#1635,#1548,#907,.T.);
#2061=EDGE_CURVE('',#1636,#1635,#908,.T.);
#2062=EDGE_CURVE('',#1637,#1636,#909,.T.);
#2063=EDGE_CURVE('',#1638,#1637,#1369,.T.);
#2064=EDGE_CURVE('',#1620,#1638,#910,.T.);
#2065=EDGE_CURVE('',#1639,#1625,#911,.T.);
#2066=EDGE_CURVE('',#1640,#1639,#912,.T.);
#2067=EDGE_CURVE('',#1641,#1640,#1370,.T.);
#2068=EDGE_CURVE('',#1549,#1641,#913,.T.);
#2069=EDGE_CURVE('',#1642,#1547,#914,.T.);
#2070=EDGE_CURVE('',#1642,#1635,#915,.T.);
#2071=EDGE_CURVE('',#1636,#1643,#916,.T.);
#2072=EDGE_CURVE('',#1643,#1642,#917,.T.);
#2073=EDGE_CURVE('',#1640,#1410,#918,.T.);
#2074=EDGE_CURVE('',#1641,#1409,#919,.T.);
#2075=EDGE_CURVE('',#1639,#1644,#920,.T.);
#2076=EDGE_CURVE('',#1644,#1411,#921,.T.);
#2077=EDGE_CURVE('',#1644,#1626,#922,.T.);
#2078=EDGE_CURVE('',#1638,#1605,#923,.T.);
#2079=EDGE_CURVE('',#1633,#1404,#924,.T.);
#2080=EDGE_CURVE('',#1634,#1403,#925,.T.);
#2081=EDGE_CURVE('',#1632,#1523,#926,.T.);
#2082=EDGE_CURVE('',#1522,#1628,#927,.T.);
#2083=EDGE_CURVE('',#1408,#1550,#928,.T.);
#2084=EDGE_CURVE('',#1645,#1631,#929,.T.);
#2085=EDGE_CURVE('',#1645,#1624,#930,.T.);
#2086=EDGE_CURVE('',#1402,#1645,#931,.T.);
#2087=EDGE_CURVE('',#1637,#1606,#932,.T.);
#2088=EDGE_CURVE('',#1609,#1643,#933,.T.);
#2089=EDGE_CURVE('',#1612,#1613,#934,.T.);
#2090=EDGE_CURVE('',#1610,#1611,#935,.T.);
#2091=ORIENTED_EDGE('',*,*,#1646,.T.);
#2092=ORIENTED_EDGE('',*,*,#1647,.T.);
#2093=ORIENTED_EDGE('',*,*,#1648,.T.);
#2094=ORIENTED_EDGE('',*,*,#1647,.F.);
#2095=ORIENTED_EDGE('',*,*,#1646,.F.);
#2096=ORIENTED_EDGE('',*,*,#1649,.T.);
#2097=ORIENTED_EDGE('',*,*,#1650,.T.);
#2098=ORIENTED_EDGE('',*,*,#1648,.F.);
#2099=ORIENTED_EDGE('',*,*,#1650,.F.);
#2100=ORIENTED_EDGE('',*,*,#1651,.T.);
#2101=ORIENTED_EDGE('',*,*,#1652,.T.);
#2102=ORIENTED_EDGE('',*,*,#1653,.T.);
#2103=ORIENTED_EDGE('',*,*,#1652,.F.);
#2104=ORIENTED_EDGE('',*,*,#1651,.F.);
#2105=ORIENTED_EDGE('',*,*,#1654,.T.);
#2106=ORIENTED_EDGE('',*,*,#1655,.T.);
#2107=ORIENTED_EDGE('',*,*,#1653,.F.);
#2108=ORIENTED_EDGE('',*,*,#1655,.F.);
#2109=ORIENTED_EDGE('',*,*,#1656,.T.);
#2110=ORIENTED_EDGE('',*,*,#1657,.T.);
#2111=ORIENTED_EDGE('',*,*,#1658,.T.);
#2112=ORIENTED_EDGE('',*,*,#1657,.F.);
#2113=ORIENTED_EDGE('',*,*,#1656,.F.);
#2114=ORIENTED_EDGE('',*,*,#1659,.T.);
#2115=ORIENTED_EDGE('',*,*,#1660,.T.);
#2116=ORIENTED_EDGE('',*,*,#1658,.F.);
#2117=ORIENTED_EDGE('',*,*,#1660,.F.);
#2118=ORIENTED_EDGE('',*,*,#1661,.T.);
#2119=ORIENTED_EDGE('',*,*,#1659,.F.);
#2120=ORIENTED_EDGE('',*,*,#1661,.F.);
#2121=ORIENTED_EDGE('',*,*,#1662,.T.);
#2122=ORIENTED_EDGE('',*,*,#1663,.F.);
#2123=ORIENTED_EDGE('',*,*,#1662,.F.);
#2124=ORIENTED_EDGE('',*,*,#1664,.T.);
#2125=ORIENTED_EDGE('',*,*,#1654,.F.);
#2126=ORIENTED_EDGE('',*,*,#1664,.F.);
#2127=ORIENTED_EDGE('',*,*,#1665,.T.);
#2128=ORIENTED_EDGE('',*,*,#1666,.F.);
#2129=ORIENTED_EDGE('',*,*,#1665,.F.);
#2130=ORIENTED_EDGE('',*,*,#1667,.T.);
#2131=ORIENTED_EDGE('',*,*,#1649,.F.);
#2132=ORIENTED_EDGE('',*,*,#1667,.F.);
#2133=ORIENTED_EDGE('',*,*,#1668,.T.);
#2134=ORIENTED_EDGE('',*,*,#1669,.F.);
#2135=ORIENTED_EDGE('',*,*,#1668,.F.);
#2136=ORIENTED_EDGE('',*,*,#1670,.T.);
#2137=ORIENTED_EDGE('',*,*,#1671,.T.);
#2138=ORIENTED_EDGE('',*,*,#1672,.T.);
#2139=ORIENTED_EDGE('',*,*,#1673,.T.);
#2140=ORIENTED_EDGE('',*,*,#1674,.T.);
#2141=ORIENTED_EDGE('',*,*,#1675,.T.);
#2142=ORIENTED_EDGE('',*,*,#1676,.T.);
#2143=ORIENTED_EDGE('',*,*,#1671,.F.);
#2144=ORIENTED_EDGE('',*,*,#1677,.T.);
#2145=ORIENTED_EDGE('',*,*,#1675,.F.);
#2146=ORIENTED_EDGE('',*,*,#1678,.T.);
#2147=ORIENTED_EDGE('',*,*,#1679,.T.);
#2148=ORIENTED_EDGE('',*,*,#1680,.T.);
#2149=ORIENTED_EDGE('',*,*,#1673,.F.);
#2150=ORIENTED_EDGE('',*,*,#1681,.T.);
#2151=ORIENTED_EDGE('',*,*,#1679,.F.);
#2152=ORIENTED_EDGE('',*,*,#1681,.F.);
#2153=ORIENTED_EDGE('',*,*,#1682,.T.);
#2154=ORIENTED_EDGE('',*,*,#1683,.F.);
#2155=ORIENTED_EDGE('',*,*,#1684,.F.);
#2156=ORIENTED_EDGE('',*,*,#1672,.F.);
#2157=ORIENTED_EDGE('',*,*,#1685,.T.);
#2158=ORIENTED_EDGE('',*,*,#1686,.F.);
#2159=ORIENTED_EDGE('',*,*,#1682,.F.);
#2160=ORIENTED_EDGE('',*,*,#1687,.T.);
#2161=ORIENTED_EDGE('',*,*,#1688,.T.);
#2162=ORIENTED_EDGE('',*,*,#1689,.T.);
#2163=ORIENTED_EDGE('',*,*,#1690,.T.);
#2164=ORIENTED_EDGE('',*,*,#1691,.T.);
#2165=ORIENTED_EDGE('',*,*,#1692,.F.);
#2166=ORIENTED_EDGE('',*,*,#1693,.F.);
#2167=ORIENTED_EDGE('',*,*,#1694,.F.);
#2168=ORIENTED_EDGE('',*,*,#1695,.F.);
#2169=ORIENTED_EDGE('',*,*,#1696,.F.);
#2170=ORIENTED_EDGE('',*,*,#1697,.T.);
#2171=ORIENTED_EDGE('',*,*,#1698,.F.);
#2172=ORIENTED_EDGE('',*,*,#1699,.F.);
#2173=ORIENTED_EDGE('',*,*,#1700,.F.);
#2174=ORIENTED_EDGE('',*,*,#1701,.T.);
#2175=ORIENTED_EDGE('',*,*,#1702,.T.);
#2176=ORIENTED_EDGE('',*,*,#1666,.T.);
#2177=ORIENTED_EDGE('',*,*,#1670,.F.);
#2178=ORIENTED_EDGE('',*,*,#1680,.F.);
#2179=ORIENTED_EDGE('',*,*,#1678,.F.);
#2180=ORIENTED_EDGE('',*,*,#1674,.F.);
#2181=ORIENTED_EDGE('',*,*,#1703,.T.);
#2182=ORIENTED_EDGE('',*,*,#1704,.T.);
#2183=ORIENTED_EDGE('',*,*,#1705,.T.);
#2184=ORIENTED_EDGE('',*,*,#1706,.T.);
#2185=ORIENTED_EDGE('',*,*,#1669,.T.);
#2186=ORIENTED_EDGE('',*,*,#1663,.T.);
#2187=ORIENTED_EDGE('',*,*,#1686,.T.);
#2188=ORIENTED_EDGE('',*,*,#1707,.T.);
#2189=ORIENTED_EDGE('',*,*,#1708,.T.);
#2190=ORIENTED_EDGE('',*,*,#1709,.T.);
#2191=ORIENTED_EDGE('',*,*,#1710,.T.);
#2192=ORIENTED_EDGE('',*,*,#1707,.F.);
#2193=ORIENTED_EDGE('',*,*,#1711,.T.);
#2194=ORIENTED_EDGE('',*,*,#1712,.T.);
#2195=ORIENTED_EDGE('',*,*,#1713,.T.);
#2196=ORIENTED_EDGE('',*,*,#1712,.F.);
#2197=ORIENTED_EDGE('',*,*,#1714,.T.);
#2198=ORIENTED_EDGE('',*,*,#1715,.T.);
#2199=ORIENTED_EDGE('',*,*,#1716,.T.);
#2200=ORIENTED_EDGE('',*,*,#1715,.F.);
#2201=ORIENTED_EDGE('',*,*,#1683,.T.);
#2202=ORIENTED_EDGE('',*,*,#1709,.F.);
#2203=ORIENTED_EDGE('',*,*,#1676,.F.);
#2204=ORIENTED_EDGE('',*,*,#1717,.T.);
#2205=ORIENTED_EDGE('',*,*,#1711,.F.);
#2206=ORIENTED_EDGE('',*,*,#1685,.F.);
#2207=ORIENTED_EDGE('',*,*,#1718,.F.);
#2208=ORIENTED_EDGE('',*,*,#1719,.F.);
#2209=ORIENTED_EDGE('',*,*,#1720,.F.);
#2210=ORIENTED_EDGE('',*,*,#1721,.F.);
#2211=ORIENTED_EDGE('',*,*,#1722,.F.);
#2212=ORIENTED_EDGE('',*,*,#1723,.F.);
#2213=ORIENTED_EDGE('',*,*,#1724,.F.);
#2214=ORIENTED_EDGE('',*,*,#1725,.F.);
#2215=ORIENTED_EDGE('',*,*,#1726,.F.);
#2216=ORIENTED_EDGE('',*,*,#1727,.F.);
#2217=ORIENTED_EDGE('',*,*,#1728,.F.);
#2218=ORIENTED_EDGE('',*,*,#1729,.F.);
#2219=ORIENTED_EDGE('',*,*,#1708,.F.);
#2220=ORIENTED_EDGE('',*,*,#1710,.F.);
#2221=ORIENTED_EDGE('',*,*,#1713,.F.);
#2222=ORIENTED_EDGE('',*,*,#1716,.F.);
#2223=ORIENTED_EDGE('',*,*,#1677,.F.);
#2224=ORIENTED_EDGE('',*,*,#1684,.T.);
#2225=ORIENTED_EDGE('',*,*,#1714,.F.);
#2226=ORIENTED_EDGE('',*,*,#1717,.F.);
#2227=ORIENTED_EDGE('',*,*,#1730,.F.);
#2228=ORIENTED_EDGE('',*,*,#1731,.T.);
#2229=ORIENTED_EDGE('',*,*,#1732,.T.);
#2230=ORIENTED_EDGE('',*,*,#1733,.F.);
#2231=ORIENTED_EDGE('',*,*,#1734,.F.);
#2232=ORIENTED_EDGE('',*,*,#1733,.T.);
#2233=ORIENTED_EDGE('',*,*,#1735,.T.);
#2234=ORIENTED_EDGE('',*,*,#1736,.F.);
#2235=ORIENTED_EDGE('',*,*,#1737,.F.);
#2236=ORIENTED_EDGE('',*,*,#1736,.T.);
#2237=ORIENTED_EDGE('',*,*,#1738,.T.);
#2238=ORIENTED_EDGE('',*,*,#1739,.F.);
#2239=ORIENTED_EDGE('',*,*,#1740,.F.);
#2240=ORIENTED_EDGE('',*,*,#1741,.F.);
#2241=ORIENTED_EDGE('',*,*,#1742,.T.);
#2242=ORIENTED_EDGE('',*,*,#1743,.T.);
#2243=ORIENTED_EDGE('',*,*,#1731,.F.);
#2244=ORIENTED_EDGE('',*,*,#1744,.F.);
#2245=ORIENTED_EDGE('',*,*,#1745,.T.);
#2246=ORIENTED_EDGE('',*,*,#1746,.T.);
#2247=ORIENTED_EDGE('',*,*,#1742,.F.);
#2248=ORIENTED_EDGE('',*,*,#1747,.F.);
#2249=ORIENTED_EDGE('',*,*,#1748,.F.);
#2250=ORIENTED_EDGE('',*,*,#1739,.T.);
#2251=ORIENTED_EDGE('',*,*,#1749,.T.);
#2252=ORIENTED_EDGE('',*,*,#1745,.F.);
#2253=ORIENTED_EDGE('',*,*,#1738,.F.);
#2254=ORIENTED_EDGE('',*,*,#1735,.F.);
#2255=ORIENTED_EDGE('',*,*,#1732,.F.);
#2256=ORIENTED_EDGE('',*,*,#1743,.F.);
#2257=ORIENTED_EDGE('',*,*,#1746,.F.);
#2258=ORIENTED_EDGE('',*,*,#1749,.F.);
#2259=ORIENTED_EDGE('',*,*,#1750,.F.);
#2260=ORIENTED_EDGE('',*,*,#1751,.F.);
#2261=ORIENTED_EDGE('',*,*,#1752,.T.);
#2262=ORIENTED_EDGE('',*,*,#1753,.T.);
#2263=ORIENTED_EDGE('',*,*,#1754,.F.);
#2264=ORIENTED_EDGE('',*,*,#1755,.F.);
#2265=ORIENTED_EDGE('',*,*,#1754,.T.);
#2266=ORIENTED_EDGE('',*,*,#1756,.T.);
#2267=ORIENTED_EDGE('',*,*,#1757,.F.);
#2268=ORIENTED_EDGE('',*,*,#1758,.F.);
#2269=ORIENTED_EDGE('',*,*,#1757,.T.);
#2270=ORIENTED_EDGE('',*,*,#1759,.T.);
#2271=ORIENTED_EDGE('',*,*,#1760,.F.);
#2272=ORIENTED_EDGE('',*,*,#1761,.F.);
#2273=ORIENTED_EDGE('',*,*,#1762,.F.);
#2274=ORIENTED_EDGE('',*,*,#1763,.T.);
#2275=ORIENTED_EDGE('',*,*,#1764,.T.);
#2276=ORIENTED_EDGE('',*,*,#1752,.F.);
#2277=ORIENTED_EDGE('',*,*,#1765,.F.);
#2278=ORIENTED_EDGE('',*,*,#1766,.T.);
#2279=ORIENTED_EDGE('',*,*,#1767,.T.);
#2280=ORIENTED_EDGE('',*,*,#1763,.F.);
#2281=ORIENTED_EDGE('',*,*,#1768,.F.);
#2282=ORIENTED_EDGE('',*,*,#1769,.F.);
#2283=ORIENTED_EDGE('',*,*,#1760,.T.);
#2284=ORIENTED_EDGE('',*,*,#1770,.T.);
#2285=ORIENTED_EDGE('',*,*,#1766,.F.);
#2286=ORIENTED_EDGE('',*,*,#1759,.F.);
#2287=ORIENTED_EDGE('',*,*,#1756,.F.);
#2288=ORIENTED_EDGE('',*,*,#1753,.F.);
#2289=ORIENTED_EDGE('',*,*,#1764,.F.);
#2290=ORIENTED_EDGE('',*,*,#1767,.F.);
#2291=ORIENTED_EDGE('',*,*,#1770,.F.);
#2292=ORIENTED_EDGE('',*,*,#1771,.F.);
#2293=ORIENTED_EDGE('',*,*,#1772,.F.);
#2294=ORIENTED_EDGE('',*,*,#1773,.T.);
#2295=ORIENTED_EDGE('',*,*,#1774,.T.);
#2296=ORIENTED_EDGE('',*,*,#1775,.F.);
#2297=ORIENTED_EDGE('',*,*,#1776,.F.);
#2298=ORIENTED_EDGE('',*,*,#1775,.T.);
#2299=ORIENTED_EDGE('',*,*,#1777,.T.);
#2300=ORIENTED_EDGE('',*,*,#1778,.F.);
#2301=ORIENTED_EDGE('',*,*,#1779,.F.);
#2302=ORIENTED_EDGE('',*,*,#1778,.T.);
#2303=ORIENTED_EDGE('',*,*,#1780,.T.);
#2304=ORIENTED_EDGE('',*,*,#1781,.F.);
#2305=ORIENTED_EDGE('',*,*,#1782,.F.);
#2306=ORIENTED_EDGE('',*,*,#1781,.T.);
#2307=ORIENTED_EDGE('',*,*,#1783,.T.);
#2308=ORIENTED_EDGE('',*,*,#1784,.F.);
#2309=ORIENTED_EDGE('',*,*,#1785,.F.);
#2310=ORIENTED_EDGE('',*,*,#1786,.F.);
#2311=ORIENTED_EDGE('',*,*,#1787,.T.);
#2312=ORIENTED_EDGE('',*,*,#1788,.T.);
#2313=ORIENTED_EDGE('',*,*,#1773,.F.);
#2314=ORIENTED_EDGE('',*,*,#1789,.F.);
#2315=ORIENTED_EDGE('',*,*,#1790,.F.);
#2316=ORIENTED_EDGE('',*,*,#1784,.T.);
#2317=ORIENTED_EDGE('',*,*,#1791,.T.);
#2318=ORIENTED_EDGE('',*,*,#1787,.F.);
#2319=ORIENTED_EDGE('',*,*,#1777,.F.);
#2320=ORIENTED_EDGE('',*,*,#1774,.F.);
#2321=ORIENTED_EDGE('',*,*,#1788,.F.);
#2322=ORIENTED_EDGE('',*,*,#1791,.F.);
#2323=ORIENTED_EDGE('',*,*,#1783,.F.);
#2324=ORIENTED_EDGE('',*,*,#1780,.F.);
#2325=ORIENTED_EDGE('',*,*,#1792,.F.);
#2326=ORIENTED_EDGE('',*,*,#1793,.F.);
#2327=ORIENTED_EDGE('',*,*,#1794,.T.);
#2328=ORIENTED_EDGE('',*,*,#1795,.T.);
#2329=ORIENTED_EDGE('',*,*,#1796,.F.);
#2330=ORIENTED_EDGE('',*,*,#1797,.F.);
#2331=ORIENTED_EDGE('',*,*,#1796,.T.);
#2332=ORIENTED_EDGE('',*,*,#1798,.T.);
#2333=ORIENTED_EDGE('',*,*,#1799,.F.);
#2334=ORIENTED_EDGE('',*,*,#1800,.F.);
#2335=ORIENTED_EDGE('',*,*,#1799,.T.);
#2336=ORIENTED_EDGE('',*,*,#1801,.T.);
#2337=ORIENTED_EDGE('',*,*,#1802,.F.);
#2338=ORIENTED_EDGE('',*,*,#1803,.F.);
#2339=ORIENTED_EDGE('',*,*,#1804,.F.);
#2340=ORIENTED_EDGE('',*,*,#1805,.T.);
#2341=ORIENTED_EDGE('',*,*,#1806,.T.);
#2342=ORIENTED_EDGE('',*,*,#1807,.F.);
#2343=ORIENTED_EDGE('',*,*,#1808,.F.);
#2344=ORIENTED_EDGE('',*,*,#1809,.F.);
#2345=ORIENTED_EDGE('',*,*,#1802,.T.);
#2346=ORIENTED_EDGE('',*,*,#1810,.T.);
#2347=ORIENTED_EDGE('',*,*,#1805,.F.);
#2348=ORIENTED_EDGE('',*,*,#1811,.F.);
#2349=ORIENTED_EDGE('',*,*,#1807,.T.);
#2350=ORIENTED_EDGE('',*,*,#1812,.T.);
#2351=ORIENTED_EDGE('',*,*,#1794,.F.);
#2352=ORIENTED_EDGE('',*,*,#1812,.F.);
#2353=ORIENTED_EDGE('',*,*,#1806,.F.);
#2354=ORIENTED_EDGE('',*,*,#1810,.F.);
#2355=ORIENTED_EDGE('',*,*,#1801,.F.);
#2356=ORIENTED_EDGE('',*,*,#1798,.F.);
#2357=ORIENTED_EDGE('',*,*,#1795,.F.);
#2358=ORIENTED_EDGE('',*,*,#1813,.F.);
#2359=ORIENTED_EDGE('',*,*,#1740,.T.);
#2360=ORIENTED_EDGE('',*,*,#1748,.T.);
#2361=ORIENTED_EDGE('',*,*,#1814,.T.);
#2362=ORIENTED_EDGE('',*,*,#1815,.T.);
#2363=ORIENTED_EDGE('',*,*,#1816,.T.);
#2364=ORIENTED_EDGE('',*,*,#1817,.T.);
#2365=ORIENTED_EDGE('',*,*,#1818,.T.);
#2366=ORIENTED_EDGE('',*,*,#1761,.T.);
#2367=ORIENTED_EDGE('',*,*,#1769,.T.);
#2368=ORIENTED_EDGE('',*,*,#1819,.T.);
#2369=ORIENTED_EDGE('',*,*,#1820,.T.);
#2370=ORIENTED_EDGE('',*,*,#1821,.T.);
#2371=ORIENTED_EDGE('',*,*,#1822,.T.);
#2372=ORIENTED_EDGE('',*,*,#1823,.T.);
#2373=ORIENTED_EDGE('',*,*,#1785,.T.);
#2374=ORIENTED_EDGE('',*,*,#1772,.T.);
#2375=ORIENTED_EDGE('',*,*,#1776,.T.);
#2376=ORIENTED_EDGE('',*,*,#1779,.T.);
#2377=ORIENTED_EDGE('',*,*,#1782,.T.);
#2378=ORIENTED_EDGE('',*,*,#1790,.T.);
#2379=ORIENTED_EDGE('',*,*,#1824,.F.);
#2380=ORIENTED_EDGE('',*,*,#1825,.F.);
#2381=ORIENTED_EDGE('',*,*,#1826,.F.);
#2382=ORIENTED_EDGE('',*,*,#1827,.F.);
#2383=ORIENTED_EDGE('',*,*,#1828,.F.);
#2384=ORIENTED_EDGE('',*,*,#1829,.F.);
#2385=ORIENTED_EDGE('',*,*,#1830,.F.);
#2386=ORIENTED_EDGE('',*,*,#1831,.F.);
#2387=ORIENTED_EDGE('',*,*,#1803,.T.);
#2388=ORIENTED_EDGE('',*,*,#1809,.T.);
#2389=ORIENTED_EDGE('',*,*,#1832,.T.);
#2390=ORIENTED_EDGE('',*,*,#1833,.T.);
#2391=ORIENTED_EDGE('',*,*,#1834,.T.);
#2392=ORIENTED_EDGE('',*,*,#1835,.T.);
#2393=ORIENTED_EDGE('',*,*,#1836,.T.);
#2394=ORIENTED_EDGE('',*,*,#1837,.F.);
#2395=ORIENTED_EDGE('',*,*,#1838,.T.);
#2396=ORIENTED_EDGE('',*,*,#1771,.T.);
#2397=ORIENTED_EDGE('',*,*,#1838,.F.);
#2398=ORIENTED_EDGE('',*,*,#1839,.F.);
#2399=ORIENTED_EDGE('',*,*,#1840,.T.);
#2400=ORIENTED_EDGE('',*,*,#1750,.T.);
#2401=ORIENTED_EDGE('',*,*,#1840,.F.);
#2402=ORIENTED_EDGE('',*,*,#1841,.F.);
#2403=ORIENTED_EDGE('',*,*,#1842,.T.);
#2404=ORIENTED_EDGE('',*,*,#1813,.T.);
#2405=ORIENTED_EDGE('',*,*,#1842,.F.);
#2406=ORIENTED_EDGE('',*,*,#1843,.F.);
#2407=ORIENTED_EDGE('',*,*,#1844,.T.);
#2408=ORIENTED_EDGE('',*,*,#1792,.T.);
#2409=ORIENTED_EDGE('',*,*,#1844,.F.);
#2410=ORIENTED_EDGE('',*,*,#1845,.F.);
#2411=ORIENTED_EDGE('',*,*,#1846,.F.);
#2412=ORIENTED_EDGE('',*,*,#1847,.T.);
#2413=ORIENTED_EDGE('',*,*,#1848,.F.);
#2414=ORIENTED_EDGE('',*,*,#1849,.F.);
#2415=ORIENTED_EDGE('',*,*,#1850,.F.);
#2416=ORIENTED_EDGE('',*,*,#1851,.T.);
#2417=ORIENTED_EDGE('',*,*,#1846,.T.);
#2418=ORIENTED_EDGE('',*,*,#1849,.T.);
#2419=ORIENTED_EDGE('',*,*,#1845,.T.);
#2420=ORIENTED_EDGE('',*,*,#1852,.F.);
#2421=ORIENTED_EDGE('',*,*,#1695,.T.);
#2422=ORIENTED_EDGE('',*,*,#1853,.F.);
#2423=ORIENTED_EDGE('',*,*,#1854,.F.);
#2424=ORIENTED_EDGE('',*,*,#1855,.F.);
#2425=ORIENTED_EDGE('',*,*,#1856,.F.);
#2426=ORIENTED_EDGE('',*,*,#1857,.T.);
#2427=ORIENTED_EDGE('',*,*,#1858,.T.);
#2428=ORIENTED_EDGE('',*,*,#1859,.F.);
#2429=ORIENTED_EDGE('',*,*,#1860,.F.);
#2430=ORIENTED_EDGE('',*,*,#1861,.F.);
#2431=ORIENTED_EDGE('',*,*,#1862,.F.);
#2432=ORIENTED_EDGE('',*,*,#1863,.F.);
#2433=ORIENTED_EDGE('',*,*,#1864,.T.);
#2434=ORIENTED_EDGE('',*,*,#1865,.T.);
#2435=ORIENTED_EDGE('',*,*,#1866,.F.);
#2436=ORIENTED_EDGE('',*,*,#1867,.T.);
#2437=ORIENTED_EDGE('',*,*,#1868,.T.);
#2438=ORIENTED_EDGE('',*,*,#1864,.F.);
#2439=ORIENTED_EDGE('',*,*,#1869,.F.);
#2440=ORIENTED_EDGE('',*,*,#1866,.T.);
#2441=ORIENTED_EDGE('',*,*,#1870,.T.);
#2442=ORIENTED_EDGE('',*,*,#1862,.T.);
#2443=ORIENTED_EDGE('',*,*,#1871,.F.);
#2444=ORIENTED_EDGE('',*,*,#1872,.T.);
#2445=ORIENTED_EDGE('',*,*,#1873,.T.);
#2446=ORIENTED_EDGE('',*,*,#1702,.F.);
#2447=ORIENTED_EDGE('',*,*,#1874,.T.);
#2448=ORIENTED_EDGE('',*,*,#1875,.F.);
#2449=ORIENTED_EDGE('',*,*,#1876,.F.);
#2450=ORIENTED_EDGE('',*,*,#1877,.F.);
#2451=ORIENTED_EDGE('',*,*,#1878,.F.);
#2452=ORIENTED_EDGE('',*,*,#1879,.F.);
#2453=ORIENTED_EDGE('',*,*,#1880,.F.);
#2454=ORIENTED_EDGE('',*,*,#1881,.F.);
#2455=ORIENTED_EDGE('',*,*,#1876,.T.);
#2456=ORIENTED_EDGE('',*,*,#1882,.F.);
#2457=ORIENTED_EDGE('',*,*,#1883,.T.);
#2458=ORIENTED_EDGE('',*,*,#1826,.T.);
#2459=ORIENTED_EDGE('',*,*,#1884,.F.);
#2460=ORIENTED_EDGE('',*,*,#1885,.T.);
#2461=ORIENTED_EDGE('',*,*,#1884,.T.);
#2462=ORIENTED_EDGE('',*,*,#1825,.T.);
#2463=ORIENTED_EDGE('',*,*,#1886,.F.);
#2464=ORIENTED_EDGE('',*,*,#1827,.T.);
#2465=ORIENTED_EDGE('',*,*,#1883,.F.);
#2466=ORIENTED_EDGE('',*,*,#1886,.T.);
#2467=ORIENTED_EDGE('',*,*,#1882,.T.);
#2468=ORIENTED_EDGE('',*,*,#1887,.T.);
#2469=ORIENTED_EDGE('',*,*,#1724,.T.);
#2470=ORIENTED_EDGE('',*,*,#1888,.T.);
#2471=ORIENTED_EDGE('',*,*,#1828,.T.);
#2472=ORIENTED_EDGE('',*,*,#1878,.T.);
#2473=ORIENTED_EDGE('',*,*,#1889,.F.);
#2474=ORIENTED_EDGE('',*,*,#1890,.T.);
#2475=ORIENTED_EDGE('',*,*,#1891,.T.);
#2476=ORIENTED_EDGE('',*,*,#1892,.F.);
#2477=ORIENTED_EDGE('',*,*,#1893,.T.);
#2478=ORIENTED_EDGE('',*,*,#1848,.T.);
#2479=ORIENTED_EDGE('',*,*,#1894,.F.);
#2480=ORIENTED_EDGE('',*,*,#1880,.T.);
#2481=ORIENTED_EDGE('',*,*,#1895,.T.);
#2482=ORIENTED_EDGE('',*,*,#1696,.T.);
#2483=ORIENTED_EDGE('',*,*,#1852,.T.);
#2484=ORIENTED_EDGE('',*,*,#1872,.F.);
#2485=ORIENTED_EDGE('',*,*,#1896,.F.);
#2486=ORIENTED_EDGE('',*,*,#1897,.F.);
#2487=ORIENTED_EDGE('',*,*,#1898,.F.);
#2488=ORIENTED_EDGE('',*,*,#1873,.F.);
#2489=ORIENTED_EDGE('',*,*,#1898,.T.);
#2490=ORIENTED_EDGE('',*,*,#1899,.F.);
#2491=ORIENTED_EDGE('',*,*,#1900,.F.);
#2492=ORIENTED_EDGE('',*,*,#1901,.F.);
#2493=ORIENTED_EDGE('',*,*,#1902,.T.);
#2494=ORIENTED_EDGE('',*,*,#1687,.F.);
#2495=ORIENTED_EDGE('',*,*,#1688,.F.);
#2496=ORIENTED_EDGE('',*,*,#1902,.F.);
#2497=ORIENTED_EDGE('',*,*,#1903,.F.);
#2498=ORIENTED_EDGE('',*,*,#1904,.F.);
#2499=ORIENTED_EDGE('',*,*,#1905,.F.);
#2500=ORIENTED_EDGE('',*,*,#1906,.T.);
#2501=ORIENTED_EDGE('',*,*,#1907,.F.);
#2502=ORIENTED_EDGE('',*,*,#1908,.F.);
#2503=ORIENTED_EDGE('',*,*,#1909,.F.);
#2504=ORIENTED_EDGE('',*,*,#1689,.F.);
#2505=ORIENTED_EDGE('',*,*,#1904,.T.);
#2506=ORIENTED_EDGE('',*,*,#1910,.T.);
#2507=ORIENTED_EDGE('',*,*,#1911,.F.);
#2508=ORIENTED_EDGE('',*,*,#1912,.F.);
#2509=ORIENTED_EDGE('',*,*,#1906,.F.);
#2510=ORIENTED_EDGE('',*,*,#1913,.F.);
#2511=ORIENTED_EDGE('',*,*,#1910,.F.);
#2512=ORIENTED_EDGE('',*,*,#1903,.T.);
#2513=ORIENTED_EDGE('',*,*,#1901,.T.);
#2514=ORIENTED_EDGE('',*,*,#1912,.T.);
#2515=ORIENTED_EDGE('',*,*,#1914,.F.);
#2516=ORIENTED_EDGE('',*,*,#1821,.F.);
#2517=ORIENTED_EDGE('',*,*,#1915,.F.);
#2518=ORIENTED_EDGE('',*,*,#1916,.T.);
#2519=ORIENTED_EDGE('',*,*,#1907,.T.);
#2520=ORIENTED_EDGE('',*,*,#1899,.T.);
#2521=ORIENTED_EDGE('',*,*,#1897,.T.);
#2522=ORIENTED_EDGE('',*,*,#1917,.T.);
#2523=ORIENTED_EDGE('',*,*,#1918,.F.);
#2524=ORIENTED_EDGE('',*,*,#1816,.F.);
#2525=ORIENTED_EDGE('',*,*,#1919,.F.);
#2526=ORIENTED_EDGE('',*,*,#1908,.T.);
#2527=ORIENTED_EDGE('',*,*,#1916,.F.);
#2528=ORIENTED_EDGE('',*,*,#1920,.F.);
#2529=ORIENTED_EDGE('',*,*,#1921,.T.);
#2530=ORIENTED_EDGE('',*,*,#1922,.F.);
#2531=ORIENTED_EDGE('',*,*,#1923,.T.);
#2532=ORIENTED_EDGE('',*,*,#1924,.T.);
#2533=ORIENTED_EDGE('',*,*,#1925,.F.);
#2534=ORIENTED_EDGE('',*,*,#1857,.F.);
#2535=ORIENTED_EDGE('',*,*,#1926,.T.);
#2536=ORIENTED_EDGE('',*,*,#1837,.T.);
#2537=ORIENTED_EDGE('',*,*,#1896,.T.);
#2538=ORIENTED_EDGE('',*,*,#1871,.T.);
#2539=ORIENTED_EDGE('',*,*,#1861,.T.);
#2540=ORIENTED_EDGE('',*,*,#1927,.T.);
#2541=ORIENTED_EDGE('',*,*,#1928,.T.);
#2542=ORIENTED_EDGE('',*,*,#1929,.T.);
#2543=ORIENTED_EDGE('',*,*,#1930,.F.);
#2544=ORIENTED_EDGE('',*,*,#1931,.F.);
#2545=ORIENTED_EDGE('',*,*,#1932,.F.);
#2546=ORIENTED_EDGE('',*,*,#1917,.F.);
#2547=ORIENTED_EDGE('',*,*,#1839,.T.);
#2548=ORIENTED_EDGE('',*,*,#1856,.T.);
#2549=ORIENTED_EDGE('',*,*,#1933,.T.);
#2550=ORIENTED_EDGE('',*,*,#1690,.F.);
#2551=ORIENTED_EDGE('',*,*,#1909,.T.);
#2552=ORIENTED_EDGE('',*,*,#1905,.T.);
#2553=ORIENTED_EDGE('',*,*,#1926,.F.);
#2554=ORIENTED_EDGE('',*,*,#1934,.F.);
#2555=ORIENTED_EDGE('',*,*,#1935,.T.);
#2556=ORIENTED_EDGE('',*,*,#1703,.F.);
#2557=ORIENTED_EDGE('',*,*,#1935,.F.);
#2558=ORIENTED_EDGE('',*,*,#1934,.T.);
#2559=ORIENTED_EDGE('',*,*,#1936,.F.);
#2560=ORIENTED_EDGE('',*,*,#1937,.T.);
#2561=ORIENTED_EDGE('',*,*,#1704,.F.);
#2562=ORIENTED_EDGE('',*,*,#1937,.F.);
#2563=ORIENTED_EDGE('',*,*,#1936,.T.);
#2564=ORIENTED_EDGE('',*,*,#1938,.F.);
#2565=ORIENTED_EDGE('',*,*,#1939,.T.);
#2566=ORIENTED_EDGE('',*,*,#1705,.F.);
#2567=ORIENTED_EDGE('',*,*,#1939,.F.);
#2568=ORIENTED_EDGE('',*,*,#1938,.T.);
#2569=ORIENTED_EDGE('',*,*,#1940,.F.);
#2570=ORIENTED_EDGE('',*,*,#1941,.T.);
#2571=ORIENTED_EDGE('',*,*,#1706,.F.);
#2572=ORIENTED_EDGE('',*,*,#1941,.F.);
#2573=ORIENTED_EDGE('',*,*,#1940,.T.);
#2574=ORIENTED_EDGE('',*,*,#1942,.F.);
#2575=ORIENTED_EDGE('',*,*,#1943,.F.);
#2576=ORIENTED_EDGE('',*,*,#1835,.F.);
#2577=ORIENTED_EDGE('',*,*,#1944,.F.);
#2578=ORIENTED_EDGE('',*,*,#1945,.F.);
#2579=ORIENTED_EDGE('',*,*,#1946,.F.);
#2580=ORIENTED_EDGE('',*,*,#1947,.F.);
#2581=ORIENTED_EDGE('',*,*,#1948,.F.);
#2582=ORIENTED_EDGE('',*,*,#1949,.F.);
#2583=ORIENTED_EDGE('',*,*,#1943,.T.);
#2584=ORIENTED_EDGE('',*,*,#1950,.T.);
#2585=ORIENTED_EDGE('',*,*,#1948,.T.);
#2586=ORIENTED_EDGE('',*,*,#1951,.T.);
#2587=ORIENTED_EDGE('',*,*,#1952,.T.);
#2588=ORIENTED_EDGE('',*,*,#1953,.T.);
#2589=ORIENTED_EDGE('',*,*,#1949,.T.);
#2590=ORIENTED_EDGE('',*,*,#1954,.T.);
#2591=ORIENTED_EDGE('',*,*,#1833,.F.);
#2592=ORIENTED_EDGE('',*,*,#1955,.F.);
#2593=ORIENTED_EDGE('',*,*,#1956,.F.);
#2594=ORIENTED_EDGE('',*,*,#1957,.F.);
#2595=ORIENTED_EDGE('',*,*,#1958,.F.);
#2596=ORIENTED_EDGE('',*,*,#1959,.F.);
#2597=ORIENTED_EDGE('',*,*,#1960,.F.);
#2598=ORIENTED_EDGE('',*,*,#1887,.F.);
#2599=ORIENTED_EDGE('',*,*,#1885,.F.);
#2600=ORIENTED_EDGE('',*,*,#1961,.F.);
#2601=ORIENTED_EDGE('',*,*,#1962,.F.);
#2602=ORIENTED_EDGE('',*,*,#1963,.F.);
#2603=ORIENTED_EDGE('',*,*,#1964,.F.);
#2604=ORIENTED_EDGE('',*,*,#1955,.T.);
#2605=ORIENTED_EDGE('',*,*,#1965,.T.);
#2606=ORIENTED_EDGE('',*,*,#1963,.T.);
#2607=ORIENTED_EDGE('',*,*,#1726,.T.);
#2608=ORIENTED_EDGE('',*,*,#1964,.T.);
#2609=ORIENTED_EDGE('',*,*,#1966,.T.);
#2610=ORIENTED_EDGE('',*,*,#1947,.T.);
#2611=ORIENTED_EDGE('',*,*,#1967,.T.);
#2612=ORIENTED_EDGE('',*,*,#1968,.F.);
#2613=ORIENTED_EDGE('',*,*,#1969,.F.);
#2614=ORIENTED_EDGE('',*,*,#1970,.F.);
#2615=ORIENTED_EDGE('',*,*,#1922,.T.);
#2616=ORIENTED_EDGE('',*,*,#1971,.T.);
#2617=ORIENTED_EDGE('',*,*,#1969,.T.);
#2618=ORIENTED_EDGE('',*,*,#1972,.T.);
#2619=ORIENTED_EDGE('',*,*,#1973,.F.);
#2620=ORIENTED_EDGE('',*,*,#1888,.F.);
#2621=ORIENTED_EDGE('',*,*,#1974,.F.);
#2622=ORIENTED_EDGE('',*,*,#1975,.F.);
#2623=ORIENTED_EDGE('',*,*,#1976,.F.);
#2624=ORIENTED_EDGE('',*,*,#1977,.F.);
#2625=ORIENTED_EDGE('',*,*,#1978,.F.);
#2626=ORIENTED_EDGE('',*,*,#1979,.F.);
#2627=ORIENTED_EDGE('',*,*,#1980,.F.);
#2628=ORIENTED_EDGE('',*,*,#1968,.T.);
#2629=ORIENTED_EDGE('',*,*,#1981,.T.);
#2630=ORIENTED_EDGE('',*,*,#1979,.T.);
#2631=ORIENTED_EDGE('',*,*,#1982,.T.);
#2632=ORIENTED_EDGE('',*,*,#1820,.F.);
#2633=ORIENTED_EDGE('',*,*,#1983,.F.);
#2634=ORIENTED_EDGE('',*,*,#1984,.F.);
#2635=ORIENTED_EDGE('',*,*,#1970,.T.);
#2636=ORIENTED_EDGE('',*,*,#1985,.T.);
#2637=ORIENTED_EDGE('',*,*,#1983,.T.);
#2638=ORIENTED_EDGE('',*,*,#1986,.T.);
#2639=ORIENTED_EDGE('',*,*,#1920,.T.);
#2640=ORIENTED_EDGE('',*,*,#1915,.T.);
#2641=ORIENTED_EDGE('',*,*,#1984,.T.);
#2642=ORIENTED_EDGE('',*,*,#1987,.T.);
#2643=ORIENTED_EDGE('',*,*,#1988,.F.);
#2644=ORIENTED_EDGE('',*,*,#1989,.F.);
#2645=ORIENTED_EDGE('',*,*,#1817,.F.);
#2646=ORIENTED_EDGE('',*,*,#1989,.T.);
#2647=ORIENTED_EDGE('',*,*,#1990,.T.);
#2648=ORIENTED_EDGE('',*,*,#1976,.T.);
#2649=ORIENTED_EDGE('',*,*,#1991,.T.);
#2650=ORIENTED_EDGE('',*,*,#1992,.F.);
#2651=ORIENTED_EDGE('',*,*,#1993,.F.);
#2652=ORIENTED_EDGE('',*,*,#1994,.F.);
#2653=ORIENTED_EDGE('',*,*,#1993,.T.);
#2654=ORIENTED_EDGE('',*,*,#1995,.T.);
#2655=ORIENTED_EDGE('',*,*,#1975,.T.);
#2656=ORIENTED_EDGE('',*,*,#1996,.T.);
#2657=ORIENTED_EDGE('',*,*,#1997,.T.);
#2658=ORIENTED_EDGE('',*,*,#1721,.T.);
#2659=ORIENTED_EDGE('',*,*,#1994,.T.);
#2660=ORIENTED_EDGE('',*,*,#1998,.T.);
#2661=ORIENTED_EDGE('',*,*,#1999,.T.);
#2662=ORIENTED_EDGE('',*,*,#1722,.T.);
#2663=ORIENTED_EDGE('',*,*,#1997,.F.);
#2664=ORIENTED_EDGE('',*,*,#2000,.T.);
#2665=ORIENTED_EDGE('',*,*,#1974,.T.);
#2666=ORIENTED_EDGE('',*,*,#1723,.T.);
#2667=ORIENTED_EDGE('',*,*,#1999,.F.);
#2668=ORIENTED_EDGE('',*,*,#2001,.T.);
#2669=ORIENTED_EDGE('',*,*,#2002,.F.);
#2670=ORIENTED_EDGE('',*,*,#2003,.F.);
#2671=ORIENTED_EDGE('',*,*,#1822,.F.);
#2672=ORIENTED_EDGE('',*,*,#1980,.T.);
#2673=ORIENTED_EDGE('',*,*,#2004,.T.);
#2674=ORIENTED_EDGE('',*,*,#2003,.T.);
#2675=ORIENTED_EDGE('',*,*,#1718,.T.);
#2676=ORIENTED_EDGE('',*,*,#1815,.F.);
#2677=ORIENTED_EDGE('',*,*,#1867,.F.);
#2678=ORIENTED_EDGE('',*,*,#2005,.F.);
#2679=ORIENTED_EDGE('',*,*,#2006,.F.);
#2680=ORIENTED_EDGE('',*,*,#1869,.T.);
#2681=ORIENTED_EDGE('',*,*,#2007,.T.);
#2682=ORIENTED_EDGE('',*,*,#1992,.T.);
#2683=ORIENTED_EDGE('',*,*,#1720,.T.);
#2684=ORIENTED_EDGE('',*,*,#2005,.T.);
#2685=ORIENTED_EDGE('',*,*,#1863,.T.);
#2686=ORIENTED_EDGE('',*,*,#1900,.T.);
#2687=ORIENTED_EDGE('',*,*,#1919,.T.);
#2688=ORIENTED_EDGE('',*,*,#2006,.T.);
#2689=ORIENTED_EDGE('',*,*,#1719,.T.);
#2690=ORIENTED_EDGE('',*,*,#2002,.T.);
#2691=ORIENTED_EDGE('',*,*,#1914,.T.);
#2692=ORIENTED_EDGE('',*,*,#1911,.T.);
#2693=ORIENTED_EDGE('',*,*,#1913,.T.);
#2694=ORIENTED_EDGE('',*,*,#1932,.T.);
#2695=ORIENTED_EDGE('',*,*,#2008,.T.);
#2696=ORIENTED_EDGE('',*,*,#1988,.T.);
#2697=ORIENTED_EDGE('',*,*,#1918,.T.);
#2698=ORIENTED_EDGE('',*,*,#2009,.T.);
#2699=ORIENTED_EDGE('',*,*,#1727,.T.);
#2700=ORIENTED_EDGE('',*,*,#1962,.T.);
#2701=ORIENTED_EDGE('',*,*,#2010,.T.);
#2702=ORIENTED_EDGE('',*,*,#2011,.T.);
#2703=ORIENTED_EDGE('',*,*,#1728,.T.);
#2704=ORIENTED_EDGE('',*,*,#2009,.F.);
#2705=ORIENTED_EDGE('',*,*,#2012,.T.);
#2706=ORIENTED_EDGE('',*,*,#1978,.T.);
#2707=ORIENTED_EDGE('',*,*,#1729,.T.);
#2708=ORIENTED_EDGE('',*,*,#2011,.F.);
#2709=ORIENTED_EDGE('',*,*,#2013,.T.);
#2710=ORIENTED_EDGE('',*,*,#1930,.T.);
#2711=ORIENTED_EDGE('',*,*,#2014,.T.);
#2712=ORIENTED_EDGE('',*,*,#1977,.T.);
#2713=ORIENTED_EDGE('',*,*,#2015,.T.);
#2714=ORIENTED_EDGE('',*,*,#1958,.T.);
#2715=ORIENTED_EDGE('',*,*,#1829,.T.);
#2716=ORIENTED_EDGE('',*,*,#1973,.T.);
#2717=ORIENTED_EDGE('',*,*,#2016,.T.);
#2718=ORIENTED_EDGE('',*,*,#1786,.T.);
#2719=ORIENTED_EDGE('',*,*,#1831,.T.);
#2720=ORIENTED_EDGE('',*,*,#1944,.T.);
#2721=ORIENTED_EDGE('',*,*,#2017,.T.);
#2722=ORIENTED_EDGE('',*,*,#1961,.T.);
#2723=ORIENTED_EDGE('',*,*,#1824,.T.);
#2724=ORIENTED_EDGE('',*,*,#1789,.T.);
#2725=ORIENTED_EDGE('',*,*,#1960,.T.);
#2726=ORIENTED_EDGE('',*,*,#2018,.T.);
#2727=ORIENTED_EDGE('',*,*,#1956,.T.);
#2728=ORIENTED_EDGE('',*,*,#1725,.T.);
#2729=ORIENTED_EDGE('',*,*,#2019,.T.);
#2730=ORIENTED_EDGE('',*,*,#2020,.T.);
#2731=ORIENTED_EDGE('',*,*,#1959,.T.);
#2732=ORIENTED_EDGE('',*,*,#2021,.T.);
#2733=ORIENTED_EDGE('',*,*,#1957,.T.);
#2734=ORIENTED_EDGE('',*,*,#2022,.T.);
#2735=ORIENTED_EDGE('',*,*,#1945,.T.);
#2736=ORIENTED_EDGE('',*,*,#1830,.T.);
#2737=ORIENTED_EDGE('',*,*,#2023,.T.);
#2738=ORIENTED_EDGE('',*,*,#2024,.T.);
#2739=ORIENTED_EDGE('',*,*,#1946,.T.);
#2740=ORIENTED_EDGE('',*,*,#2025,.T.);
#2741=ORIENTED_EDGE('',*,*,#2026,.T.);
#2742=ORIENTED_EDGE('',*,*,#2027,.T.);
#2743=ORIENTED_EDGE('',*,*,#1942,.T.);
#2744=ORIENTED_EDGE('',*,*,#2028,.T.);
#2745=ORIENTED_EDGE('',*,*,#1987,.F.);
#2746=ORIENTED_EDGE('',*,*,#1985,.F.);
#2747=ORIENTED_EDGE('',*,*,#1971,.F.);
#2748=ORIENTED_EDGE('',*,*,#1921,.F.);
#2749=ORIENTED_EDGE('',*,*,#1972,.F.);
#2750=ORIENTED_EDGE('',*,*,#1982,.F.);
#2751=ORIENTED_EDGE('',*,*,#2013,.F.);
#2752=ORIENTED_EDGE('',*,*,#2029,.F.);
#2753=ORIENTED_EDGE('',*,*,#2030,.T.);
#2754=ORIENTED_EDGE('',*,*,#2031,.T.);
#2755=ORIENTED_EDGE('',*,*,#1923,.F.);
#2756=ORIENTED_EDGE('',*,*,#2012,.F.);
#2757=ORIENTED_EDGE('',*,*,#2032,.F.);
#2758=ORIENTED_EDGE('',*,*,#2033,.T.);
#2759=ORIENTED_EDGE('',*,*,#2029,.T.);
#2760=ORIENTED_EDGE('',*,*,#2010,.F.);
#2761=ORIENTED_EDGE('',*,*,#1967,.F.);
#2762=ORIENTED_EDGE('',*,*,#1953,.F.);
#2763=ORIENTED_EDGE('',*,*,#2034,.F.);
#2764=ORIENTED_EDGE('',*,*,#2035,.T.);
#2765=ORIENTED_EDGE('',*,*,#2036,.T.);
#2766=ORIENTED_EDGE('',*,*,#2032,.T.);
#2767=ORIENTED_EDGE('',*,*,#1954,.F.);
#2768=ORIENTED_EDGE('',*,*,#1950,.F.);
#2769=ORIENTED_EDGE('',*,*,#2027,.F.);
#2770=ORIENTED_EDGE('',*,*,#2037,.F.);
#2771=ORIENTED_EDGE('',*,*,#1800,.T.);
#2772=ORIENTED_EDGE('',*,*,#1836,.F.);
#2773=ORIENTED_EDGE('',*,*,#1951,.F.);
#2774=ORIENTED_EDGE('',*,*,#1966,.F.);
#2775=ORIENTED_EDGE('',*,*,#1965,.F.);
#2776=ORIENTED_EDGE('',*,*,#1832,.F.);
#2777=ORIENTED_EDGE('',*,*,#1808,.T.);
#2778=ORIENTED_EDGE('',*,*,#1804,.T.);
#2779=ORIENTED_EDGE('',*,*,#1811,.T.);
#2780=ORIENTED_EDGE('',*,*,#1793,.T.);
#2781=ORIENTED_EDGE('',*,*,#1797,.T.);
#2782=ORIENTED_EDGE('',*,*,#1758,.T.);
#2783=ORIENTED_EDGE('',*,*,#1823,.F.);
#2784=ORIENTED_EDGE('',*,*,#2004,.F.);
#2785=ORIENTED_EDGE('',*,*,#1981,.F.);
#2786=ORIENTED_EDGE('',*,*,#1986,.F.);
#2787=ORIENTED_EDGE('',*,*,#1819,.F.);
#2788=ORIENTED_EDGE('',*,*,#1768,.T.);
#2789=ORIENTED_EDGE('',*,*,#1765,.T.);
#2790=ORIENTED_EDGE('',*,*,#1762,.T.);
#2791=ORIENTED_EDGE('',*,*,#1751,.T.);
#2792=ORIENTED_EDGE('',*,*,#1755,.T.);
#2793=ORIENTED_EDGE('',*,*,#1737,.T.);
#2794=ORIENTED_EDGE('',*,*,#1818,.F.);
#2795=ORIENTED_EDGE('',*,*,#1991,.F.);
#2796=ORIENTED_EDGE('',*,*,#1995,.F.);
#2797=ORIENTED_EDGE('',*,*,#2007,.F.);
#2798=ORIENTED_EDGE('',*,*,#1870,.F.);
#2799=ORIENTED_EDGE('',*,*,#1865,.F.);
#2800=ORIENTED_EDGE('',*,*,#1868,.F.);
#2801=ORIENTED_EDGE('',*,*,#1814,.F.);
#2802=ORIENTED_EDGE('',*,*,#1747,.T.);
#2803=ORIENTED_EDGE('',*,*,#1744,.T.);
#2804=ORIENTED_EDGE('',*,*,#1741,.T.);
#2805=ORIENTED_EDGE('',*,*,#1730,.T.);
#2806=ORIENTED_EDGE('',*,*,#1734,.T.);
#2807=ORIENTED_EDGE('',*,*,#2038,.F.);
#2808=ORIENTED_EDGE('',*,*,#1928,.F.);
#2809=ORIENTED_EDGE('',*,*,#2039,.T.);
#2810=ORIENTED_EDGE('',*,*,#2040,.T.);
#2811=ORIENTED_EDGE('',*,*,#1925,.T.);
#2812=ORIENTED_EDGE('',*,*,#2041,.T.);
#2813=ORIENTED_EDGE('',*,*,#2042,.T.);
#2814=ORIENTED_EDGE('',*,*,#2043,.F.);
#2815=ORIENTED_EDGE('',*,*,#2044,.F.);
#2816=ORIENTED_EDGE('',*,*,#1858,.F.);
#2817=ORIENTED_EDGE('',*,*,#2045,.T.);
#2818=ORIENTED_EDGE('',*,*,#2039,.F.);
#2819=ORIENTED_EDGE('',*,*,#1927,.F.);
#2820=ORIENTED_EDGE('',*,*,#1860,.T.);
#2821=ORIENTED_EDGE('',*,*,#2046,.F.);
#2822=ORIENTED_EDGE('',*,*,#2047,.F.);
#2823=ORIENTED_EDGE('',*,*,#2048,.F.);
#2824=ORIENTED_EDGE('',*,*,#2049,.T.);
#2825=ORIENTED_EDGE('',*,*,#2050,.F.);
#2826=ORIENTED_EDGE('',*,*,#2051,.F.);
#2827=ORIENTED_EDGE('',*,*,#2035,.F.);
#2828=ORIENTED_EDGE('',*,*,#2052,.F.);
#2829=ORIENTED_EDGE('',*,*,#2050,.T.);
#2830=ORIENTED_EDGE('',*,*,#2053,.T.);
#2831=ORIENTED_EDGE('',*,*,#2054,.F.);
#2832=ORIENTED_EDGE('',*,*,#2042,.F.);
#2833=ORIENTED_EDGE('',*,*,#2055,.F.);
#2834=ORIENTED_EDGE('',*,*,#2030,.F.);
#2835=ORIENTED_EDGE('',*,*,#2033,.F.);
#2836=ORIENTED_EDGE('',*,*,#2036,.F.);
#2837=ORIENTED_EDGE('',*,*,#2053,.F.);
#2838=ORIENTED_EDGE('',*,*,#2049,.F.);
#2839=ORIENTED_EDGE('',*,*,#2056,.F.);
#2840=ORIENTED_EDGE('',*,*,#2057,.F.);
#2841=ORIENTED_EDGE('',*,*,#2058,.F.);
#2842=ORIENTED_EDGE('',*,*,#2059,.F.);
#2843=ORIENTED_EDGE('',*,*,#1891,.F.);
#2844=ORIENTED_EDGE('',*,*,#2060,.F.);
#2845=ORIENTED_EDGE('',*,*,#2061,.F.);
#2846=ORIENTED_EDGE('',*,*,#2062,.F.);
#2847=ORIENTED_EDGE('',*,*,#2063,.F.);
#2848=ORIENTED_EDGE('',*,*,#2064,.F.);
#2849=ORIENTED_EDGE('',*,*,#2040,.F.);
#2850=ORIENTED_EDGE('',*,*,#2045,.F.);
#2851=ORIENTED_EDGE('',*,*,#2065,.F.);
#2852=ORIENTED_EDGE('',*,*,#2066,.F.);
#2853=ORIENTED_EDGE('',*,*,#2067,.F.);
#2854=ORIENTED_EDGE('',*,*,#2068,.F.);
#2855=ORIENTED_EDGE('',*,*,#1890,.F.);
#2856=ORIENTED_EDGE('',*,*,#2069,.F.);
#2857=ORIENTED_EDGE('',*,*,#2070,.T.);
#2858=ORIENTED_EDGE('',*,*,#2060,.T.);
#2859=ORIENTED_EDGE('',*,*,#2071,.F.);
#2860=ORIENTED_EDGE('',*,*,#2061,.T.);
#2861=ORIENTED_EDGE('',*,*,#2070,.F.);
#2862=ORIENTED_EDGE('',*,*,#2072,.F.);
#2863=ORIENTED_EDGE('',*,*,#2031,.F.);
#2864=ORIENTED_EDGE('',*,*,#2055,.T.);
#2865=ORIENTED_EDGE('',*,*,#2041,.F.);
#2866=ORIENTED_EDGE('',*,*,#1924,.F.);
#2867=ORIENTED_EDGE('',*,*,#2067,.T.);
#2868=ORIENTED_EDGE('',*,*,#2073,.T.);
#2869=ORIENTED_EDGE('',*,*,#1699,.T.);
#2870=ORIENTED_EDGE('',*,*,#2074,.F.);
#2871=ORIENTED_EDGE('',*,*,#2066,.T.);
#2872=ORIENTED_EDGE('',*,*,#2075,.T.);
#2873=ORIENTED_EDGE('',*,*,#2076,.T.);
#2874=ORIENTED_EDGE('',*,*,#1700,.T.);
#2875=ORIENTED_EDGE('',*,*,#2073,.F.);
#2876=ORIENTED_EDGE('',*,*,#2047,.T.);
#2877=ORIENTED_EDGE('',*,*,#2077,.F.);
#2878=ORIENTED_EDGE('',*,*,#2075,.F.);
#2879=ORIENTED_EDGE('',*,*,#2065,.T.);
#2880=ORIENTED_EDGE('',*,*,#2014,.F.);
#2881=ORIENTED_EDGE('',*,*,#1929,.F.);
#2882=ORIENTED_EDGE('',*,*,#2038,.T.);
#2883=ORIENTED_EDGE('',*,*,#2064,.T.);
#2884=ORIENTED_EDGE('',*,*,#2078,.T.);
#2885=ORIENTED_EDGE('',*,*,#1998,.F.);
#2886=ORIENTED_EDGE('',*,*,#1996,.F.);
#2887=ORIENTED_EDGE('',*,*,#2058,.T.);
#2888=ORIENTED_EDGE('',*,*,#2079,.T.);
#2889=ORIENTED_EDGE('',*,*,#1693,.T.);
#2890=ORIENTED_EDGE('',*,*,#2080,.F.);
#2891=ORIENTED_EDGE('',*,*,#2057,.T.);
#2892=ORIENTED_EDGE('',*,*,#2081,.T.);
#2893=ORIENTED_EDGE('',*,*,#1853,.T.);
#2894=ORIENTED_EDGE('',*,*,#1694,.T.);
#2895=ORIENTED_EDGE('',*,*,#2079,.F.);
#2896=ORIENTED_EDGE('',*,*,#1850,.T.);
#2897=ORIENTED_EDGE('',*,*,#1854,.T.);
#2898=ORIENTED_EDGE('',*,*,#2081,.F.);
#2899=ORIENTED_EDGE('',*,*,#2056,.T.);
#2900=ORIENTED_EDGE('',*,*,#2048,.T.);
#2901=ORIENTED_EDGE('',*,*,#2082,.F.);
#2902=ORIENTED_EDGE('',*,*,#1875,.T.);
#2903=ORIENTED_EDGE('',*,*,#1893,.F.);
#2904=ORIENTED_EDGE('',*,*,#2083,.F.);
#2905=ORIENTED_EDGE('',*,*,#1697,.F.);
#2906=ORIENTED_EDGE('',*,*,#1895,.F.);
#2907=ORIENTED_EDGE('',*,*,#1879,.T.);
#2908=ORIENTED_EDGE('',*,*,#2043,.T.);
#2909=ORIENTED_EDGE('',*,*,#2054,.T.);
#2910=ORIENTED_EDGE('',*,*,#2084,.F.);
#2911=ORIENTED_EDGE('',*,*,#2085,.T.);
#2912=ORIENTED_EDGE('',*,*,#2044,.T.);
#2913=ORIENTED_EDGE('',*,*,#2085,.F.);
#2914=ORIENTED_EDGE('',*,*,#2086,.F.);
#2915=ORIENTED_EDGE('',*,*,#1691,.F.);
#2916=ORIENTED_EDGE('',*,*,#1933,.F.);
#2917=ORIENTED_EDGE('',*,*,#1855,.T.);
#2918=ORIENTED_EDGE('',*,*,#1859,.T.);
#2919=ORIENTED_EDGE('',*,*,#1874,.F.);
#2920=ORIENTED_EDGE('',*,*,#1701,.F.);
#2921=ORIENTED_EDGE('',*,*,#2076,.F.);
#2922=ORIENTED_EDGE('',*,*,#2077,.T.);
#2923=ORIENTED_EDGE('',*,*,#2046,.T.);
#2924=ORIENTED_EDGE('',*,*,#2059,.T.);
#2925=ORIENTED_EDGE('',*,*,#2080,.T.);
#2926=ORIENTED_EDGE('',*,*,#1692,.T.);
#2927=ORIENTED_EDGE('',*,*,#2086,.T.);
#2928=ORIENTED_EDGE('',*,*,#2084,.T.);
#2929=ORIENTED_EDGE('',*,*,#2068,.T.);
#2930=ORIENTED_EDGE('',*,*,#2074,.T.);
#2931=ORIENTED_EDGE('',*,*,#1698,.T.);
#2932=ORIENTED_EDGE('',*,*,#2083,.T.);
#2933=ORIENTED_EDGE('',*,*,#1892,.T.);
#2934=ORIENTED_EDGE('',*,*,#2000,.F.);
#2935=ORIENTED_EDGE('',*,*,#2078,.F.);
#2936=ORIENTED_EDGE('',*,*,#2063,.T.);
#2937=ORIENTED_EDGE('',*,*,#2087,.T.);
#2938=ORIENTED_EDGE('',*,*,#2001,.F.);
#2939=ORIENTED_EDGE('',*,*,#2087,.F.);
#2940=ORIENTED_EDGE('',*,*,#2062,.T.);
#2941=ORIENTED_EDGE('',*,*,#2071,.T.);
#2942=ORIENTED_EDGE('',*,*,#2088,.F.);
#2943=ORIENTED_EDGE('',*,*,#2021,.F.);
#2944=ORIENTED_EDGE('',*,*,#2016,.F.);
#2945=ORIENTED_EDGE('',*,*,#2008,.F.);
#2946=ORIENTED_EDGE('',*,*,#1931,.T.);
#2947=ORIENTED_EDGE('',*,*,#2015,.F.);
#2948=ORIENTED_EDGE('',*,*,#1990,.F.);
#2949=ORIENTED_EDGE('',*,*,#2019,.F.);
#2950=ORIENTED_EDGE('',*,*,#2088,.T.);
#2951=ORIENTED_EDGE('',*,*,#2072,.T.);
#2952=ORIENTED_EDGE('',*,*,#2069,.T.);
#2953=ORIENTED_EDGE('',*,*,#1889,.T.);
#2954=ORIENTED_EDGE('',*,*,#1877,.T.);
#2955=ORIENTED_EDGE('',*,*,#1881,.T.);
#2956=ORIENTED_EDGE('',*,*,#1894,.T.);
#2957=ORIENTED_EDGE('',*,*,#1847,.F.);
#2958=ORIENTED_EDGE('',*,*,#1851,.F.);
#2959=ORIENTED_EDGE('',*,*,#2082,.T.);
#2960=ORIENTED_EDGE('',*,*,#2051,.T.);
#2961=ORIENTED_EDGE('',*,*,#2052,.T.);
#2962=ORIENTED_EDGE('',*,*,#2034,.T.);
#2963=ORIENTED_EDGE('',*,*,#1952,.F.);
#2964=ORIENTED_EDGE('',*,*,#2037,.T.);
#2965=ORIENTED_EDGE('',*,*,#2026,.F.);
#2966=ORIENTED_EDGE('',*,*,#2089,.F.);
#2967=ORIENTED_EDGE('',*,*,#2023,.F.);
#2968=ORIENTED_EDGE('',*,*,#2090,.F.);
#2969=ORIENTED_EDGE('',*,*,#1841,.T.);
#2970=ORIENTED_EDGE('',*,*,#1843,.T.);
#2971=ORIENTED_EDGE('',*,*,#2020,.F.);
#2972=ORIENTED_EDGE('',*,*,#2090,.T.);
#2973=ORIENTED_EDGE('',*,*,#2025,.F.);
#2974=ORIENTED_EDGE('',*,*,#2022,.F.);
#2975=ORIENTED_EDGE('',*,*,#2024,.F.);
#2976=ORIENTED_EDGE('',*,*,#2089,.T.);
#2977=ORIENTED_EDGE('',*,*,#2028,.F.);
#2978=ORIENTED_EDGE('',*,*,#1834,.F.);
#2979=ORIENTED_EDGE('',*,*,#2018,.F.);
#2980=ORIENTED_EDGE('',*,*,#2017,.F.);
#2981=CONICAL_SURFACE('',#3181,0.9,0.698131700797732);
#2982=CONICAL_SURFACE('',#3187,0.9,0.698131700797732);
#2983=CONICAL_SURFACE('',#3193,0.900001172987621,0.698131700797732);
#2984=ADVANCED_FACE('',(#228),#2981,.T.);
#2985=ADVANCED_FACE('',(#229),#117,.T.);
#2986=ADVANCED_FACE('',(#230),#67,.T.);
#2987=ADVANCED_FACE('',(#231),#2982,.T.);
#2988=ADVANCED_FACE('',(#232),#118,.T.);
#2989=ADVANCED_FACE('',(#233),#68,.T.);
#2990=ADVANCED_FACE('',(#234),#2983,.T.);
#2991=ADVANCED_FACE('',(#235),#119,.T.);
#2992=ADVANCED_FACE('',(#236),#69,.T.);
#2993=ADVANCED_FACE('',(#237,#47),#120,.F.);
#2994=ADVANCED_FACE('',(#238),#70,.T.);
#2995=ADVANCED_FACE('',(#239,#48),#121,.F.);
#2996=ADVANCED_FACE('',(#240),#71,.T.);
#2997=ADVANCED_FACE('',(#241,#49),#122,.F.);
#2998=ADVANCED_FACE('',(#242),#72,.T.);
#2999=ADVANCED_FACE('',(#243),#123,.T.);
#3000=ADVANCED_FACE('',(#244),#124,.T.);
#3001=ADVANCED_FACE('',(#245),#125,.T.);
#3002=ADVANCED_FACE('',(#246),#126,.T.);
#3003=ADVANCED_FACE('',(#247),#127,.F.);
#3004=ADVANCED_FACE('',(#248),#128,.F.);
#3005=ADVANCED_FACE('',(#249,#50,#51,#52,#53,#54,#55,#56,#57),#129,.F.);
#3006=ADVANCED_FACE('',(#250),#130,.T.);
#3007=ADVANCED_FACE('',(#251),#131,.T.);
#3008=ADVANCED_FACE('',(#252),#132,.T.);
#3009=ADVANCED_FACE('',(#253),#133,.T.);
#3010=ADVANCED_FACE('',(#254),#134,.F.);
#3011=ADVANCED_FACE('',(#255,#58),#135,.T.);
#3012=ADVANCED_FACE('',(#256),#136,.F.);
#3013=ADVANCED_FACE('',(#257),#137,.F.);
#3014=ADVANCED_FACE('',(#258),#138,.F.);
#3015=ADVANCED_FACE('',(#259),#139,.F.);
#3016=ADVANCED_FACE('',(#260),#140,.F.);
#3017=ADVANCED_FACE('',(#261),#141,.F.);
#3018=ADVANCED_FACE('',(#262),#142,.F.);
#3019=ADVANCED_FACE('',(#263,#59),#143,.F.);
#3020=ADVANCED_FACE('',(#264),#144,.F.);
#3021=ADVANCED_FACE('',(#265),#145,.F.);
#3022=ADVANCED_FACE('',(#266),#146,.F.);
#3023=ADVANCED_FACE('',(#267),#147,.F.);
#3024=ADVANCED_FACE('',(#268),#148,.F.);
#3025=ADVANCED_FACE('',(#269),#149,.F.);
#3026=ADVANCED_FACE('',(#270,#60),#150,.F.);
#3027=ADVANCED_FACE('',(#271),#151,.F.);
#3028=ADVANCED_FACE('',(#272),#152,.F.);
#3029=ADVANCED_FACE('',(#273),#153,.F.);
#3030=ADVANCED_FACE('',(#274),#154,.F.);
#3031=ADVANCED_FACE('',(#275),#155,.F.);
#3032=ADVANCED_FACE('',(#276),#156,.F.);
#3033=ADVANCED_FACE('',(#277,#61),#157,.F.);
#3034=ADVANCED_FACE('',(#278),#158,.F.);
#3035=ADVANCED_FACE('',(#279),#159,.F.);
#3036=ADVANCED_FACE('',(#280),#160,.F.);
#3037=ADVANCED_FACE('',(#281),#161,.F.);
#3038=ADVANCED_FACE('',(#282),#162,.F.);
#3039=ADVANCED_FACE('',(#283),#163,.F.);
#3040=ADVANCED_FACE('',(#284,#62),#164,.F.);
#3041=ADVANCED_FACE('',(#285),#73,.T.);
#3042=ADVANCED_FACE('',(#286),#74,.T.);
#3043=ADVANCED_FACE('',(#287),#165,.T.);
#3044=ADVANCED_FACE('',(#288),#75,.T.);
#3045=ADVANCED_FACE('',(#289),#76,.F.);
#3046=ADVANCED_FACE('',(#290),#77,.F.);
#3047=ADVANCED_FACE('',(#291),#78,.F.);
#3048=ADVANCED_FACE('',(#292),#79,.F.);
#3049=ADVANCED_FACE('',(#293),#166,.T.);
#3050=ADVANCED_FACE('',(#294),#167,.T.);
#3051=ADVANCED_FACE('',(#295),#168,.F.);
#3052=ADVANCED_FACE('',(#296),#169,.T.);
#3053=ADVANCED_FACE('',(#297),#170,.T.);
#3054=ADVANCED_FACE('',(#298),#171,.T.);
#3055=ADVANCED_FACE('',(#299),#172,.T.);
#3056=ADVANCED_FACE('',(#300),#173,.T.);
#3057=ADVANCED_FACE('',(#301),#174,.F.);
#3058=ADVANCED_FACE('',(#302),#175,.T.);
#3059=ADVANCED_FACE('',(#303),#176,.T.);
#3060=ADVANCED_FACE('',(#304),#177,.T.);
#3061=ADVANCED_FACE('',(#305),#178,.T.);
#3062=ADVANCED_FACE('',(#306),#179,.T.);
#3063=ADVANCED_FACE('',(#307),#80,.T.);
#3064=ADVANCED_FACE('',(#308),#180,.F.);
#3065=ADVANCED_FACE('',(#309),#181,.F.);
#3066=ADVANCED_FACE('',(#310),#182,.F.);
#3067=ADVANCED_FACE('',(#311),#81,.F.);
#3068=ADVANCED_FACE('',(#312),#183,.F.);
#3069=ADVANCED_FACE('',(#313),#184,.F.);
#3070=ADVANCED_FACE('',(#314),#82,.F.);
#3071=ADVANCED_FACE('',(#315),#185,.F.);
#3072=ADVANCED_FACE('',(#316),#186,.T.);
#3073=ADVANCED_FACE('',(#317),#187,.T.);
#3074=ADVANCED_FACE('',(#318,#63),#188,.T.);
#3075=ADVANCED_FACE('',(#319,#64),#189,.T.);
#3076=ADVANCED_FACE('',(#320),#190,.F.);
#3077=ADVANCED_FACE('',(#321),#83,.T.);
#3078=ADVANCED_FACE('',(#322),#191,.F.);
#3079=ADVANCED_FACE('',(#323),#84,.T.);
#3080=ADVANCED_FACE('',(#324),#192,.F.);
#3081=ADVANCED_FACE('',(#325),#85,.T.);
#3082=ADVANCED_FACE('',(#326),#193,.F.);
#3083=ADVANCED_FACE('',(#327),#86,.T.);
#3084=ADVANCED_FACE('',(#328),#194,.F.);
#3085=ADVANCED_FACE('',(#329),#21,.T.);
#3086=ADVANCED_FACE('',(#330),#22,.T.);
#3087=ADVANCED_FACE('',(#331),#23,.T.);
#3088=ADVANCED_FACE('',(#332),#87,.T.);
#3089=ADVANCED_FACE('',(#333),#88,.T.);
#3090=ADVANCED_FACE('',(#334),#24,.T.);
#3091=ADVANCED_FACE('',(#335),#25,.T.);
#3092=ADVANCED_FACE('',(#336),#26,.T.);
#3093=ADVANCED_FACE('',(#337),#27,.T.);
#3094=ADVANCED_FACE('',(#338),#89,.T.);
#3095=ADVANCED_FACE('',(#339),#90,.T.);
#3096=ADVANCED_FACE('',(#340),#28,.T.);
#3097=ADVANCED_FACE('',(#341),#91,.T.);
#3098=ADVANCED_FACE('',(#342),#29,.T.);
#3099=ADVANCED_FACE('',(#343),#30,.T.);
#3100=ADVANCED_FACE('',(#344),#31,.T.);
#3101=ADVANCED_FACE('',(#345),#92,.T.);
#3102=ADVANCED_FACE('',(#346),#32,.T.);
#3103=ADVANCED_FACE('',(#347),#93,.T.);
#3104=ADVANCED_FACE('',(#348),#94,.T.);
#3105=ADVANCED_FACE('',(#349),#33,.T.);
#3106=ADVANCED_FACE('',(#350),#95,.T.);
#3107=ADVANCED_FACE('',(#351),#34,.T.);
#3108=ADVANCED_FACE('',(#352),#96,.T.);
#3109=ADVANCED_FACE('',(#353),#97,.T.);
#3110=ADVANCED_FACE('',(#354),#19,.T.);
#3111=ADVANCED_FACE('',(#355),#98,.T.);
#3112=ADVANCED_FACE('',(#356),#35,.T.);
#3113=ADVANCED_FACE('',(#357),#99,.T.);
#3114=ADVANCED_FACE('',(#358),#36,.T.);
#3115=ADVANCED_FACE('',(#359),#100,.T.);
#3116=ADVANCED_FACE('',(#360),#101,.T.);
#3117=ADVANCED_FACE('',(#361),#102,.T.);
#3118=ADVANCED_FACE('',(#362),#103,.T.);
#3119=ADVANCED_FACE('',(#363),#20,.T.);
#3120=ADVANCED_FACE('',(#364),#104,.T.);
#3121=ADVANCED_FACE('',(#365),#105,.T.);
#3122=ADVANCED_FACE('',(#366),#106,.T.);
#3123=ADVANCED_FACE('',(#367),#107,.T.);
#3124=ADVANCED_FACE('',(#368),#108,.T.);
#3125=ADVANCED_FACE('',(#369),#109,.T.);
#3126=ADVANCED_FACE('',(#370),#110,.T.);
#3127=ADVANCED_FACE('',(#371),#111,.T.);
#3128=ADVANCED_FACE('',(#372),#112,.T.);
#3129=ADVANCED_FACE('',(#373),#195,.T.);
#3130=ADVANCED_FACE('',(#374),#196,.F.);
#3131=ADVANCED_FACE('',(#375),#113,.F.);
#3132=ADVANCED_FACE('',(#376),#197,.F.);
#3133=ADVANCED_FACE('',(#377),#198,.T.);
#3134=ADVANCED_FACE('',(#378),#199,.T.);
#3135=ADVANCED_FACE('',(#379),#200,.T.);
#3136=ADVANCED_FACE('',(#380),#201,.T.);
#3137=ADVANCED_FACE('',(#381),#202,.F.);
#3138=ADVANCED_FACE('',(#382),#203,.F.);
#3139=ADVANCED_FACE('',(#383),#204,.F.);
#3140=ADVANCED_FACE('',(#384),#205,.F.);
#3141=ADVANCED_FACE('',(#385),#206,.F.);
#3142=ADVANCED_FACE('',(#386),#207,.F.);
#3143=ADVANCED_FACE('',(#387),#208,.F.);
#3144=ADVANCED_FACE('',(#388),#209,.F.);
#3145=ADVANCED_FACE('',(#389),#210,.F.);
#3146=ADVANCED_FACE('',(#390),#211,.F.);
#3147=ADVANCED_FACE('',(#391),#114,.T.);
#3148=ADVANCED_FACE('',(#392),#212,.T.);
#3149=ADVANCED_FACE('',(#393),#213,.F.);
#3150=ADVANCED_FACE('',(#394),#214,.F.);
#3151=ADVANCED_FACE('',(#395),#115,.T.);
#3152=ADVANCED_FACE('',(#396),#215,.T.);
#3153=ADVANCED_FACE('',(#397),#216,.F.);
#3154=ADVANCED_FACE('',(#398),#217,.F.);
#3155=ADVANCED_FACE('',(#399),#218,.F.);
#3156=ADVANCED_FACE('',(#400),#219,.F.);
#3157=ADVANCED_FACE('',(#401),#220,.F.);
#3158=ADVANCED_FACE('',(#402),#221,.T.);
#3159=ADVANCED_FACE('',(#403),#222,.T.);
#3160=ADVANCED_FACE('',(#404),#116,.F.);
#3161=ADVANCED_FACE('',(#405),#223,.F.);
#3162=ADVANCED_FACE('',(#406),#224,.T.);
#3163=ADVANCED_FACE('',(#407,#65,#66),#225,.T.);
#3164=ADVANCED_FACE('',(#408),#226,.T.);
#3165=ADVANCED_FACE('',(#409),#227,.T.);
#3166=CLOSED_SHELL('',(#2984,#2985,#2986,#2987,#2988,#2989,#2990,#2991,
#2992,#2993,#2994,#2995,#2996,#2997,#2998,#2999,#3000,#3001,#3002,#3003,
#3004,#3005,#3006,#3007,#3008,#3009,#3010,#3011,#3012,#3013,#3014,#3015,
#3016,#3017,#3018,#3019,#3020,#3021,#3022,#3023,#3024,#3025,#3026,#3027,
#3028,#3029,#3030,#3031,#3032,#3033,#3034,#3035,#3036,#3037,#3038,#3039,
#3040,#3041,#3042,#3043,#3044,#3045,#3046,#3047,#3048,#3049,#3050,#3051,
#3052,#3053,#3054,#3055,#3056,#3057,#3058,#3059,#3060,#3061,#3062,#3063,
#3064,#3065,#3066,#3067,#3068,#3069,#3070,#3071,#3072,#3073,#3074,#3075,
#3076,#3077,#3078,#3079,#3080,#3081,#3082,#3083,#3084,#3085,#3086,#3087,
#3088,#3089,#3090,#3091,#3092,#3093,#3094,#3095,#3096,#3097,#3098,#3099,
#3100,#3101,#3102,#3103,#3104,#3105,#3106,#3107,#3108,#3109,#3110,#3111,
#3112,#3113,#3114,#3115,#3116,#3117,#3118,#3119,#3120,#3121,#3122,#3123,
#3124,#3125,#3126,#3127,#3128,#3129,#3130,#3131,#3132,#3133,#3134,#3135,
#3136,#3137,#3138,#3139,#3140,#3141,#3142,#3143,#3144,#3145,#3146,#3147,
#3148,#3149,#3150,#3151,#3152,#3153,#3154,#3155,#3156,#3157,#3158,#3159,
#3160,#3161,#3162,#3163,#3164,#3165));
#3167=DERIVED_UNIT_ELEMENT(#3169,1.);
#3168=DERIVED_UNIT_ELEMENT(#5349,-3.);
#3169=(
MASS_UNIT()
NAMED_UNIT(*)
SI_UNIT(.KILO.,.GRAM.)
);
#3170=DERIVED_UNIT((#3167,#3168));
#3171=MEASURE_REPRESENTATION_ITEM('density measure',
POSITIVE_RATIO_MEASURE(7850.),#3170);
#3172=PROPERTY_DEFINITION_REPRESENTATION(#3177,#3174);
#3173=PROPERTY_DEFINITION_REPRESENTATION(#3178,#3175);
#3174=REPRESENTATION('material name',(#3176),#5346);
#3175=REPRESENTATION('density',(#3171),#5346);
#3176=DESCRIPTIVE_REPRESENTATION_ITEM('Steel','Steel');
#3177=PROPERTY_DEFINITION('material property','material name',#5361);
#3178=PROPERTY_DEFINITION('material property','density of part',#5361);
#3179=AXIS2_PLACEMENT_3D('',#4415,#3483,#3484);
#3180=AXIS2_PLACEMENT_3D('',#4416,#3485,#3486);
#3181=AXIS2_PLACEMENT_3D('',#4417,#3487,#3488);
#3182=AXIS2_PLACEMENT_3D('',#4419,#3489,#3490);
#3183=AXIS2_PLACEMENT_3D('',#4422,#3492,#3493);
#3184=AXIS2_PLACEMENT_3D('',#4423,#3494,#3495);
#3185=AXIS2_PLACEMENT_3D('',#4424,#3496,#3497);
#3186=AXIS2_PLACEMENT_3D('',#4426,#3498,#3499);
#3187=AXIS2_PLACEMENT_3D('',#4428,#3501,#3502);
#3188=AXIS2_PLACEMENT_3D('',#4430,#3503,#3504);
#3189=AXIS2_PLACEMENT_3D('',#4433,#3506,#3507);
#3190=AXIS2_PLACEMENT_3D('',#4434,#3508,#3509);
#3191=AXIS2_PLACEMENT_3D('',#4435,#3510,#3511);
#3192=AXIS2_PLACEMENT_3D('',#4437,#3512,#3513);
#3193=AXIS2_PLACEMENT_3D('',#4439,#3515,#3516);
#3194=AXIS2_PLACEMENT_3D('',#4441,#3517,#3518);
#3195=AXIS2_PLACEMENT_3D('',#4444,#3520,#3521);
#3196=AXIS2_PLACEMENT_3D('',#4445,#3522,#3523);
#3197=AXIS2_PLACEMENT_3D('',#4446,#3524,#3525);
#3198=AXIS2_PLACEMENT_3D('',#4448,#3526,#3527);
#3199=AXIS2_PLACEMENT_3D('',#4450,#3529,#3530);
#3200=AXIS2_PLACEMENT_3D('',#4452,#3531,#3532);
#3201=AXIS2_PLACEMENT_3D('',#4453,#3533,#3534);
#3202=AXIS2_PLACEMENT_3D('',#4456,#3536,#3537);
#3203=AXIS2_PLACEMENT_3D('',#4457,#3538,#3539);
#3204=AXIS2_PLACEMENT_3D('',#4459,#3540,#3541);
#3205=AXIS2_PLACEMENT_3D('',#4460,#3542,#3543);
#3206=AXIS2_PLACEMENT_3D('',#4463,#3545,#3546);
#3207=AXIS2_PLACEMENT_3D('',#4464,#3547,#3548);
#3208=AXIS2_PLACEMENT_3D('',#4466,#3549,#3550);
#3209=AXIS2_PLACEMENT_3D('',#4467,#3551,#3552);
#3210=AXIS2_PLACEMENT_3D('',#4470,#3554,#3555);
#3211=AXIS2_PLACEMENT_3D('',#4471,#3556,#3557);
#3212=AXIS2_PLACEMENT_3D('',#4480,#3562,#3563);
#3213=AXIS2_PLACEMENT_3D('',#4486,#3567,#3568);
#3214=AXIS2_PLACEMENT_3D('',#4492,#3572,#3573);
#3215=AXIS2_PLACEMENT_3D('',#4495,#3576,#3577);
#3216=AXIS2_PLACEMENT_3D('',#4501,#3581,#3582);
#3217=AXIS2_PLACEMENT_3D('',#4505,#3585,#3586);
#3218=AXIS2_PLACEMENT_3D('',#4520,#3593,#3594);
#3219=AXIS2_PLACEMENT_3D('',#4532,#3600,#3601);
#3220=AXIS2_PLACEMENT_3D('',#4539,#3605,#3606);
#3221=AXIS2_PLACEMENT_3D('',#4541,#3607,#3608);
#3222=AXIS2_PLACEMENT_3D('',#4543,#3609,#3610);
#3223=AXIS2_PLACEMENT_3D('',#4545,#3611,#3612);
#3224=AXIS2_PLACEMENT_3D('',#4546,#3613,#3614);
#3225=AXIS2_PLACEMENT_3D('',#4552,#3618,#3619);
#3226=AXIS2_PLACEMENT_3D('',#4558,#3623,#3624);
#3227=AXIS2_PLACEMENT_3D('',#4563,#3628,#3629);
#3228=AXIS2_PLACEMENT_3D('',#4565,#3631,#3632);
#3229=AXIS2_PLACEMENT_3D('',#4567,#3634,#3635);
#3230=AXIS2_PLACEMENT_3D('',#4578,#3640,#3641);
#3231=AXIS2_PLACEMENT_3D('',#4590,#3647,#3648);
#3232=AXIS2_PLACEMENT_3D('',#4592,#3650,#3651);
#3233=AXIS2_PLACEMENT_3D('',#4593,#3652,#3653);
#3234=AXIS2_PLACEMENT_3D('',#4602,#3658,#3659);
#3235=AXIS2_PLACEMENT_3D('',#4608,#3663,#3664);
#3236=AXIS2_PLACEMENT_3D('',#4615,#3668,#3669);
#3237=AXIS2_PLACEMENT_3D('',#4616,#3670,#3671);
#3238=AXIS2_PLACEMENT_3D('',#4622,#3675,#3676);
#3239=AXIS2_PLACEMENT_3D('',#4628,#3680,#3681);
#3240=AXIS2_PLACEMENT_3D('',#4631,#3683,#3684);
#3241=AXIS2_PLACEMENT_3D('',#4633,#3686,#3687);
#3242=AXIS2_PLACEMENT_3D('',#4635,#3688,#3689);
#3243=AXIS2_PLACEMENT_3D('',#4636,#3690,#3691);
#3244=AXIS2_PLACEMENT_3D('',#4645,#3696,#3697);
#3245=AXIS2_PLACEMENT_3D('',#4651,#3701,#3702);
#3246=AXIS2_PLACEMENT_3D('',#4658,#3706,#3707);
#3247=AXIS2_PLACEMENT_3D('',#4659,#3708,#3709);
#3248=AXIS2_PLACEMENT_3D('',#4665,#3713,#3714);
#3249=AXIS2_PLACEMENT_3D('',#4671,#3718,#3719);
#3250=AXIS2_PLACEMENT_3D('',#4674,#3721,#3722);
#3251=AXIS2_PLACEMENT_3D('',#4676,#3724,#3725);
#3252=AXIS2_PLACEMENT_3D('',#4678,#3726,#3727);
#3253=AXIS2_PLACEMENT_3D('',#4679,#3728,#3729);
#3254=AXIS2_PLACEMENT_3D('',#4688,#3734,#3735);
#3255=AXIS2_PLACEMENT_3D('',#4694,#3739,#3740);
#3256=AXIS2_PLACEMENT_3D('',#4700,#3744,#3745);
#3257=AXIS2_PLACEMENT_3D('',#4706,#3749,#3750);
#3258=AXIS2_PLACEMENT_3D('',#4710,#3752,#3753);
#3259=AXIS2_PLACEMENT_3D('',#4714,#3756,#3757);
#3260=AXIS2_PLACEMENT_3D('',#4716,#3758,#3759);
#3261=AXIS2_PLACEMENT_3D('',#4719,#3762,#3763);
#3262=AXIS2_PLACEMENT_3D('',#4721,#3764,#3765);
#3263=AXIS2_PLACEMENT_3D('',#4722,#3766,#3767);
#3264=AXIS2_PLACEMENT_3D('',#4731,#3772,#3773);
#3265=AXIS2_PLACEMENT_3D('',#4737,#3777,#3778);
#3266=AXIS2_PLACEMENT_3D('',#4744,#3782,#3783);
#3267=AXIS2_PLACEMENT_3D('',#4745,#3784,#3785);
#3268=AXIS2_PLACEMENT_3D('',#4754,#3790,#3791);
#3269=AXIS2_PLACEMENT_3D('',#4757,#3793,#3794);
#3270=AXIS2_PLACEMENT_3D('',#4759,#3796,#3797);
#3271=AXIS2_PLACEMENT_3D('',#4762,#3800,#3801);
#3272=AXIS2_PLACEMENT_3D('',#4764,#3802,#3803);
#3273=AXIS2_PLACEMENT_3D('',#4765,#3804,#3805);
#3274=AXIS2_PLACEMENT_3D('',#4769,#3807,#3808);
#3275=AXIS2_PLACEMENT_3D('',#4773,#3810,#3811);
#3276=AXIS2_PLACEMENT_3D('',#4775,#3813,#3814);
#3277=AXIS2_PLACEMENT_3D('',#4779,#3816,#3817);
#3278=AXIS2_PLACEMENT_3D('',#4783,#3819,#3820);
#3279=AXIS2_PLACEMENT_3D('',#4785,#3822,#3823);
#3280=AXIS2_PLACEMENT_3D('',#4801,#3832,#3833);
#3281=AXIS2_PLACEMENT_3D('',#4805,#3835,#3836);
#3282=AXIS2_PLACEMENT_3D('',#4809,#3838,#3839);
#3283=AXIS2_PLACEMENT_3D('',#4811,#3841,#3842);
#3284=AXIS2_PLACEMENT_3D('',#4813,#3843,#3844);
#3285=AXIS2_PLACEMENT_3D('',#4815,#3846,#3847);
#3286=AXIS2_PLACEMENT_3D('',#4817,#3848,#3849);
#3287=AXIS2_PLACEMENT_3D('',#4819,#3851,#3852);
#3288=AXIS2_PLACEMENT_3D('',#4821,#3853,#3854);
#3289=AXIS2_PLACEMENT_3D('',#4823,#3856,#3857);
#3290=AXIS2_PLACEMENT_3D('',#4825,#3858,#3859);
#3291=AXIS2_PLACEMENT_3D('',#4827,#3861,#3862);
#3292=AXIS2_PLACEMENT_3D('',#4836,#3867,#3868);
#3293=AXIS2_PLACEMENT_3D('',#4842,#3872,#3873);
#3294=AXIS2_PLACEMENT_3D('',#4847,#3877,#3878);
#3295=AXIS2_PLACEMENT_3D('',#4856,#3883,#3884);
#3296=AXIS2_PLACEMENT_3D('',#4865,#3889,#3890);
#3297=AXIS2_PLACEMENT_3D('',#4874,#3895,#3896);
#3298=AXIS2_PLACEMENT_3D('',#4875,#3897,#3898);
#3299=AXIS2_PLACEMENT_3D('',#4877,#3900,#3901);
#3300=AXIS2_PLACEMENT_3D('',#4879,#3902,#3903);
#3301=AXIS2_PLACEMENT_3D('',#4881,#3905,#3906);
#3302=AXIS2_PLACEMENT_3D('',#4886,#3909,#3910);
#3303=AXIS2_PLACEMENT_3D('',#4888,#3912,#3913);
#3304=AXIS2_PLACEMENT_3D('',#4897,#3918,#3919);
#3305=AXIS2_PLACEMENT_3D('',#4903,#3923,#3924);
#3306=AXIS2_PLACEMENT_3D('',#4909,#3928,#3929);
#3307=AXIS2_PLACEMENT_3D('',#4910,#3930,#3931);
#3308=AXIS2_PLACEMENT_3D('',#4911,#3932,#3933);
#3309=AXIS2_PLACEMENT_3D('',#4912,#3934,#3935);
#3310=AXIS2_PLACEMENT_3D('',#4913,#3936,#3937);
#3311=AXIS2_PLACEMENT_3D('',#4914,#3938,#3939);
#3312=AXIS2_PLACEMENT_3D('',#4915,#3940,#3941);
#3313=AXIS2_PLACEMENT_3D('',#4916,#3942,#3943);
#3314=AXIS2_PLACEMENT_3D('',#4926,#3949,#3950);
#3315=AXIS2_PLACEMENT_3D('',#4929,#3953,#3954);
#3316=AXIS2_PLACEMENT_3D('',#4935,#3958,#3959);
#3317=AXIS2_PLACEMENT_3D('',#4937,#3960,#3961);
#3318=AXIS2_PLACEMENT_3D('',#4953,#3963,#3964);
#3319=AXIS2_PLACEMENT_3D('',#4954,#3965,#3966);
#3320=AXIS2_PLACEMENT_3D('',#4957,#3968,#3969);
#3321=AXIS2_PLACEMENT_3D('',#4958,#3970,#3971);
#3322=AXIS2_PLACEMENT_3D('',#4967,#3976,#3977);
#3323=AXIS2_PLACEMENT_3D('',#4968,#3978,#3979);
#3324=AXIS2_PLACEMENT_3D('',#4984,#3981,#3982);
#3325=AXIS2_PLACEMENT_3D('',#4985,#3983,#3984);
#3326=AXIS2_PLACEMENT_3D('',#4987,#3986,#3987);
#3327=AXIS2_PLACEMENT_3D('',#4992,#3991,#3992);
#3328=AXIS2_PLACEMENT_3D('',#4997,#3996,#3997);
#3329=AXIS2_PLACEMENT_3D('',#4999,#3998,#3999);
#3330=AXIS2_PLACEMENT_3D('',#5003,#4001,#4002);
#3331=AXIS2_PLACEMENT_3D('',#5010,#4007,#4008);
#3332=AXIS2_PLACEMENT_3D('',#5018,#4012,#4013);
#3333=AXIS2_PLACEMENT_3D('',#5021,#4015,#4016);
#3334=AXIS2_PLACEMENT_3D('',#5022,#4017,#4018);
#3335=AXIS2_PLACEMENT_3D('',#5024,#4020,#4021);
#3336=AXIS2_PLACEMENT_3D('',#5026,#4022,#4023);
#3337=AXIS2_PLACEMENT_3D('',#5028,#4025,#4026);
#3338=AXIS2_PLACEMENT_3D('',#5029,#4027,#4028);
#3339=AXIS2_PLACEMENT_3D('',#5031,#4029,#4030);
#3340=AXIS2_PLACEMENT_3D('',#5033,#4032,#4033);
#3341=AXIS2_PLACEMENT_3D('',#5034,#4034,#4035);
#3342=AXIS2_PLACEMENT_3D('',#5036,#4036,#4037);
#3343=AXIS2_PLACEMENT_3D('',#5038,#4039,#4040);
#3344=AXIS2_PLACEMENT_3D('',#5039,#4041,#4042);
#3345=AXIS2_PLACEMENT_3D('',#5041,#4043,#4044);
#3346=AXIS2_PLACEMENT_3D('',#5043,#4046,#4047);
#3347=AXIS2_PLACEMENT_3D('',#5044,#4048,#4049);
#3348=AXIS2_PLACEMENT_3D('',#5046,#4050,#4051);
#3349=AXIS2_PLACEMENT_3D('',#5047,#4052,#4053);
#3350=AXIS2_PLACEMENT_3D('',#5048,#4054,#4055);
#3351=AXIS2_PLACEMENT_3D('',#5050,#4056,#4057);
#3352=AXIS2_PLACEMENT_3D('',#5052,#4058,#4059);
#3353=AXIS2_PLACEMENT_3D('',#5053,#4060,#4061);
#3354=AXIS2_PLACEMENT_3D('',#5054,#4062,#4063);
#3355=AXIS2_PLACEMENT_3D('',#5057,#4064,#4065);
#3356=AXIS2_PLACEMENT_3D('',#5059,#4066,#4067);
#3357=AXIS2_PLACEMENT_3D('',#5060,#4068,#4069);
#3358=AXIS2_PLACEMENT_3D('',#5061,#4070,#4071);
#3359=AXIS2_PLACEMENT_3D('',#5064,#4074,#4075);
#3360=AXIS2_PLACEMENT_3D('',#5067,#4076,#4077);
#3361=AXIS2_PLACEMENT_3D('',#5070,#4080,#4081);
#3362=AXIS2_PLACEMENT_3D('',#5071,#4082,#4083);
#3363=AXIS2_PLACEMENT_3D('',#5072,#4084,#4085);
#3364=AXIS2_PLACEMENT_3D('',#5073,#4086,#4087);
#3365=AXIS2_PLACEMENT_3D('',#5075,#4088,#4089);
#3366=AXIS2_PLACEMENT_3D('',#5077,#4090,#4091);
#3367=AXIS2_PLACEMENT_3D('',#5078,#4092,#4093);
#3368=AXIS2_PLACEMENT_3D('',#5079,#4094,#4095);
#3369=AXIS2_PLACEMENT_3D('',#5081,#4096,#4097);
#3370=AXIS2_PLACEMENT_3D('',#5082,#4098,#4099);
#3371=AXIS2_PLACEMENT_3D('',#5083,#4100,#4101);
#3372=AXIS2_PLACEMENT_3D('',#5085,#4102,#4103);
#3373=AXIS2_PLACEMENT_3D('',#5087,#4104,#4105);
#3374=AXIS2_PLACEMENT_3D('',#5088,#4106,#4107);
#3375=AXIS2_PLACEMENT_3D('',#5089,#4108,#4109);
#3376=AXIS2_PLACEMENT_3D('',#5091,#4111,#4112);
#3377=AXIS2_PLACEMENT_3D('',#5094,#4115,#4116);
#3378=AXIS2_PLACEMENT_3D('',#5097,#4117,#4118);
#3379=AXIS2_PLACEMENT_3D('',#5099,#4119,#4120);
#3380=AXIS2_PLACEMENT_3D('',#5100,#4121,#4122);
#3381=AXIS2_PLACEMENT_3D('',#5101,#4123,#4124);
#3382=AXIS2_PLACEMENT_3D('',#5104,#4127,#4128);
#3383=AXIS2_PLACEMENT_3D('',#5106,#4129,#4130);
#3384=AXIS2_PLACEMENT_3D('',#5107,#4131,#4132);
#3385=AXIS2_PLACEMENT_3D('',#5108,#4133,#4134);
#3386=AXIS2_PLACEMENT_3D('',#5111,#4135,#4136);
#3387=AXIS2_PLACEMENT_3D('',#5113,#4137,#4138);
#3388=AXIS2_PLACEMENT_3D('',#5114,#4139,#4140);
#3389=AXIS2_PLACEMENT_3D('',#5115,#4141,#4142);
#3390=AXIS2_PLACEMENT_3D('',#5117,#4143,#4144);
#3391=AXIS2_PLACEMENT_3D('',#5119,#4145,#4146);
#3392=AXIS2_PLACEMENT_3D('',#5120,#4147,#4148);
#3393=AXIS2_PLACEMENT_3D('',#5121,#4149,#4150);
#3394=AXIS2_PLACEMENT_3D('',#5124,#4153,#4154);
#3395=AXIS2_PLACEMENT_3D('',#5126,#4155,#4156);
#3396=AXIS2_PLACEMENT_3D('',#5127,#4157,#4158);
#3397=AXIS2_PLACEMENT_3D('',#5128,#4159,#4160);
#3398=AXIS2_PLACEMENT_3D('',#5131,#4163,#4164);
#3399=AXIS2_PLACEMENT_3D('',#5133,#4166,#4167);
#3400=AXIS2_PLACEMENT_3D('',#5135,#4168,#4169);
#3401=AXIS2_PLACEMENT_3D('',#5136,#4170,#4171);
#3402=AXIS2_PLACEMENT_3D('',#5137,#4172,#4173);
#3403=AXIS2_PLACEMENT_3D('',#5140,#4176,#4177);
#3404=AXIS2_PLACEMENT_3D('',#5142,#4178,#4179);
#3405=AXIS2_PLACEMENT_3D('',#5144,#4180,#4181);
#3406=AXIS2_PLACEMENT_3D('',#5145,#4182,#4183);
#3407=AXIS2_PLACEMENT_3D('',#5146,#4184,#4185);
#3408=AXIS2_PLACEMENT_3D('',#5149,#4188,#4189);
#3409=AXIS2_PLACEMENT_3D('',#5151,#4190,#4191);
#3410=AXIS2_PLACEMENT_3D('',#5153,#4193,#4194);
#3411=AXIS2_PLACEMENT_3D('',#5155,#4195,#4196);
#3412=AXIS2_PLACEMENT_3D('',#5156,#4197,#4198);
#3413=AXIS2_PLACEMENT_3D('',#5157,#4199,#4200);
#3414=AXIS2_PLACEMENT_3D('',#5159,#4202,#4203);
#3415=AXIS2_PLACEMENT_3D('',#5160,#4204,#4205);
#3416=AXIS2_PLACEMENT_3D('',#5161,#4206,#4207);
#3417=AXIS2_PLACEMENT_3D('',#5162,#4208,#4209);
#3418=AXIS2_PLACEMENT_3D('',#5164,#4211,#4212);
#3419=AXIS2_PLACEMENT_3D('',#5165,#4213,#4214);
#3420=AXIS2_PLACEMENT_3D('',#5166,#4215,#4216);
#3421=AXIS2_PLACEMENT_3D('',#5167,#4217,#4218);
#3422=AXIS2_PLACEMENT_3D('',#5169,#4220,#4221);
#3423=AXIS2_PLACEMENT_3D('',#5170,#4222,#4223);
#3424=AXIS2_PLACEMENT_3D('',#5172,#4225,#4226);
#3425=AXIS2_PLACEMENT_3D('',#5174,#4227,#4228);
#3426=AXIS2_PLACEMENT_3D('',#5176,#4230,#4231);
#3427=AXIS2_PLACEMENT_3D('',#5178,#4232,#4233);
#3428=AXIS2_PLACEMENT_3D('',#5179,#4234,#4235);
#3429=AXIS2_PLACEMENT_3D('',#5180,#4236,#4237);
#3430=AXIS2_PLACEMENT_3D('',#5182,#4239,#4240);
#3431=AXIS2_PLACEMENT_3D('',#5185,#4243,#4244);
#3432=AXIS2_PLACEMENT_3D('',#5187,#4246,#4247);
#3433=AXIS2_PLACEMENT_3D('',#5189,#4249,#4250);
#3434=AXIS2_PLACEMENT_3D('',#5191,#4252,#4253);
#3435=AXIS2_PLACEMENT_3D('',#5194,#4254,#4255);
#3436=AXIS2_PLACEMENT_3D('',#5197,#4258,#4259);
#3437=AXIS2_PLACEMENT_3D('',#5199,#4261,#4262);
#3438=AXIS2_PLACEMENT_3D('',#5202,#4263,#4264);
#3439=AXIS2_PLACEMENT_3D('',#5205,#4267,#4268);
#3440=AXIS2_PLACEMENT_3D('',#5208,#4269,#4270);
#3441=AXIS2_PLACEMENT_3D('',#5211,#4273,#4274);
#3442=AXIS2_PLACEMENT_3D('',#5212,#4275,#4276);
#3443=AXIS2_PLACEMENT_3D('',#5218,#4280,#4281);
#3444=AXIS2_PLACEMENT_3D('',#5221,#4283,#4284);
#3445=AXIS2_PLACEMENT_3D('',#5222,#4285,#4286);
#3446=AXIS2_PLACEMENT_3D('',#5228,#4290,#4291);
#3447=AXIS2_PLACEMENT_3D('',#5230,#4293,#4294);
#3448=AXIS2_PLACEMENT_3D('',#5231,#4295,#4296);
#3449=AXIS2_PLACEMENT_3D('',#5232,#4297,#4298);
#3450=AXIS2_PLACEMENT_3D('',#5233,#4299,#4300);
#3451=AXIS2_PLACEMENT_3D('',#5239,#4304,#4305);
#3452=AXIS2_PLACEMENT_3D('',#5247,#4310,#4311);
#3453=AXIS2_PLACEMENT_3D('',#5253,#4315,#4316);
#3454=AXIS2_PLACEMENT_3D('',#5262,#4321,#4322);
#3455=AXIS2_PLACEMENT_3D('',#5265,#4325,#4326);
#3456=AXIS2_PLACEMENT_3D('',#5274,#4331,#4332);
#3457=AXIS2_PLACEMENT_3D('',#5276,#4334,#4335);
#3458=AXIS2_PLACEMENT_3D('',#5284,#4339,#4340);
#3459=AXIS2_PLACEMENT_3D('',#5291,#4344,#4345);
#3460=AXIS2_PLACEMENT_3D('',#5293,#4347,#4348);
#3461=AXIS2_PLACEMENT_3D('',#5297,#4351,#4352);
#3462=AXIS2_PLACEMENT_3D('',#5301,#4355,#4356);
#3463=AXIS2_PLACEMENT_3D('',#5302,#4357,#4358);
#3464=AXIS2_PLACEMENT_3D('',#5305,#4361,#4362);
#3465=AXIS2_PLACEMENT_3D('',#5309,#4365,#4366);
#3466=AXIS2_PLACEMENT_3D('',#5311,#4368,#4369);
#3467=AXIS2_PLACEMENT_3D('',#5313,#4371,#4372);
#3468=AXIS2_PLACEMENT_3D('',#5316,#4375,#4376);
#3469=AXIS2_PLACEMENT_3D('',#5318,#4378,#4379);
#3470=AXIS2_PLACEMENT_3D('',#5320,#4381,#4382);
#3471=AXIS2_PLACEMENT_3D('',#5322,#4384,#4385);
#3472=AXIS2_PLACEMENT_3D('',#5326,#4388,#4389);
#3473=AXIS2_PLACEMENT_3D('',#5328,#4391,#4392);
#3474=AXIS2_PLACEMENT_3D('',#5329,#4393,#4394);
#3475=AXIS2_PLACEMENT_3D('',#5330,#4395,#4396);
#3476=AXIS2_PLACEMENT_3D('',#5331,#4397,#4398);
#3477=AXIS2_PLACEMENT_3D('',#5333,#4400,#4401);
#3478=AXIS2_PLACEMENT_3D('',#5335,#4403,#4404);
#3479=AXIS2_PLACEMENT_3D('',#5336,#4405,#4406);
#3480=AXIS2_PLACEMENT_3D('',#5339,#4409,#4410);
#3481=AXIS2_PLACEMENT_3D('',#5340,#4411,#4412);
#3482=AXIS2_PLACEMENT_3D('',#5341,#4413,#4414);
#3483=DIRECTION('axis',(0.,0.,1.));
#3484=DIRECTION('refdir',(1.,0.,0.));
#3485=DIRECTION('axis',(0.,0.,1.));
#3486=DIRECTION('refdir',(1.,0.,0.));
#3487=DIRECTION('center_axis',(0.,0.,1.));
#3488=DIRECTION('ref_axis',(1.,0.,0.));
#3489=DIRECTION('center_axis',(0.,0.,1.));
#3490=DIRECTION('ref_axis',(1.,0.,0.));
#3491=DIRECTION('',(-0.642787609686539,7.87187788734199E-17,0.766044443118978));
#3492=DIRECTION('center_axis',(0.,0.,-1.));
#3493=DIRECTION('ref_axis',(1.,0.,0.));
#3494=DIRECTION('center_axis',(0.,0.,-1.));
#3495=DIRECTION('ref_axis',(1.,0.,0.));
#3496=DIRECTION('center_axis',(0.,0.,1.));
#3497=DIRECTION('ref_axis',(1.,0.,0.));
#3498=DIRECTION('center_axis',(0.,0.,-1.));
#3499=DIRECTION('ref_axis',(1.,0.,0.));
#3500=DIRECTION('',(0.,0.,-1.));
#3501=DIRECTION('center_axis',(0.,0.,1.));
#3502=DIRECTION('ref_axis',(1.,0.,0.));
#3503=DIRECTION('center_axis',(0.,0.,1.));
#3504=DIRECTION('ref_axis',(1.,0.,0.));
#3505=DIRECTION('',(-0.642787609686539,7.87187788734199E-17,0.766044443118978));
#3506=DIRECTION('center_axis',(0.,0.,-1.));
#3507=DIRECTION('ref_axis',(1.,0.,0.));
#3508=DIRECTION('center_axis',(0.,0.,-1.));
#3509=DIRECTION('ref_axis',(1.,0.,0.));
#3510=DIRECTION('center_axis',(0.,0.,1.));
#3511=DIRECTION('ref_axis',(1.,0.,0.));
#3512=DIRECTION('center_axis',(0.,0.,-1.));
#3513=DIRECTION('ref_axis',(1.,0.,0.));
#3514=DIRECTION('',(0.,0.,-1.));
#3515=DIRECTION('center_axis',(0.,0.,1.));
#3516=DIRECTION('ref_axis',(1.,0.,0.));
#3517=DIRECTION('center_axis',(0.,0.,1.));
#3518=DIRECTION('ref_axis',(1.,0.,0.));
#3519=DIRECTION('',(-0.642787609686539,7.87187788734199E-17,0.766044443118978));
#3520=DIRECTION('center_axis',(0.,0.,-1.));
#3521=DIRECTION('ref_axis',(1.,0.,0.));
#3522=DIRECTION('center_axis',(0.,0.,-1.));
#3523=DIRECTION('ref_axis',(1.,0.,0.));
#3524=DIRECTION('center_axis',(0.,0.,1.));
#3525=DIRECTION('ref_axis',(1.,0.,0.));
#3526=DIRECTION('center_axis',(0.,0.,-1.));
#3527=DIRECTION('ref_axis',(1.,0.,0.));
#3528=DIRECTION('',(0.,0.,-1.));
#3529=DIRECTION('center_axis',(0.,0.,1.));
#3530=DIRECTION('ref_axis',(1.,0.,0.));
#3531=DIRECTION('center_axis',(0.,0.,-1.));
#3532=DIRECTION('ref_axis',(1.,0.,0.));
#3533=DIRECTION('center_axis',(0.,0.,-1.));
#3534=DIRECTION('ref_axis',(1.,0.,0.));
#3535=DIRECTION('',(0.,0.,1.));
#3536=DIRECTION('center_axis',(0.,2.4000409502932E-13,1.));
#3537=DIRECTION('ref_axis',(1.,0.,0.));
#3538=DIRECTION('center_axis',(0.,0.,1.));
#3539=DIRECTION('ref_axis',(1.,0.,0.));
#3540=DIRECTION('center_axis',(0.,0.,-1.));
#3541=DIRECTION('ref_axis',(1.,0.,0.));
#3542=DIRECTION('center_axis',(0.,0.,-1.));
#3543=DIRECTION('ref_axis',(1.,0.,0.));
#3544=DIRECTION('',(0.,0.,1.));
#3545=DIRECTION('center_axis',(0.,2.4000409502932E-13,1.));
#3546=DIRECTION('ref_axis',(1.,0.,0.));
#3547=DIRECTION('center_axis',(0.,0.,1.));
#3548=DIRECTION('ref_axis',(1.,0.,0.));
#3549=DIRECTION('center_axis',(0.,0.,-1.));
#3550=DIRECTION('ref_axis',(1.,0.,0.));
#3551=DIRECTION('center_axis',(0.,0.,-1.));
#3552=DIRECTION('ref_axis',(1.,0.,0.));
#3553=DIRECTION('',(0.,0.,1.));
#3554=DIRECTION('center_axis',(0.,2.4000409502932E-13,1.));
#3555=DIRECTION('ref_axis',(1.,0.,0.));
#3556=DIRECTION('center_axis',(0.707106781186554,-1.69708523107771E-13,
-0.707106781186541));
#3557=DIRECTION('ref_axis',(-0.707106781186541,0.,-0.707106781186554));
#3558=DIRECTION('',(0.,1.,-2.4000409502932E-13));
#3559=DIRECTION('',(0.577350269189619,-0.577350269189491,0.577350269189768));
#3560=DIRECTION('',(0.,-1.,2.4000409502932E-13));
#3561=DIRECTION('',(-0.577350269189625,-0.577350269189753,-0.577350269189499));
#3562=DIRECTION('center_axis',(0.,-0.707106781186719,-0.707106781186376));
#3563=DIRECTION('ref_axis',(-1.,0.,0.));
#3564=DIRECTION('',(1.,0.,0.));
#3565=DIRECTION('',(-0.577350269189619,-0.577350269189491,0.577350269189768));
#3566=DIRECTION('',(-1.,0.,0.));
#3567=DIRECTION('center_axis',(-0.707106781186554,-1.69708523107771E-13,
-0.707106781186541));
#3568=DIRECTION('ref_axis',(-0.707106781186541,0.,0.707106781186554));
#3569=DIRECTION('',(0.,1.,-2.4000409502932E-13));
#3570=DIRECTION('',(0.,-1.,2.4000409502932E-13));
#3571=DIRECTION('',(-0.577350269189625,0.577350269189753,0.577350269189499));
#3572=DIRECTION('center_axis',(0.,0.707106781186393,-0.707106781186702));
#3573=DIRECTION('ref_axis',(-1.,0.,0.));
#3574=DIRECTION('',(-1.,0.,0.));
#3575=DIRECTION('',(1.,0.,0.));
#3576=DIRECTION('center_axis',(0.,-1.,2.38193303465033E-13));
#3577=DIRECTION('ref_axis',(1.,0.,0.));
#3578=DIRECTION('',(0.,2.38193303465033E-13,1.));
#3579=DIRECTION('',(-1.,0.,0.));
#3580=DIRECTION('',(0.,2.38193303465033E-13,1.));
#3581=DIRECTION('center_axis',(-1.,0.,0.));
#3582=DIRECTION('ref_axis',(0.,-1.,2.40020421838404E-13));
#3583=DIRECTION('',(0.,2.38193303465033E-13,1.));
#3584=DIRECTION('',(0.,1.,-2.4000409502932E-13));
#3585=DIRECTION('center_axis',(0.,2.4000409502932E-13,1.));
#3586=DIRECTION('ref_axis',(0.,-1.,2.4000409502932E-13));
#3587=DIRECTION('',(1.,0.,0.));
#3588=DIRECTION('',(0.,1.,-2.4000409502932E-13));
#3589=DIRECTION('',(-1.,0.,0.));
#3590=DIRECTION('',(0.,1.,-2.4000409502932E-13));
#3591=DIRECTION('',(1.,0.,0.));
#3592=DIRECTION('',(-0.482183709660471,0.876070128550258,-2.10260418384924E-13));
#3593=DIRECTION('center_axis',(0.,-2.4000409502932E-13,-1.));
#3594=DIRECTION('ref_axis',(-1.,0.,0.));
#3595=DIRECTION('',(-0.482183709660472,-0.876070128550258,2.10260418384924E-13));
#3596=DIRECTION('',(-1.,0.,0.));
#3597=DIRECTION('',(0.,1.,-2.4000409502932E-13));
#3598=DIRECTION('',(-1.,0.,0.));
#3599=DIRECTION('',(0.482183709660471,-0.876070128550258,2.10260418384924E-13));
#3600=DIRECTION('center_axis',(0.,-2.4000409502932E-13,-1.));
#3601=DIRECTION('ref_axis',(1.,0.,0.));
#3602=DIRECTION('',(0.482183709660471,0.876070128550258,-2.10260418384924E-13));
#3603=DIRECTION('',(-1.,0.,0.));
#3604=DIRECTION('',(0.,1.,-2.4000409502932E-13));
#3605=DIRECTION('center_axis',(0.,2.4000409502932E-13,1.));
#3606=DIRECTION('ref_axis',(1.,0.,0.));
#3607=DIRECTION('center_axis',(0.,2.4000409502932E-13,1.));
#3608=DIRECTION('ref_axis',(0.,-1.,2.39963995244369E-13));
#3609=DIRECTION('center_axis',(0.,2.4000409502932E-13,1.));
#3610=DIRECTION('ref_axis',(1.,0.,0.));
#3611=DIRECTION('center_axis',(0.,2.4000409502932E-13,1.));
#3612=DIRECTION('ref_axis',(1.,0.,0.));
#3613=DIRECTION('center_axis',(0.707106781186553,1.69708523107771E-13,0.707106781186542));
#3614=DIRECTION('ref_axis',(0.707106781186542,0.,-0.707106781186553));
#3615=DIRECTION('',(-0.577350269189626,0.577350269189754,0.577350269189498));
#3616=DIRECTION('',(0.,-1.,2.4000409502932E-13));
#3617=DIRECTION('',(0.577350269189628,0.577350269189474,-0.577350269189775));
#3618=DIRECTION('center_axis',(0.,-0.707106781186392,0.707106781186703));
#3619=DIRECTION('ref_axis',(1.,0.,0.));
#3620=DIRECTION('',(-1.,0.,0.));
#3621=DIRECTION('',(1.,0.,0.));
#3622=DIRECTION('',(0.577350269189626,0.577350269189754,0.577350269189498));
#3623=DIRECTION('center_axis',(-0.707106781186553,1.69708523107771E-13,
0.707106781186542));
#3624=DIRECTION('ref_axis',(0.707106781186542,0.,0.707106781186553));
#3625=DIRECTION('',(0.,1.,-2.4000409502932E-13));
#3626=DIRECTION('',(0.,-1.,2.4000409502932E-13));
#3627=DIRECTION('',(0.577350269189628,-0.577350269189474,0.577350269189775));
#3628=DIRECTION('center_axis',(0.,0.707106781186732,0.707106781186363));
#3629=DIRECTION('ref_axis',(1.,0.,0.));
#3630=DIRECTION('',(1.,0.,0.));
#3631=DIRECTION('center_axis',(0.,1.,-2.38193303465033E-13));
#3632=DIRECTION('ref_axis',(-1.,0.,0.));
#3633=DIRECTION('',(0.,2.38193303465033E-13,1.));
#3634=DIRECTION('center_axis',(0.,2.4000409502932E-13,1.));
#3635=DIRECTION('ref_axis',(0.,-1.,2.4000409502932E-13));
#3636=DIRECTION('',(1.,0.,0.));
#3637=DIRECTION('',(0.,1.,-2.4000409502932E-13));
#3638=DIRECTION('',(-1.,0.,0.));
#3639=DIRECTION('',(-0.482183709660471,-0.876070128550258,2.10260418384924E-13));
#3640=DIRECTION('center_axis',(0.,2.4000409502932E-13,1.));
#3641=DIRECTION('ref_axis',(-5.55111512312611E-16,1.,-2.4000409502932E-13));
#3642=DIRECTION('',(-0.482183709660471,0.876070128550258,-2.10260418384924E-13));
#3643=DIRECTION('',(-1.,0.,0.));
#3644=DIRECTION('',(0.,-1.,2.4000409502932E-13));
#3645=DIRECTION('',(1.,0.,0.));
#3646=DIRECTION('',(0.482183709660472,0.876070128550258,-2.10260418384924E-13));
#3647=DIRECTION('center_axis',(0.,2.4000409502932E-13,1.));
#3648=DIRECTION('ref_axis',(1.11022302462509E-15,-1.,2.4000409502932E-13));
#3649=DIRECTION('',(0.482183709660471,-0.876070128550258,2.10260418384924E-13));
#3650=DIRECTION('center_axis',(1.,0.,0.));
#3651=DIRECTION('ref_axis',(0.,1.,-2.40020421838404E-13));
#3652=DIRECTION('center_axis',(0.866025403784442,-0.499999999999993,1.20147423212858E-13));
#3653=DIRECTION('ref_axis',(-0.499999999999993,-0.866025403784443,2.07863782739116E-13));
#3654=DIRECTION('',(-0.377964473009144,-0.654653670708002,-0.654653670708));
#3655=DIRECTION('',(0.,-2.40294846425719E-13,-1.));
#3656=DIRECTION('',(-0.499999999999993,-0.866025403784443,2.07863782739116E-13));
#3657=DIRECTION('',(0.,-2.40294846425719E-13,-1.));
#3658=DIRECTION('center_axis',(1.05187702503033E-14,-1.,2.40294846425719E-13));
#3659=DIRECTION('ref_axis',(-1.,-1.05187702503033E-14,2.52471967269905E-27));
#3660=DIRECTION('',(-1.,-1.05187702503058E-14,-1.05187702503058E-14));
#3661=DIRECTION('',(-1.,-1.05187702503033E-14,2.52471967269905E-27));
#3662=DIRECTION('',(0.,-2.40294846425719E-13,-1.));
#3663=DIRECTION('center_axis',(-0.866025403784434,-0.500000000000007,1.20147423212861E-13));
#3664=DIRECTION('ref_axis',(-0.500000000000007,0.866025403784434,-2.07863782739114E-13));
#3665=DIRECTION('',(-0.377964473009156,0.654653670707999,0.654653670707997));
#3666=DIRECTION('',(-0.500000000000007,0.866025403784434,-2.07863782739114E-13));
#3667=DIRECTION('',(0.,-2.40294846425719E-13,-1.));
#3668=DIRECTION('center_axis',(-0.866025403784434,-0.500000000000007,1.20147423212861E-13));
#3669=DIRECTION('ref_axis',(-0.327326835353903,0.566946709513863,0.755928946018474));
#3670=DIRECTION('center_axis',(0.866025403784432,0.500000000000012,-1.20147423212862E-13));
#3671=DIRECTION('ref_axis',(0.500000000000012,-0.866025403784432,2.07863782739113E-13));
#3672=DIRECTION('',(0.37796447300916,-0.654653670707997,-0.654653670707996));
#3673=DIRECTION('',(0.,-2.40294846425719E-13,-1.));
#3674=DIRECTION('',(0.500000000000012,-0.866025403784432,2.07863782739113E-13));
#3675=DIRECTION('center_axis',(-8.54650082837144E-15,1.,-2.40294846425719E-13));
#3676=DIRECTION('ref_axis',(1.,8.54650082837144E-15,-2.05133473406798E-27));
#3677=DIRECTION('',(1.,8.54650082837349E-15,8.54650082837346E-15));
#3678=DIRECTION('',(0.,-2.40294846425719E-13,-1.));
#3679=DIRECTION('',(1.,8.54650082837144E-15,-2.05133473406798E-27));
#3680=DIRECTION('center_axis',(-0.866025403784443,0.499999999999992,-1.20147423212858E-13));
#3681=DIRECTION('ref_axis',(0.499999999999992,0.866025403784443,-2.07863782739116E-13));
#3682=DIRECTION('',(0.377964473009143,0.654653670708002,0.654653670708));
#3683=DIRECTION('center_axis',(-0.866025403784443,0.499999999999992,-1.20147423212858E-13));
#3684=DIRECTION('ref_axis',(-0.327326835353895,-0.566946709513872,-0.755928946018471));
#3685=DIRECTION('',(0.499999999999992,0.866025403784443,-2.07863782739116E-13));
#3686=DIRECTION('center_axis',(0.,-2.40294846425719E-13,-1.));
#3687=DIRECTION('ref_axis',(-1.,0.,0.));
#3688=DIRECTION('center_axis',(0.,2.40294846425719E-13,1.));
#3689=DIRECTION('ref_axis',(1.,0.,0.));
#3690=DIRECTION('center_axis',(0.866025403784442,-0.499999999999994,1.1984325252118E-13));
#3691=DIRECTION('ref_axis',(-0.499999999999994,-0.866025403784442,2.07863782739116E-13));
#3692=DIRECTION('',(-0.3779644730093,-0.654653670707957,0.654653670707955));
#3693=DIRECTION('',(0.,-2.39686505042363E-13,-1.));
#3694=DIRECTION('',(-0.499999999999994,-0.866025403784442,2.07863782739116E-13));
#3695=DIRECTION('',(0.,-2.39686505042363E-13,-1.));
#3696=DIRECTION('center_axis',(1.05187702503033E-14,-1.,2.39686505042363E-13));
#3697=DIRECTION('ref_axis',(-1.,-1.05187702503033E-14,2.52471967269905E-27));
#3698=DIRECTION('',(-1.,-1.05187702503008E-14,1.05187702503008E-14));
#3699=DIRECTION('',(-1.,-1.05187702503033E-14,2.52471967269905E-27));
#3700=DIRECTION('',(0.,-2.39686505042363E-13,-1.));
#3701=DIRECTION('center_axis',(-0.866025403784434,-0.500000000000007,1.19843252521183E-13));
#3702=DIRECTION('ref_axis',(-0.500000000000007,0.866025403784434,-2.07863782739114E-13));
#3703=DIRECTION('',(-0.377964473009312,0.654653670707954,-0.654653670707952));
#3704=DIRECTION('',(-0.500000000000007,0.866025403784434,-2.07863782739114E-13));
#3705=DIRECTION('',(0.,-2.39686505042363E-13,-1.));
#3706=DIRECTION('center_axis',(-0.866025403784434,-0.500000000000007,1.19843252521183E-13));
#3707=DIRECTION('ref_axis',(-0.327326835354083,0.566946709513811,-0.755928946018436));
#3708=DIRECTION('center_axis',(0.866025403784432,0.500000000000011,-1.19843252521184E-13));
#3709=DIRECTION('ref_axis',(0.500000000000011,-0.866025403784432,2.07863782739113E-13));
#3710=DIRECTION('',(0.377964473009315,-0.654653670707953,0.654653670707951));
#3711=DIRECTION('',(0.,-2.39686505042363E-13,-1.));
#3712=DIRECTION('',(0.500000000000011,-0.866025403784432,2.07863782739113E-13));
#3713=DIRECTION('center_axis',(-1.05187702503033E-14,1.,-2.39686505042363E-13));
#3714=DIRECTION('ref_axis',(1.,1.05187702503033E-14,-2.52471967269905E-27));
#3715=DIRECTION('',(1.,1.05187702503008E-14,-1.05187702503008E-14));
#3716=DIRECTION('',(0.,-2.39686505042363E-13,-1.));
#3717=DIRECTION('',(1.,1.05187702503033E-14,-2.52471967269905E-27));
#3718=DIRECTION('center_axis',(-0.866025403784443,0.499999999999993,-1.19843252521179E-13));
#3719=DIRECTION('ref_axis',(0.499999999999993,0.866025403784443,-2.07863782739116E-13));
#3720=DIRECTION('',(0.377964473009299,0.654653670707957,-0.654653670707956));
#3721=DIRECTION('center_axis',(-0.866025403784443,0.499999999999993,-1.19843252521179E-13));
#3722=DIRECTION('ref_axis',(-0.327326835354075,-0.56694670951382,0.755928946018432));
#3723=DIRECTION('',(0.499999999999993,0.866025403784443,-2.07863782739116E-13));
#3724=DIRECTION('center_axis',(0.,-2.39686505042363E-13,-1.));
#3725=DIRECTION('ref_axis',(-1.,0.,0.));
#3726=DIRECTION('center_axis',(0.,2.39686505042363E-13,1.));
#3727=DIRECTION('ref_axis',(1.,0.,0.));
#3728=DIRECTION('center_axis',(1.05187702503033E-14,-1.,2.40294846425719E-13));
#3729=DIRECTION('ref_axis',(-1.,-1.05187702503033E-14,2.52471967269905E-27));
#3730=DIRECTION('',(-1.,-1.05187702503058E-14,-1.05187702503058E-14));
#3731=DIRECTION('',(0.,-2.40294846425719E-13,-1.));
#3732=DIRECTION('',(-1.,-1.05187702503033E-14,2.52471967269905E-27));
#3733=DIRECTION('',(0.,-2.40294846425719E-13,-1.));
#3734=DIRECTION('center_axis',(-0.866025403784435,-0.500000000000007,1.20147423212861E-13));
#3735=DIRECTION('ref_axis',(-0.500000000000007,0.866025403784434,-2.07863782739114E-13));
#3736=DIRECTION('',(-0.377964473009156,0.654653670707999,0.654653670707997));
#3737=DIRECTION('',(-0.500000000000007,0.866025403784434,-2.07863782739114E-13));
#3738=DIRECTION('',(0.,-2.40294846425719E-13,-1.));
#3739=DIRECTION('center_axis',(-0.866025403784444,0.499999999999991,-1.20147423212857E-13));
#3740=DIRECTION('ref_axis',(0.499999999999991,0.866025403784444,-2.07863782739116E-13));
#3741=DIRECTION('',(0.377964473009142,0.654653670708003,0.654653670708001));
#3742=DIRECTION('',(0.499999999999991,0.866025403784444,-2.07863782739116E-13));
#3743=DIRECTION('',(0.,-2.40294846425719E-13,-1.));
#3744=DIRECTION('center_axis',(-8.54650082837143E-15,1.,-2.40294846425719E-13));
#3745=DIRECTION('ref_axis',(1.,8.54650082837143E-15,-2.05133473406798E-27));
#3746=DIRECTION('',(1.,8.54650082837348E-15,8.54650082837346E-15));
#3747=DIRECTION('',(1.,8.54650082837143E-15,-2.05133473406798E-27));
#3748=DIRECTION('',(0.,-2.40294846425719E-13,-1.));
#3749=DIRECTION('center_axis',(0.866025403784442,-0.499999999999993,1.20147423212858E-13));
#3750=DIRECTION('ref_axis',(-0.499999999999993,-0.866025403784443,2.07863782739116E-13));
#3751=DIRECTION('',(-0.377964473009144,-0.654653670708002,-0.654653670708));
#3752=DIRECTION('center_axis',(0.866025403784442,-0.499999999999993,1.20147423212858E-13));
#3753=DIRECTION('ref_axis',(0.327326835353896,0.566946709513872,0.755928946018471));
#3754=DIRECTION('',(0.,-2.40294846425719E-13,-1.));
#3755=DIRECTION('',(-0.499999999999993,-0.866025403784443,2.07863782739116E-13));
#3756=DIRECTION('center_axis',(0.866025403784431,0.500000000000013,-1.20147423212863E-13));
#3757=DIRECTION('ref_axis',(0.500000000000013,-0.866025403784431,2.07863782739113E-13));
#3758=DIRECTION('center_axis',(0.866025403784431,0.500000000000013,-1.20147423212863E-13));
#3759=DIRECTION('ref_axis',(0.327326835353906,-0.56694670951386,-0.755928946018476));
#3760=DIRECTION('',(0.377964473009161,-0.654653670707997,-0.654653670707995));
#3761=DIRECTION('',(0.500000000000013,-0.866025403784431,2.07863782739113E-13));
#3762=DIRECTION('center_axis',(0.,-2.40294846425719E-13,-1.));
#3763=DIRECTION('ref_axis',(-1.,0.,0.));
#3764=DIRECTION('center_axis',(0.,2.40294846425719E-13,1.));
#3765=DIRECTION('ref_axis',(1.,0.,0.));
#3766=DIRECTION('center_axis',(-0.866025403784444,0.499999999999991,-1.19843252521179E-13));
#3767=DIRECTION('ref_axis',(0.499999999999991,0.866025403784444,-2.07863782739116E-13));
#3768=DIRECTION('',(0.377964473009298,0.654653670707958,-0.654653670707956));
#3769=DIRECTION('',(0.,-2.39686505042363E-13,-1.));
#3770=DIRECTION('',(0.499999999999991,0.866025403784444,-2.07863782739116E-13));
#3771=DIRECTION('',(0.,-2.39686505042363E-13,-1.));
#3772=DIRECTION('center_axis',(-1.05187702503033E-14,1.,-2.39686505042363E-13));
#3773=DIRECTION('ref_axis',(1.,1.05187702503033E-14,-2.52471967269905E-27));
#3774=DIRECTION('',(1.,1.05187702503008E-14,-1.05187702503008E-14));
#3775=DIRECTION('',(1.,1.05187702503033E-14,-2.52471967269905E-27));
#3776=DIRECTION('',(0.,-2.39686505042363E-13,-1.));
#3777=DIRECTION('center_axis',(0.866025403784432,0.500000000000012,-1.19843252521184E-13));
#3778=DIRECTION('ref_axis',(0.500000000000012,-0.866025403784432,2.07863782739113E-13));
#3779=DIRECTION('',(0.377964473009316,-0.654653670707952,0.654653670707951));
#3780=DIRECTION('',(0.500000000000012,-0.866025403784432,2.07863782739113E-13));
#3781=DIRECTION('',(0.,-2.39686505042363E-13,-1.));
#3782=DIRECTION('center_axis',(0.866025403784432,0.500000000000012,-1.19843252521184E-13));
#3783=DIRECTION('ref_axis',(0.327326835354085,-0.566946709513809,0.755928946018437));
#3784=DIRECTION('center_axis',(1.05187702503033E-14,-1.,2.39686505042363E-13));
#3785=DIRECTION('ref_axis',(-1.,-1.05187702503033E-14,2.52471967269905E-27));
#3786=DIRECTION('',(-1.,-1.05187702503008E-14,1.05187702503008E-14));
#3787=DIRECTION('',(0.,-2.39686505042363E-13,-1.));
#3788=DIRECTION('',(-1.,-1.05187702503033E-14,2.52471967269905E-27));
#3789=DIRECTION('',(0.,-2.39686505042363E-13,-1.));
#3790=DIRECTION('center_axis',(0.866025403784442,-0.499999999999994,1.1984325252118E-13));
#3791=DIRECTION('ref_axis',(-0.499999999999994,-0.866025403784442,2.07863782739116E-13));
#3792=DIRECTION('',(-0.3779644730093,-0.654653670707957,0.654653670707955));
#3793=DIRECTION('center_axis',(0.866025403784442,-0.499999999999994,1.1984325252118E-13));
#3794=DIRECTION('ref_axis',(0.327326835354076,0.56694670951382,-0.755928946018433));
#3795=DIRECTION('',(-0.499999999999994,-0.866025403784442,2.07863782739116E-13));
#3796=DIRECTION('center_axis',(-0.866025403784435,-0.500000000000007,1.19843252521183E-13));
#3797=DIRECTION('ref_axis',(-0.500000000000007,0.866025403784434,-2.07863782739114E-13));
#3798=DIRECTION('',(-0.377964473009312,0.654653670707954,-0.654653670707952));
#3799=DIRECTION('',(-0.500000000000007,0.866025403784434,-2.07863782739114E-13));
#3800=DIRECTION('center_axis',(0.,-2.39686505042363E-13,-1.));
#3801=DIRECTION('ref_axis',(-1.,0.,0.));
#3802=DIRECTION('center_axis',(0.,2.39686505042363E-13,1.));
#3803=DIRECTION('ref_axis',(1.,0.,0.));
#3804=DIRECTION('center_axis',(0.,0.707106781186549,0.707106781186546));
#3805=DIRECTION('ref_axis',(-0.707106781186547,-0.5,0.5));
#3806=DIRECTION('',(0.,0.707106781186549,0.707106781186546));
#3807=DIRECTION('center_axis',(-1.17756934401283E-15,0.707106781186548,
0.707106781186547));
#3808=DIRECTION('ref_axis',(0.,-0.707106781186547,0.707106781186548));
#3809=DIRECTION('',(0.,-0.707106781186549,-0.707106781186546));
#3810=DIRECTION('center_axis',(0.,-0.707106781186549,-0.707106781186546));
#3811=DIRECTION('ref_axis',(-1.,0.,0.));
#3812=DIRECTION('',(0.,0.707106781186549,0.707106781186546));
#3813=DIRECTION('center_axis',(0.,0.707106781186548,-0.707106781186547));
#3814=DIRECTION('ref_axis',(-0.707106781186548,0.499999999999999,0.500000000000001));
#3815=DIRECTION('',(0.,0.707106781186548,-0.707106781186547));
#3816=DIRECTION('center_axis',(0.,0.707106781186548,-0.707106781186547));
#3817=DIRECTION('ref_axis',(0.,0.707106781186547,0.707106781186548));
#3818=DIRECTION('',(0.,-0.707106781186548,0.707106781186547));
#3819=DIRECTION('center_axis',(0.,-0.707106781186552,0.707106781186543));
#3820=DIRECTION('ref_axis',(-1.,0.,0.));
#3821=DIRECTION('',(0.,0.707106781186548,-0.707106781186547));
#3822=DIRECTION('center_axis',(0.,-0.707106781186546,0.707106781186549));
#3823=DIRECTION('ref_axis',(0.,-0.707106781186549,-0.707106781186546));
#3824=DIRECTION('',(0.,-0.707106781186549,-0.707106781186546));
#3825=DIRECTION('',(0.,-0.707106781186549,-0.707106781186546));
#3826=DIRECTION('',(1.,0.,0.));
#3827=DIRECTION('',(0.,0.707106781186549,0.707106781186546));
#3828=DIRECTION('',(1.,0.,0.));
#3829=DIRECTION('',(-0.362687811942554,0.658960374783008,0.658960374783006));
#3830=DIRECTION('',(-1.,0.,0.));
#3831=DIRECTION('',(0.,-0.707106781186549,-0.707106781186546));
#3832=DIRECTION('center_axis',(0.,-0.707106781186548,0.707106781186547));
#3833=DIRECTION('ref_axis',(0.70710678118655,0.499999999999998,0.499999999999999));
#3834=DIRECTION('',(0.,-0.707106781186548,0.707106781186547));
#3835=DIRECTION('center_axis',(5.49532360539321E-15,-0.707106781186548,
0.707106781186547));
#3836=DIRECTION('ref_axis',(0.,0.707106781186547,0.707106781186548));
#3837=DIRECTION('',(0.,0.707106781186548,-0.707106781186547));
#3838=DIRECTION('center_axis',(0.,0.707106781186548,-0.707106781186547));
#3839=DIRECTION('ref_axis',(1.,0.,0.));
#3840=DIRECTION('',(0.,-0.707106781186548,0.707106781186547));
#3841=DIRECTION('center_axis',(0.,0.,1.));
#3842=DIRECTION('ref_axis',(1.,0.,0.));
#3843=DIRECTION('center_axis',(0.,0.,1.));
#3844=DIRECTION('ref_axis',(1.,0.,0.));
#3845=DIRECTION('',(0.,0.,1.));
#3846=DIRECTION('center_axis',(0.,0.,1.));
#3847=DIRECTION('ref_axis',(1.,0.,0.));
#3848=DIRECTION('center_axis',(0.,0.,1.));
#3849=DIRECTION('ref_axis',(1.,0.,0.));
#3850=DIRECTION('',(0.,0.,1.));
#3851=DIRECTION('center_axis',(0.,0.,1.));
#3852=DIRECTION('ref_axis',(1.,0.,0.));
#3853=DIRECTION('center_axis',(0.,0.,1.));
#3854=DIRECTION('ref_axis',(1.,0.,0.));
#3855=DIRECTION('',(0.,0.,1.));
#3856=DIRECTION('center_axis',(0.,0.,1.));
#3857=DIRECTION('ref_axis',(1.,0.,0.));
#3858=DIRECTION('center_axis',(0.,0.,1.));
#3859=DIRECTION('ref_axis',(1.,0.,0.));
#3860=DIRECTION('',(0.,0.,1.));
#3861=DIRECTION('center_axis',(0.,-1.,0.));
#3862=DIRECTION('ref_axis',(1.,0.,0.));
#3863=DIRECTION('',(1.,0.,0.));
#3864=DIRECTION('',(0.,0.,1.));
#3865=DIRECTION('',(1.,0.,0.));
#3866=DIRECTION('',(0.,0.,-1.));
#3867=DIRECTION('center_axis',(-1.,0.,0.));
#3868=DIRECTION('ref_axis',(0.,-1.,0.));
#3869=DIRECTION('',(0.,-0.707106781186548,0.707106781186547));
#3870=DIRECTION('',(0.,0.,1.));
#3871=DIRECTION('',(0.,-1.,0.));
#3872=DIRECTION('center_axis',(0.,0.707106781186547,0.707106781186548));
#3873=DIRECTION('ref_axis',(0.,-0.707106781186548,0.707106781186547));
#3874=DIRECTION('',(0.,0.707106781186548,-0.707106781186547));
#3875=DIRECTION('',(-0.362687811942554,-0.658960374783008,0.658960374783006));
#3876=DIRECTION('',(-1.,0.,0.));
#3877=DIRECTION('center_axis',(0.,-1.,0.));
#3878=DIRECTION('ref_axis',(1.,0.,0.));
#3879=DIRECTION('',(1.,0.,0.));
#3880=DIRECTION('',(0.,0.,1.));
#3881=DIRECTION('',(1.,0.,0.));
#3882=DIRECTION('',(0.,0.,1.));
#3883=DIRECTION('center_axis',(0.,1.,0.));
#3884=DIRECTION('ref_axis',(-1.,0.,0.));
#3885=DIRECTION('',(-1.,0.,0.));
#3886=DIRECTION('',(0.,0.,1.));
#3887=DIRECTION('',(1.,0.,0.));
#3888=DIRECTION('',(0.,0.,-1.));
#3889=DIRECTION('center_axis',(0.,1.,0.));
#3890=DIRECTION('ref_axis',(-1.,0.,0.));
#3891=DIRECTION('',(1.,0.,0.));
#3892=DIRECTION('',(0.,0.,1.));
#3893=DIRECTION('',(1.,0.,0.));
#3894=DIRECTION('',(0.,0.,1.));
#3895=DIRECTION('center_axis',(-1.,0.,0.));
#3896=DIRECTION('ref_axis',(0.,-1.,0.));
#3897=DIRECTION('center_axis',(-1.,0.,0.));
#3898=DIRECTION('ref_axis',(0.,2.39808173319034E-13,1.));
#3899=DIRECTION('',(0.,0.707106781186549,0.707106781186546));
#3900=DIRECTION('center_axis',(1.,0.,0.));
#3901=DIRECTION('ref_axis',(0.,1.,0.));
#3902=DIRECTION('center_axis',(1.,0.,0.));
#3903=DIRECTION('ref_axis',(0.,-0.382683432364978,0.923879532511333));
#3904=DIRECTION('',(0.,-0.707106781186549,-0.707106781186546));
#3905=DIRECTION('center_axis',(-1.,0.,0.));
#3906=DIRECTION('ref_axis',(0.,0.,1.));
#3907=DIRECTION('',(0.,-1.,0.));
#3908=DIRECTION('',(0.,7.24058494320754E-16,1.));
#3909=DIRECTION('center_axis',(-1.,0.,0.));
#3910=DIRECTION('ref_axis',(0.,0.,1.));
#3911=DIRECTION('',(0.,-0.707106781186549,-0.707106781186546));
#3912=DIRECTION('center_axis',(-1.,0.,0.));
#3913=DIRECTION('ref_axis',(0.,-1.,0.));
#3914=DIRECTION('',(0.,-0.707106781186549,-0.707106781186546));
#3915=DIRECTION('',(0.,0.,1.));
#3916=DIRECTION('',(0.,1.,0.));
#3917=DIRECTION('',(0.,0.,-1.));
#3918=DIRECTION('center_axis',(0.,1.,0.));
#3919=DIRECTION('ref_axis',(-1.,0.,0.));
#3920=DIRECTION('',(-1.,0.,0.));
#3921=DIRECTION('',(0.,0.,1.));
#3922=DIRECTION('',(1.,0.,0.));
#3923=DIRECTION('center_axis',(0.,1.,0.));
#3924=DIRECTION('ref_axis',(-1.,0.,0.));
#3925=DIRECTION('',(1.,0.,0.));
#3926=DIRECTION('',(0.,0.,1.));
#3927=DIRECTION('',(0.,0.,1.));
#3928=DIRECTION('center_axis',(1.,0.,0.));
#3929=DIRECTION('ref_axis',(0.,1.,0.));
#3930=DIRECTION('center_axis',(1.,0.,0.));
#3931=DIRECTION('ref_axis',(0.,-0.707106781186546,0.707106781186549));
#3932=DIRECTION('center_axis',(-1.,0.,0.));
#3933=DIRECTION('ref_axis',(0.,-1.,0.));
#3934=DIRECTION('center_axis',(-1.,0.,0.));
#3935=DIRECTION('ref_axis',(0.,-0.382683432364978,0.923879532511333));
#3936=DIRECTION('center_axis',(1.,0.,0.));
#3937=DIRECTION('ref_axis',(0.,-0.382683432364978,0.923879532511333));
#3938=DIRECTION('center_axis',(1.,0.,0.));
#3939=DIRECTION('ref_axis',(0.,-0.707106781186546,0.707106781186549));
#3940=DIRECTION('center_axis',(-1.,0.,0.));
#3941=DIRECTION('ref_axis',(0.,2.39808173319034E-13,1.));
#3942=DIRECTION('center_axis',(0.,-1.,0.));
#3943=DIRECTION('ref_axis',(0.,0.,-1.));
#3944=DIRECTION('',(1.,0.,0.));
#3945=DIRECTION('',(0.,0.,1.));
#3946=DIRECTION('',(-1.,0.,0.));
#3947=DIRECTION('',(0.,0.,-1.));
#3948=DIRECTION('',(1.,0.,0.));
#3949=DIRECTION('center_axis',(1.,0.,0.));
#3950=DIRECTION('ref_axis',(0.,0.,-1.));
#3951=DIRECTION('',(0.,1.,0.));
#3952=DIRECTION('',(0.,0.707106781186549,0.707106781186546));
#3953=DIRECTION('center_axis',(0.,-1.,7.24058494320754E-16));
#3954=DIRECTION('ref_axis',(0.,7.24058494320754E-16,1.));
#3955=DIRECTION('',(1.,0.,0.));
#3956=DIRECTION('',(0.,-7.24058494320754E-16,-1.));
#3957=DIRECTION('',(-1.,0.,0.));
#3958=DIRECTION('center_axis',(-1.,0.,0.));
#3959=DIRECTION('ref_axis',(0.,0.,1.));
#3960=DIRECTION('center_axis',(1.,0.,0.));
#3961=DIRECTION('ref_axis',(0.,0.,1.));
#3962=DIRECTION('',(-1.,0.,0.));
#3963=DIRECTION('center_axis',(1.,0.,0.));
#3964=DIRECTION('ref_axis',(0.,0.,1.));
#3965=DIRECTION('center_axis',(1.,0.,0.));
#3966=DIRECTION('ref_axis',(0.,1.,0.));
#3967=DIRECTION('',(0.,-1.,-1.38777876010354E-16));
#3968=DIRECTION('center_axis',(1.,0.,0.));
#3969=DIRECTION('ref_axis',(0.,0.,-1.));
#3970=DIRECTION('center_axis',(0.,1.,0.));
#3971=DIRECTION('ref_axis',(0.,0.,-1.));
#3972=DIRECTION('',(0.,0.,-1.));
#3973=DIRECTION('',(-1.,0.,0.));
#3974=DIRECTION('',(0.,0.,1.));
#3975=DIRECTION('',(-1.,0.,0.));
#3976=DIRECTION('center_axis',(-1.,0.,0.));
#3977=DIRECTION('ref_axis',(0.,0.,-1.));
#3978=DIRECTION('center_axis',(-1.,0.,0.));
#3979=DIRECTION('ref_axis',(0.,0.,-1.));
#3980=DIRECTION('',(-1.,0.,0.));
#3981=DIRECTION('center_axis',(1.,0.,0.));
#3982=DIRECTION('ref_axis',(0.,0.,-1.));
#3983=DIRECTION('center_axis',(0.,-1.38777876010354E-16,1.));
#3984=DIRECTION('ref_axis',(0.,1.,1.38777876010354E-16));
#3985=DIRECTION('',(0.,-1.,2.4000409502932E-13));
#3986=DIRECTION('center_axis',(-1.,0.,0.));
#3987=DIRECTION('ref_axis',(0.,0.,1.));
#3988=DIRECTION('',(0.,-1.,2.4000409502932E-13));
#3989=DIRECTION('',(0.,0.,1.));
#3990=DIRECTION('',(0.,-1.,0.));
#3991=DIRECTION('center_axis',(-1.,0.,0.));
#3992=DIRECTION('ref_axis',(0.,0.,1.));
#3993=DIRECTION('',(0.,-1.,0.));
#3994=DIRECTION('',(0.,0.,-1.));
#3995=DIRECTION('',(0.,-1.,2.4000409502932E-13));
#3996=DIRECTION('center_axis',(0.,0.,-1.));
#3997=DIRECTION('ref_axis',(0.,1.,0.));
#3998=DIRECTION('center_axis',(0.,0.,1.));
#3999=DIRECTION('ref_axis',(-0.707106781186549,0.707106781186546,0.));
#4000=DIRECTION('',(1.,0.,0.));
#4001=DIRECTION('center_axis',(0.,0.,1.));
#4002=DIRECTION('ref_axis',(0.508830173210831,0.860866920511083,0.));
#4003=DIRECTION('',(0.482183709660471,-0.876070128550258,0.));
#4004=DIRECTION('',(-1.,0.,0.));
#4005=DIRECTION('',(0.,1.,0.));
#4006=DIRECTION('',(0.,-1.,0.));
#4007=DIRECTION('center_axis',(0.,0.,-1.));
#4008=DIRECTION('ref_axis',(0.,1.,0.));
#4009=DIRECTION('',(0.,-1.,0.));
#4010=DIRECTION('',(1.,0.,0.));
#4011=DIRECTION('',(-0.482183709660471,-0.876070128550258,0.));
#4012=DIRECTION('center_axis',(0.,0.,1.));
#4013=DIRECTION('ref_axis',(0.508830173210831,-0.860866920511083,0.));
#4014=DIRECTION('',(1.,0.,0.));
#4015=DIRECTION('center_axis',(0.,0.,1.));
#4016=DIRECTION('ref_axis',(-0.707106781186547,-0.707106781186548,0.));
#4017=DIRECTION('center_axis',(-1.,0.,0.));
#4018=DIRECTION('ref_axis',(0.,0.,1.));
#4019=DIRECTION('',(0.,-0.707106781186548,0.707106781186547));
#4020=DIRECTION('center_axis',(0.,-2.39963995244369E-13,-1.));
#4021=DIRECTION('ref_axis',(1.,0.,0.));
#4022=DIRECTION('center_axis',(0.,0.,1.));
#4023=DIRECTION('ref_axis',(1.,0.,0.));
#4024=DIRECTION('',(0.,2.39963995244369E-13,1.));
#4025=DIRECTION('center_axis',(0.,0.,1.));
#4026=DIRECTION('ref_axis',(1.,0.,0.));
#4027=DIRECTION('center_axis',(0.,-2.39963995244369E-13,-1.));
#4028=DIRECTION('ref_axis',(0.,-1.,2.39963995244369E-13));
#4029=DIRECTION('center_axis',(0.,0.,1.));
#4030=DIRECTION('ref_axis',(0.,-1.,2.39963995244369E-13));
#4031=DIRECTION('',(0.,2.39963995244369E-13,1.));
#4032=DIRECTION('center_axis',(0.,0.,1.));
#4033=DIRECTION('ref_axis',(1.,0.,0.));
#4034=DIRECTION('center_axis',(0.,-2.4002892056761E-13,-1.));
#4035=DIRECTION('ref_axis',(1.,0.,0.));
#4036=DIRECTION('center_axis',(0.,0.,1.));
#4037=DIRECTION('ref_axis',(1.,0.,0.));
#4038=DIRECTION('',(0.,2.4002892056761E-13,1.));
#4039=DIRECTION('center_axis',(0.,0.,1.));
#4040=DIRECTION('ref_axis',(1.,0.,0.));
#4041=DIRECTION('center_axis',(0.,-2.4002892056761E-13,-1.));
#4042=DIRECTION('ref_axis',(1.,0.,0.));
#4043=DIRECTION('center_axis',(0.,0.,1.));
#4044=DIRECTION('ref_axis',(1.,0.,0.));
#4045=DIRECTION('',(0.,2.4002892056761E-13,1.));
#4046=DIRECTION('center_axis',(0.,0.,1.));
#4047=DIRECTION('ref_axis',(1.,0.,0.));
#4048=DIRECTION('center_axis',(0.,0.,1.));
#4049=DIRECTION('ref_axis',(1.,0.,0.));
#4050=DIRECTION('center_axis',(-2.77555756156289E-16,0.,1.));
#4051=DIRECTION('ref_axis',(0.,1.,0.));
#4052=DIRECTION('center_axis',(1.,0.,0.));
#4053=DIRECTION('ref_axis',(0.,0.707106781186547,0.707106781186549));
#4054=DIRECTION('center_axis',(0.,0.,1.));
#4055=DIRECTION('ref_axis',(1.,0.,0.));
#4056=DIRECTION('center_axis',(0.,-0.707106781186549,-0.707106781186546));
#4057=DIRECTION('ref_axis',(0.,-0.707106781186546,0.707106781186549));
#4058=DIRECTION('center_axis',(1.,0.,0.));
#4059=DIRECTION('ref_axis',(0.,-1.,0.));
#4060=DIRECTION('center_axis',(0.,2.77555756156289E-16,1.));
#4061=DIRECTION('ref_axis',(1.,0.,0.));
#4062=DIRECTION('center_axis',(0.,0.,1.));
#4063=DIRECTION('ref_axis',(1.,0.,0.));
#4064=DIRECTION('center_axis',(0.36268781194256,0.658960374783005,-0.658960374783006));
#4065=DIRECTION('ref_axis',(0.,0.707106781186548,0.707106781186547));
#4066=DIRECTION('center_axis',(-1.,0.,-6.28036983473509E-15));
#4067=DIRECTION('ref_axis',(0.,1.,0.));
#4068=DIRECTION('center_axis',(-2.44424020004017E-15,-4.44089209850062E-15,
1.));
#4069=DIRECTION('ref_axis',(-0.876070128550259,0.482183709660471,0.));
#4070=DIRECTION('center_axis',(1.,0.,0.));
#4071=DIRECTION('ref_axis',(0.,0.923879532511286,0.382683432365091));
#4072=DIRECTION('',(-1.,0.,0.));
#4073=DIRECTION('',(1.,0.,0.));
#4074=DIRECTION('center_axis',(0.,0.,1.));
#4075=DIRECTION('ref_axis',(-0.50883017321083,0.860866920511084,0.));
#4076=DIRECTION('center_axis',(0.,0.,1.));
#4077=DIRECTION('ref_axis',(-0.50883017321083,0.860866920511084,0.));
#4078=DIRECTION('',(0.,0.,1.));
#4079=DIRECTION('',(0.,0.,-1.));
#4080=DIRECTION('center_axis',(0.170112439679166,-0.941663177664624,0.290400099340488));
#4081=DIRECTION('ref_axis',(0.475963149477949,0.336556770590882,0.812519920068714));
#4082=DIRECTION('center_axis',(1.,0.,0.));
#4083=DIRECTION('ref_axis',(0.,2.39808173319034E-13,1.));
#4084=DIRECTION('center_axis',(0.,1.,-2.35367281220533E-13));
#4085=DIRECTION('ref_axis',(1.,0.,0.));
#4086=DIRECTION('center_axis',(0.,0.,1.));
#4087=DIRECTION('ref_axis',(1.,0.,0.));
#4088=DIRECTION('center_axis',(-1.,0.,0.));
#4089=DIRECTION('ref_axis',(0.,-0.707106781186547,0.707106781186549));
#4090=DIRECTION('center_axis',(0.362687811942553,-0.658960374783006,-0.658960374783009));
#4091=DIRECTION('ref_axis',(-0.876070128550258,-0.482183709660471,-5.55111512312576E-16));
#4092=DIRECTION('center_axis',(3.16819107410493E-16,0.,1.));
#4093=DIRECTION('ref_axis',(0.,-1.,0.));
#4094=DIRECTION('center_axis',(-0.170112439679059,-0.941663177664698,-0.290400099340312));
#4095=DIRECTION('ref_axis',(0.475963149477987,-0.336556770590675,0.812519920068777));
#4096=DIRECTION('center_axis',(0.,-1.,2.39808173319034E-13));
#4097=DIRECTION('ref_axis',(0.,2.39808173319034E-13,1.));
#4098=DIRECTION('center_axis',(0.,0.707106781186549,0.707106781186546));
#4099=DIRECTION('ref_axis',(1.,0.,0.));
#4100=DIRECTION('center_axis',(-0.240536994649062,-0.849972599586839,0.46870943467866));
#4101=DIRECTION('ref_axis',(-0.388077859351369,0.52682689752099,0.756206979027347));
#4102=DIRECTION('center_axis',(0.482183709660466,0.876070128550261,-2.10088777227009E-13));
#4103=DIRECTION('ref_axis',(0.,2.39808173319034E-13,1.));
#4104=DIRECTION('center_axis',(-1.,-6.66133814775256E-15,6.66133814775254E-15));
#4105=DIRECTION('ref_axis',(0.,0.707106781186546,0.707106781186549));
#4106=DIRECTION('center_axis',(-0.362687811942554,-0.658960374783007,0.658960374783008));
#4107=DIRECTION('ref_axis',(-0.876070128550258,0.482183709660472,0.));
#4108=DIRECTION('center_axis',(1.,0.,0.));
#4109=DIRECTION('ref_axis',(0.,0.3826834323652,0.923879532511241));
#4110=DIRECTION('',(-1.,0.,0.));
#4111=DIRECTION('center_axis',(-0.362687811942554,-0.658960374783008,0.658960374783006));
#4112=DIRECTION('ref_axis',(-0.534954336673465,0.726215955674638,0.431780318446574));
#4113=DIRECTION('',(0.362687811942554,0.658960374783008,-0.658960374783006));
#4114=DIRECTION('',(-0.362687811942554,-0.658960374783008,0.658960374783006));
#4115=DIRECTION('center_axis',(0.,0.,1.));
#4116=DIRECTION('ref_axis',(1.,0.,0.));
#4117=DIRECTION('center_axis',(-0.362687811942554,0.658960374783008,-0.658960374783007));
#4118=DIRECTION('ref_axis',(0.876070128550259,0.482183709660471,0.));
#4119=DIRECTION('center_axis',(3.16819107410493E-16,0.,1.));
#4120=DIRECTION('ref_axis',(0.,1.,0.));
#4121=DIRECTION('center_axis',(1.,-8.32667268468867E-16,8.32667268468864E-16));
#4122=DIRECTION('ref_axis',(0.,0.707106781186547,0.707106781186549));
#4123=DIRECTION('center_axis',(0.,0.,-1.));
#4124=DIRECTION('ref_axis',(0.508830173210831,0.860866920511083,0.));
#4125=DIRECTION('',(0.,0.,1.));
#4126=DIRECTION('',(0.,0.,-1.));
#4127=DIRECTION('center_axis',(0.240536994648995,-0.849972599586933,-0.468709434678523));
#4128=DIRECTION('ref_axis',(-0.388077859351416,-0.526826897520838,0.75620697902743));
#4129=DIRECTION('center_axis',(-0.362687811942554,0.658960374783009,0.658960374783006));
#4130=DIRECTION('ref_axis',(0.,-0.707106781186546,0.707106781186549));
#4131=DIRECTION('center_axis',(0.482183709660471,-0.876070128550258,2.10088777227009E-13));
#4132=DIRECTION('ref_axis',(-0.876070128550258,-0.482183709660472,0.));
#4133=DIRECTION('center_axis',(0.,0.,1.));
#4134=DIRECTION('ref_axis',(1.,0.,0.));
#4135=DIRECTION('center_axis',(-0.362687811942553,-0.658960374783009,-0.658960374783006));
#4136=DIRECTION('ref_axis',(0.,-0.707106781186546,0.707106781186549));
#4137=DIRECTION('center_axis',(1.,0.,-3.92523114670943E-16));
#4138=DIRECTION('ref_axis',(0.,-1.,0.));
#4139=DIRECTION('center_axis',(7.63825062512554E-17,1.38777878078144E-16,
1.));
#4140=DIRECTION('ref_axis',(0.876070128550259,-0.482183709660471,0.));
#4141=DIRECTION('center_axis',(0.240536994649065,-0.849972599586839,0.468709434678658));
#4142=DIRECTION('ref_axis',(0.388077859351373,0.526826897520991,0.756206979027345));
#4143=DIRECTION('center_axis',(-0.482183709660471,0.876070128550259,-2.09821111498727E-13));
#4144=DIRECTION('ref_axis',(0.876070128550259,0.482183709660471,0.));
#4145=DIRECTION('center_axis',(0.362687811942554,-0.658960374783009,0.658960374783006));
#4146=DIRECTION('ref_axis',(0.,0.707106781186546,0.707106781186549));
#4147=DIRECTION('center_axis',(1.,2.35513868802623E-15,-5.64781506688557E-28));
#4148=DIRECTION('ref_axis',(0.,2.39808173319034E-13,1.));
#4149=DIRECTION('center_axis',(-0.362687811942554,0.658960374783008,-0.658960374783006));
#4150=DIRECTION('ref_axis',(0.534954336673467,0.726215955674639,0.431780318446572));
#4151=DIRECTION('',(0.362687811942554,-0.658960374783008,0.658960374783006));
#4152=DIRECTION('',(-0.362687811942554,0.658960374783008,-0.658960374783006));
#4153=DIRECTION('center_axis',(0.,0.,1.));
#4154=DIRECTION('ref_axis',(1.,0.,0.));
#4155=DIRECTION('center_axis',(-1.,0.,0.));
#4156=DIRECTION('ref_axis',(0.,1.,0.));
#4157=DIRECTION('center_axis',(0.,1.66533453693773E-15,1.));
#4158=DIRECTION('ref_axis',(-1.,0.,0.));
#4159=DIRECTION('center_axis',(1.,0.,0.));
#4160=DIRECTION('ref_axis',(0.,0.923879532511286,0.382683432365091));
#4161=DIRECTION('',(-1.,0.,0.));
#4162=DIRECTION('',(1.,0.,0.));
#4163=DIRECTION('center_axis',(0.,0.,-1.));
#4164=DIRECTION('ref_axis',(-0.707106781186549,0.707106781186546,0.));
#4165=DIRECTION('',(0.,0.,-1.));
#4166=DIRECTION('center_axis',(0.,0.,1.));
#4167=DIRECTION('ref_axis',(1.,0.,0.));
#4168=DIRECTION('center_axis',(8.32667268468867E-16,0.,1.));
#4169=DIRECTION('ref_axis',(0.,-1.,0.));
#4170=DIRECTION('center_axis',(-1.,0.,0.));
#4171=DIRECTION('ref_axis',(0.,-0.707106781186547,0.707106781186549));
#4172=DIRECTION('center_axis',(-1.,0.,0.));
#4173=DIRECTION('ref_axis',(0.,-0.923879532511287,0.38268343236509));
#4174=DIRECTION('',(1.,0.,0.));
#4175=DIRECTION('',(-1.,0.,0.));
#4176=DIRECTION('center_axis',(-0.240536994648995,-0.849972599586933,-0.468709434678522));
#4177=DIRECTION('ref_axis',(0.388077859351416,-0.526826897520837,0.75620697902743));
#4178=DIRECTION('center_axis',(1.,1.66533453693734E-15,1.66533453693734E-15));
#4179=DIRECTION('ref_axis',(0.,-0.707106781186546,0.707106781186549));
#4180=DIRECTION('center_axis',(0.362687811942555,0.658960374783009,0.658960374783005));
#4181=DIRECTION('ref_axis',(0.876070128550258,-0.482183709660472,-2.77555756156289E-16));
#4182=DIRECTION('center_axis',(-0.482183709660471,-0.876070128550258,2.10088777227009E-13));
#4183=DIRECTION('ref_axis',(0.,2.39808173319034E-13,1.));
#4184=DIRECTION('center_axis',(0.362687811942554,0.658960374783008,0.658960374783006));
#4185=DIRECTION('ref_axis',(0.534954336673467,-0.726215955674638,0.431780318446572));
#4186=DIRECTION('',(-0.362687811942554,-0.658960374783008,-0.658960374783006));
#4187=DIRECTION('',(0.362687811942554,0.658960374783008,0.658960374783006));
#4188=DIRECTION('center_axis',(0.482183709660472,0.876070128550258,-2.10260418384924E-13));
#4189=DIRECTION('ref_axis',(0.619475128692895,-0.340955370878455,0.707106781186587));
#4190=DIRECTION('center_axis',(-0.48218370966047,-0.876070128550259,2.10088777227009E-13));
#4191=DIRECTION('ref_axis',(0.876070128550259,-0.48218370966047,-2.77555756156289E-16));
#4192=DIRECTION('',(0.482183709660471,0.876070128550258,-2.10260418384924E-13));
#4193=DIRECTION('center_axis',(0.,-2.4000409502932E-13,-1.));
#4194=DIRECTION('ref_axis',(-1.,0.,0.));
#4195=DIRECTION('center_axis',(-0.482183709660472,0.876070128550258,-2.10088777225464E-13));
#4196=DIRECTION('ref_axis',(-0.876070128550258,-0.482183709660472,1.15740750317173E-13));
#4197=DIRECTION('center_axis',(0.,-2.4000409502932E-13,-1.));
#4198=DIRECTION('ref_axis',(-5.55111512312611E-16,1.,-2.40016340136165E-13));
#4199=DIRECTION('center_axis',(0.482183709660472,-0.876070128550258,2.10260418384924E-13));
#4200=DIRECTION('ref_axis',(-0.619475128692893,-0.340955370878455,0.707106781186589));
#4201=DIRECTION('',(0.482183709660471,-0.876070128550258,2.10260418384924E-13));
#4202=DIRECTION('center_axis',(-0.170112439679164,-0.941663177664624,0.290400099340488));
#4203=DIRECTION('ref_axis',(-0.47596314947795,0.336556770590878,0.812519920068714));
#4204=DIRECTION('center_axis',(4.44089209850063E-15,1.,-2.39808173319034E-13));
#4205=DIRECTION('ref_axis',(0.,2.39808173319034E-13,1.));
#4206=DIRECTION('center_axis',(-1.,0.,0.));
#4207=DIRECTION('ref_axis',(0.,0.707106781186546,0.707106781186549));
#4208=DIRECTION('center_axis',(1.,0.,0.));
#4209=DIRECTION('ref_axis',(0.,0.3826834323652,0.923879532511241));
#4210=DIRECTION('',(-1.,0.,0.));
#4211=DIRECTION('center_axis',(0.17011243967906,-0.941663177664697,-0.290400099340312));
#4212=DIRECTION('ref_axis',(-0.475963149477986,-0.336556770590676,0.812519920068777));
#4213=DIRECTION('center_axis',(-1.,0.,0.));
#4214=DIRECTION('ref_axis',(0.,2.39808173319034E-13,1.));
#4215=DIRECTION('center_axis',(0.,-1.,2.39808173319034E-13));
#4216=DIRECTION('ref_axis',(-1.,0.,0.));
#4217=DIRECTION('center_axis',(1.,0.,0.));
#4218=DIRECTION('ref_axis',(0.,-0.382683432364978,0.923879532511333));
#4219=DIRECTION('',(1.,0.,0.));
#4220=DIRECTION('center_axis',(0.,1.,-2.4000409502932E-13));
#4221=DIRECTION('ref_axis',(-0.707106781186548,1.69569985537848E-13,0.707106781186548));
#4222=DIRECTION('center_axis',(0.,0.,1.));
#4223=DIRECTION('ref_axis',(-0.707106781186547,-0.707106781186548,0.));
#4224=DIRECTION('',(0.,0.,1.));
#4225=DIRECTION('center_axis',(-0.482183709660472,-0.876070128550258,2.10260418384924E-13));
#4226=DIRECTION('ref_axis',(-0.619475128692822,0.340955370878755,0.707106781186507));
#4227=DIRECTION('center_axis',(0.482183709660472,0.876070128550258,-2.10088777227009E-13));
#4228=DIRECTION('ref_axis',(-0.876070128550258,0.482183709660472,2.7755575615629E-16));
#4229=DIRECTION('',(-0.482183709660472,-0.876070128550258,2.10260418384924E-13));
#4230=DIRECTION('center_axis',(0.,-2.4000409502932E-13,-1.));
#4231=DIRECTION('ref_axis',(-1.,0.,0.));
#4232=DIRECTION('center_axis',(0.482183709660473,-0.876070128550257,2.10088777226838E-13));
#4233=DIRECTION('ref_axis',(0.876070128550257,0.482183709660473,-1.15740750317173E-13));
#4234=DIRECTION('center_axis',(0.,-2.4000409502932E-13,-1.));
#4235=DIRECTION('ref_axis',(1.11022302462509E-15,-1.,2.40016340136137E-13));
#4236=DIRECTION('center_axis',(-0.482183709660471,0.876070128550258,-2.10260418384924E-13));
#4237=DIRECTION('ref_axis',(0.619475128692822,0.340955370878757,0.707106781186506));
#4238=DIRECTION('',(-0.482183709660471,0.876070128550258,-2.10260418384924E-13));
#4239=DIRECTION('center_axis',(0.,0.,1.));
#4240=DIRECTION('ref_axis',(0.508830173210831,-0.860866920511083,0.));
#4241=DIRECTION('',(0.,0.,1.));
#4242=DIRECTION('',(0.,0.,-1.));
#4243=DIRECTION('center_axis',(0.362687811942554,-0.658960374783008,-0.658960374783006));
#4244=DIRECTION('ref_axis',(-0.534954336673469,-0.726215955674637,0.431780318446572));
#4245=DIRECTION('',(0.362687811942554,-0.658960374783008,-0.658960374783006));
#4246=DIRECTION('center_axis',(0.,-0.707106781186549,-0.707106781186546));
#4247=DIRECTION('ref_axis',(0.707106781186549,-0.499999999999998,0.499999999999999));
#4248=DIRECTION('',(0.,0.707106781186549,0.707106781186546));
#4249=DIRECTION('center_axis',(0.,-1.,2.4000409502932E-13));
#4250=DIRECTION('ref_axis',(0.707106781186549,1.69569985537847E-13,0.707106781186546));
#4251=DIRECTION('',(0.,1.,-2.4000409502932E-13));
#4252=DIRECTION('center_axis',(0.,0.,-1.));
#4253=DIRECTION('ref_axis',(-0.50883017321083,-0.860866920511084,0.));
#4254=DIRECTION('center_axis',(0.,0.,1.));
#4255=DIRECTION('ref_axis',(-0.50883017321083,-0.860866920511084,0.));
#4256=DIRECTION('',(0.,0.,1.));
#4257=DIRECTION('',(0.,0.,-1.));
#4258=DIRECTION('center_axis',(-1.,0.,0.));
#4259=DIRECTION('ref_axis',(0.,-0.923879532511287,0.38268343236509));
#4260=DIRECTION('',(1.,0.,0.));
#4261=DIRECTION('center_axis',(0.,0.,-1.));
#4262=DIRECTION('ref_axis',(0.707106781186549,-0.707106781186546,0.));
#4263=DIRECTION('center_axis',(0.,0.,1.));
#4264=DIRECTION('ref_axis',(0.707106781186549,-0.707106781186546,0.));
#4265=DIRECTION('',(0.,0.,1.));
#4266=DIRECTION('',(0.,0.,-1.));
#4267=DIRECTION('center_axis',(0.,0.,1.));
#4268=DIRECTION('ref_axis',(0.707106781186551,0.707106781186544,0.));
#4269=DIRECTION('center_axis',(0.,0.,1.));
#4270=DIRECTION('ref_axis',(0.707106781186551,0.707106781186544,0.));
#4271=DIRECTION('',(0.,0.,1.));
#4272=DIRECTION('',(0.,0.,-1.));
#4273=DIRECTION('center_axis',(0.,1.,0.));
#4274=DIRECTION('ref_axis',(0.,0.,1.));
#4275=DIRECTION('center_axis',(-0.876070128550258,-0.482183709660471,0.));
#4276=DIRECTION('ref_axis',(0.482183709660471,-0.876070128550258,0.));
#4277=DIRECTION('',(0.,0.,1.));
#4278=DIRECTION('',(-0.482183709660471,0.876070128550258,0.));
#4279=DIRECTION('',(0.,0.,-1.));
#4280=DIRECTION('center_axis',(0.,0.,1.));
#4281=DIRECTION('ref_axis',(-1.,0.,0.));
#4282=DIRECTION('',(0.,0.,1.));
#4283=DIRECTION('center_axis',(0.,0.,-1.));
#4284=DIRECTION('ref_axis',(-1.,0.,0.));
#4285=DIRECTION('center_axis',(0.876070128550258,-0.482183709660472,0.));
#4286=DIRECTION('ref_axis',(0.482183709660472,0.876070128550258,0.));
#4287=DIRECTION('',(0.482183709660472,0.876070128550258,0.));
#4288=DIRECTION('',(0.,0.,1.));
#4289=DIRECTION('',(-0.482183709660472,-0.876070128550258,0.));
#4290=DIRECTION('center_axis',(0.,1.,0.));
#4291=DIRECTION('ref_axis',(0.,0.,1.));
#4292=DIRECTION('',(1.,0.,0.));
#4293=DIRECTION('center_axis',(0.,0.707106781186547,0.707106781186548));
#4294=DIRECTION('ref_axis',(0.,-0.707106781186548,0.707106781186547));
#4295=DIRECTION('center_axis',(0.,0.707106781186547,0.707106781186548));
#4296=DIRECTION('ref_axis',(0.,-0.707106781186548,0.707106781186547));
#4297=DIRECTION('center_axis',(0.,-0.707106781186546,0.707106781186549));
#4298=DIRECTION('ref_axis',(0.,-0.707106781186549,-0.707106781186546));
#4299=DIRECTION('center_axis',(0.,-1.,0.));
#4300=DIRECTION('ref_axis',(1.,0.,0.));
#4301=DIRECTION('',(0.,0.,1.));
#4302=DIRECTION('',(0.,0.,1.));
#4303=DIRECTION('',(1.,0.,0.));
#4304=DIRECTION('center_axis',(-1.,0.,0.));
#4305=DIRECTION('ref_axis',(0.,-1.,0.));
#4306=DIRECTION('',(0.,0.,1.));
#4307=DIRECTION('',(0.,-1.,0.));
#4308=DIRECTION('',(0.,0.,-1.));
#4309=DIRECTION('',(0.,0.707106781186548,-0.707106781186547));
#4310=DIRECTION('center_axis',(-1.,0.,0.));
#4311=DIRECTION('ref_axis',(0.,-1.,0.));
#4312=DIRECTION('',(0.,-1.,0.));
#4313=DIRECTION('',(0.,0.707106781186549,0.707106781186546));
#4314=DIRECTION('',(0.,0.,1.));
#4315=DIRECTION('center_axis',(1.,0.,0.));
#4316=DIRECTION('ref_axis',(0.,1.,0.));
#4317=DIRECTION('',(0.,0.,-1.));
#4318=DIRECTION('',(0.,1.,0.));
#4319=DIRECTION('',(0.,0.,1.));
#4320=DIRECTION('',(0.,1.,0.));
#4321=DIRECTION('center_axis',(0.,1.,0.));
#4322=DIRECTION('ref_axis',(-1.,0.,0.));
#4323=DIRECTION('',(-1.,0.,0.));
#4324=DIRECTION('',(-1.,0.,0.));
#4325=DIRECTION('center_axis',(0.,0.,1.));
#4326=DIRECTION('ref_axis',(1.,0.,0.));
#4327=DIRECTION('',(1.,0.,0.));
#4328=DIRECTION('',(-1.,0.,0.));
#4329=DIRECTION('',(1.,0.,0.));
#4330=DIRECTION('',(0.482183709660472,0.876070128550258,0.));
#4331=DIRECTION('center_axis',(0.,0.,1.));
#4332=DIRECTION('ref_axis',(-1.,0.,0.));
#4333=DIRECTION('',(0.482183709660471,-0.876070128550258,0.));
#4334=DIRECTION('center_axis',(0.,0.,1.));
#4335=DIRECTION('ref_axis',(1.,0.,0.));
#4336=DIRECTION('',(0.,1.,0.));
#4337=DIRECTION('',(1.,0.,0.));
#4338=DIRECTION('',(0.482183709660471,-0.876070128550258,0.));
#4339=DIRECTION('center_axis',(0.,0.,-1.));
#4340=DIRECTION('ref_axis',(1.,0.,0.));
#4341=DIRECTION('',(0.482183709660471,0.876070128550258,0.));
#4342=DIRECTION('',(-1.,0.,0.));
#4343=DIRECTION('',(-0.482183709660471,-0.876070128550258,0.));
#4344=DIRECTION('center_axis',(0.,0.,1.));
#4345=DIRECTION('ref_axis',(1.,0.,0.));
#4346=DIRECTION('',(-0.482183709660471,0.876070128550258,0.));
#4347=DIRECTION('center_axis',(1.,0.,0.));
#4348=DIRECTION('ref_axis',(0.,1.,0.));
#4349=DIRECTION('',(0.,1.,0.));
#4350=DIRECTION('',(0.,0.,1.));
#4351=DIRECTION('center_axis',(0.,-1.,0.));
#4352=DIRECTION('ref_axis',(1.,0.,0.));
#4353=DIRECTION('',(0.,0.,-1.));
#4354=DIRECTION('',(1.,0.,0.));
#4355=DIRECTION('center_axis',(0.,1.,0.));
#4356=DIRECTION('ref_axis',(-1.,0.,0.));
#4357=DIRECTION('center_axis',(0.,0.,1.));
#4358=DIRECTION('ref_axis',(1.,0.,0.));
#4359=DIRECTION('',(0.,0.,1.));
#4360=DIRECTION('',(0.,0.,1.));
#4361=DIRECTION('center_axis',(-0.876070128550258,0.482183709660472,0.));
#4362=DIRECTION('ref_axis',(-0.482183709660471,-0.876070128550258,0.));
#4363=DIRECTION('',(0.,0.,1.));
#4364=DIRECTION('',(0.362687811942554,0.658960374783008,0.658960374783006));
#4365=DIRECTION('center_axis',(0.,-1.,0.));
#4366=DIRECTION('ref_axis',(0.,0.,-1.));
#4367=DIRECTION('',(-1.,0.,0.));
#4368=DIRECTION('center_axis',(-0.876070128550258,0.482183709660472,0.));
#4369=DIRECTION('ref_axis',(-0.482183709660471,-0.876070128550258,0.));
#4370=DIRECTION('',(0.,0.,1.));
#4371=DIRECTION('center_axis',(0.,0.,1.));
#4372=DIRECTION('ref_axis',(-1.,0.,0.));
#4373=DIRECTION('',(0.,0.,1.));
#4374=DIRECTION('',(0.,0.,1.));
#4375=DIRECTION('center_axis',(0.876070128550258,-0.482183709660472,0.));
#4376=DIRECTION('ref_axis',(0.482183709660472,0.876070128550258,0.));
#4377=DIRECTION('',(0.,0.,1.));
#4378=DIRECTION('center_axis',(0.,1.,0.));
#4379=DIRECTION('ref_axis',(0.,0.,1.));
#4380=DIRECTION('',(-1.,0.,0.));
#4381=DIRECTION('center_axis',(0.,-0.707106781186546,0.707106781186549));
#4382=DIRECTION('ref_axis',(0.,-0.707106781186549,-0.707106781186546));
#4383=DIRECTION('',(0.362687811942554,-0.658960374783008,-0.658960374783006));
#4384=DIRECTION('center_axis',(0.,1.,0.));
#4385=DIRECTION('ref_axis',(0.,0.,1.));
#4386=DIRECTION('',(0.,0.,-1.));
#4387=DIRECTION('',(-1.,0.,0.));
#4388=DIRECTION('center_axis',(0.,0.707106781186547,0.707106781186548));
#4389=DIRECTION('ref_axis',(0.,-0.707106781186548,0.707106781186547));
#4390=DIRECTION('',(-0.362687811942554,0.658960374783008,-0.658960374783006));
#4391=DIRECTION('center_axis',(0.,-0.707106781186546,0.707106781186549));
#4392=DIRECTION('ref_axis',(0.,-0.707106781186549,-0.707106781186546));
#4393=DIRECTION('center_axis',(-0.876070128550258,-0.482183709660471,0.));
#4394=DIRECTION('ref_axis',(0.482183709660471,-0.876070128550258,0.));
#4395=DIRECTION('center_axis',(0.876070128550258,0.482183709660472,0.));
#4396=DIRECTION('ref_axis',(-0.482183709660471,0.876070128550258,0.));
#4397=DIRECTION('center_axis',(0.,0.,1.));
#4398=DIRECTION('ref_axis',(1.,0.,0.));
#4399=DIRECTION('',(0.,0.,1.));
#4400=DIRECTION('center_axis',(0.876070128550258,0.482183709660472,0.));
#4401=DIRECTION('ref_axis',(-0.482183709660471,0.876070128550258,0.));
#4402=DIRECTION('',(-0.482183709660471,0.876070128550258,0.));
#4403=DIRECTION('center_axis',(0.,-1.,0.));
#4404=DIRECTION('ref_axis',(0.,0.,-1.));
#4405=DIRECTION('center_axis',(0.,0.,-1.));
#4406=DIRECTION('ref_axis',(0.,1.,0.));
#4407=DIRECTION('',(0.,1.,0.));
#4408=DIRECTION('',(1.,0.,0.));
#4409=DIRECTION('center_axis',(0.,-1.,0.));
#4410=DIRECTION('ref_axis',(0.,0.,-1.));
#4411=DIRECTION('center_axis',(1.,0.,0.));
#4412=DIRECTION('ref_axis',(0.,0.,-1.));
#4413=DIRECTION('',(0.,0.,1.));
#4414=DIRECTION('',(1.,0.,0.));
#4415=CARTESIAN_POINT('',(0.,0.,0.));
#4416=CARTESIAN_POINT('',(0.,0.,0.));
#4417=CARTESIAN_POINT('Origin',(3.,3.,-0.761649281481158));
#4418=CARTESIAN_POINT('',(2.3,3.,-1.));
#4419=CARTESIAN_POINT('Origin',(3.,3.,-1.));
#4420=CARTESIAN_POINT('',(1.9,3.,-0.523298562962316));
#4421=CARTESIAN_POINT('',(2.1,3.,-0.761649281481158));
#4422=CARTESIAN_POINT('Origin',(3.,3.,-0.523298562962316));
#4423=CARTESIAN_POINT('Origin',(3.,3.,-1.));
#4424=CARTESIAN_POINT('Origin',(3.,3.,0.));
#4425=CARTESIAN_POINT('',(1.9,3.,1.51));
#4426=CARTESIAN_POINT('Origin',(3.,3.,1.51));
#4427=CARTESIAN_POINT('',(1.9,3.,0.));
#4428=CARTESIAN_POINT('Origin',(3.,27.,-0.761649281481158));
#4429=CARTESIAN_POINT('',(2.3,27.,-1.));
#4430=CARTESIAN_POINT('Origin',(3.,27.,-1.));
#4431=CARTESIAN_POINT('',(1.9,27.,-0.523298562962316));
#4432=CARTESIAN_POINT('',(2.1,27.,-0.761649281481158));
#4433=CARTESIAN_POINT('Origin',(3.,27.,-0.523298562962316));
#4434=CARTESIAN_POINT('Origin',(3.,27.,-1.));
#4435=CARTESIAN_POINT('Origin',(3.,27.,0.));
#4436=CARTESIAN_POINT('',(1.9,27.,1.51));
#4437=CARTESIAN_POINT('Origin',(3.,27.,1.51));
#4438=CARTESIAN_POINT('',(1.9,27.,0.));
#4439=CARTESIAN_POINT('Origin',(41.999998827013,3.000001172987,-0.761649281481158));
#4440=CARTESIAN_POINT('',(41.2999976540254,3.000001172987,-1.));
#4441=CARTESIAN_POINT('Origin',(41.999998827013,3.000001172987,-1.));
#4442=CARTESIAN_POINT('',(40.8999976540254,3.000001172987,-0.523298562962316));
#4443=CARTESIAN_POINT('',(41.0999976540254,3.000001172987,-0.761649281481158));
#4444=CARTESIAN_POINT('Origin',(41.999998827013,3.000001172987,-0.523298562962316));
#4445=CARTESIAN_POINT('Origin',(41.999998827013,3.000001172987,-1.));
#4446=CARTESIAN_POINT('Origin',(41.999998827013,3.000001172987,0.));
#4447=CARTESIAN_POINT('',(40.8999976540254,3.000001172987,1.51));
#4448=CARTESIAN_POINT('Origin',(41.999998827013,3.000001172987,1.51));
#4449=CARTESIAN_POINT('',(40.8999976540254,3.000001172987,0.));
#4450=CARTESIAN_POINT('Origin',(22.4999994135065,14.9999999999982,1.51));
#4451=CARTESIAN_POINT('',(40.249998827013,3.00000117298518,1.51));
#4452=CARTESIAN_POINT('Origin',(41.999998827013,3.00000117298518,1.51));
#4453=CARTESIAN_POINT('Origin',(41.999998827013,3.00000117298518,4.99999992551212));
#4454=CARTESIAN_POINT('',(40.249998827013,3.00000117298518,4.99999992551212));
#4455=CARTESIAN_POINT('',(40.249998827013,3.00000117298518,4.99999992551212));
#4456=CARTESIAN_POINT('Origin',(41.999998827013,3.00000117298518,4.9999999255));
#4457=CARTESIAN_POINT('Origin',(22.4999994135065,14.9999999999982,1.51));
#4458=CARTESIAN_POINT('',(1.25,26.9999999999982,1.51));
#4459=CARTESIAN_POINT('Origin',(3.,26.9999999999982,1.51));
#4460=CARTESIAN_POINT('Origin',(3.,26.9999999999982,4.99999992551212));
#4461=CARTESIAN_POINT('',(1.25,26.9999999999982,4.99999992551212));
#4462=CARTESIAN_POINT('',(1.25,26.9999999999982,4.99999992551212));
#4463=CARTESIAN_POINT('Origin',(3.,26.9999999999982,4.9999999255));
#4464=CARTESIAN_POINT('Origin',(22.4999994135065,14.9999999999982,1.51));
#4465=CARTESIAN_POINT('',(1.25,2.99999999999818,1.51));
#4466=CARTESIAN_POINT('Origin',(3.,2.99999999999818,1.51));
#4467=CARTESIAN_POINT('Origin',(3.,2.99999999999818,4.99999992551212));
#4468=CARTESIAN_POINT('',(1.25,2.99999999999818,4.99999992551212));
#4469=CARTESIAN_POINT('',(1.25,2.99999999999818,4.99999992551212));
#4470=CARTESIAN_POINT('Origin',(3.,2.99999999999818,4.9999999255));
#4471=CARTESIAN_POINT('Origin',(45.1,48.6857864376336,5.09999992550044));
#4472=CARTESIAN_POINT('',(45.,40.2715728752677,4.99999992550246));
#4473=CARTESIAN_POINT('',(45.,47.0715728752677,4.99999992550083));
#4474=CARTESIAN_POINT('',(45.,48.6857864376336,4.99999992550044));
#4475=CARTESIAN_POINT('',(45.2,46.8715728752678,5.19999992550087));
#4476=CARTESIAN_POINT('',(45.,47.0715728752677,4.99999992550083));
#4477=CARTESIAN_POINT('',(45.2,40.4715728752678,5.19999992550241));
#4478=CARTESIAN_POINT('',(45.2,48.6857864376337,5.19999992550044));
#4479=CARTESIAN_POINT('',(45.2,40.4715728752678,5.19999992550241));
#4480=CARTESIAN_POINT('Origin',(24.5,46.9715728752677,5.09999992550085));
#4481=CARTESIAN_POINT('',(49.2,47.0715728752677,4.99999992550083));
#4482=CARTESIAN_POINT('',(24.5,47.0715728752677,4.99999992550083));
#4483=CARTESIAN_POINT('',(49.,46.8715728752678,5.19999992550087));
#4484=CARTESIAN_POINT('',(49.2,47.0715728752677,4.99999992550083));
#4485=CARTESIAN_POINT('',(24.5,46.8715728752678,5.19999992550087));
#4486=CARTESIAN_POINT('Origin',(49.1,45.4857864376336,5.09999992550121));
#4487=CARTESIAN_POINT('',(49.,40.4715728752678,5.19999992550241));
#4488=CARTESIAN_POINT('',(49.,45.4857864376337,5.19999992550121));
#4489=CARTESIAN_POINT('',(49.2,40.2715728752677,4.99999992550246));
#4490=CARTESIAN_POINT('',(49.2,45.4857864376336,4.99999992550121));
#4491=CARTESIAN_POINT('',(49.2,40.2715728752677,4.99999992550246));
#4492=CARTESIAN_POINT('Origin',(22.6,40.3715728752678,5.09999992550243));
#4493=CARTESIAN_POINT('',(22.6,40.2715728752677,4.99999992550246));
#4494=CARTESIAN_POINT('',(22.6,40.4715728752678,5.19999992550241));
#4495=CARTESIAN_POINT('Origin',(45.2,40.4715728752677,4.99999992550241));
#4496=CARTESIAN_POINT('',(45.2,40.4715728752682,6.79999992550241));
#4497=CARTESIAN_POINT('',(45.2,40.4715728752677,4.99999992550241));
#4498=CARTESIAN_POINT('',(49.,40.4715728752682,6.79999992550241));
#4499=CARTESIAN_POINT('',(22.6,40.4715728752682,6.79999992550241));
#4500=CARTESIAN_POINT('',(49.,40.4715728752677,4.99999992550241));
#4501=CARTESIAN_POINT('Origin',(45.2,46.8715728752677,4.99999992550087));
#4502=CARTESIAN_POINT('',(45.2,46.8715728752682,6.79999992550087));
#4503=CARTESIAN_POINT('',(45.2,46.8715728752677,4.99999992550087));
#4504=CARTESIAN_POINT('',(45.2,48.6857864376341,6.79999992550044));
#4505=CARTESIAN_POINT('Origin',(0.,50.4999999999995,4.9999999255));
#4506=CARTESIAN_POINT('',(-3.,13.4872486268215,4.99999992550889));
#4507=CARTESIAN_POINT('',(0.,13.4872486268215,4.99999992550889));
#4508=CARTESIAN_POINT('',(0.,13.4872486268215,4.99999992550889));
#4509=CARTESIAN_POINT('',(0.,25.1533093019797,4.99999992550609));
#4510=CARTESIAN_POINT('',(0.,34.9101394822003,4.99999992550375));
#4511=CARTESIAN_POINT('',(-3.,25.1533093019797,4.99999992550609));
#4512=CARTESIAN_POINT('',(0.,25.1533093019797,4.99999992550609));
#4513=CARTESIAN_POINT('',(-3.,49.6715728752536,4.9999999255002));
#4514=CARTESIAN_POINT('',(-3.,33.5000000000002,4.99999992550408));
#4515=CARTESIAN_POINT('',(8.07619072711925,49.6715728752536,4.9999999255002));
#4516=CARTESIAN_POINT('',(0.,49.6715728752536,4.9999999255002));
#4517=CARTESIAN_POINT('',(13.9892987144974,38.9281629033953,4.99999992550116));
#4518=CARTESIAN_POINT('',(4.79818861380713,55.627310647522,4.99999992549877));
#4519=CARTESIAN_POINT('',(31.5107012855026,38.9281629033953,4.99999992550278));
#4520=CARTESIAN_POINT('Origin',(22.75,43.75,4.9999999255));
#4521=CARTESIAN_POINT('',(37.4238092728807,49.6715728752536,4.9999999255002));
#4522=CARTESIAN_POINT('',(30.2916911960349,36.7133673713438,4.99999992550331));
#4523=CARTESIAN_POINT('',(52.,49.6715728752536,4.9999999255002));
#4524=CARTESIAN_POINT('',(0.,49.6715728752536,4.9999999255002));
#4525=CARTESIAN_POINT('',(52.,-16.6715728752377,4.99999992551613));
#4526=CARTESIAN_POINT('',(52.,33.5000000000002,4.99999992550408));
#4527=CARTESIAN_POINT('',(37.423809272872,-16.6715728752377,4.99999992551612));
#4528=CARTESIAN_POINT('',(0.,-16.6715728752377,4.99999992551613));
#4529=CARTESIAN_POINT('',(31.5107012855026,-5.92816290339528,4.99999992549885));
#4530=CARTESIAN_POINT('',(21.049901368592,13.07785937471,4.99999992550898));
#4531=CARTESIAN_POINT('',(13.9892987144974,-5.92816290339528,4.99999992551355));
#4532=CARTESIAN_POINT('Origin',(22.75,-10.75,4.9999999255));
#4533=CARTESIAN_POINT('',(8.07619072712803,-16.6715728752377,4.99999992551612));
#4534=CARTESIAN_POINT('',(24.2814174128479,12.7713857758156,4.99999992550906));
#4535=CARTESIAN_POINT('',(-3.,-16.6715728752377,4.99999992551612));
#4536=CARTESIAN_POINT('',(0.,-16.6715728752377,4.99999992551613));
#4537=CARTESIAN_POINT('',(-3.,33.5000000000002,4.99999992550408));
#4538=CARTESIAN_POINT('',(0.,36.1000000000013,4.99999992550346));
#4539=CARTESIAN_POINT('Origin',(3.,36.1000000000013,4.99999992550346));
#4540=CARTESIAN_POINT('',(42.5,39.1000000000013,4.99999992550274));
#4541=CARTESIAN_POINT('Origin',(42.5,36.1000000000013,4.99999992550346));
#4542=CARTESIAN_POINT('',(39.5,-3.89999999999867,4.99999992551306));
#4543=CARTESIAN_POINT('Origin',(42.5,-3.89999999999867,4.99999992551306));
#4544=CARTESIAN_POINT('',(0.,-3.89999999999867,4.99999992551306));
#4545=CARTESIAN_POINT('Origin',(3.,-3.89999999999867,4.99999992551306));
#4546=CARTESIAN_POINT('Origin',(45.1,48.6857864376341,6.89999992550044));
#4547=CARTESIAN_POINT('',(45.,47.0715728752682,6.99999992550083));
#4548=CARTESIAN_POINT('',(45.2,46.8715728752682,6.79999992550087));
#4549=CARTESIAN_POINT('',(45.,40.2715728752682,6.99999992550246));
#4550=CARTESIAN_POINT('',(45.,48.6857864376341,6.99999992550044));
#4551=CARTESIAN_POINT('',(45.,40.2715728752682,6.99999992550246));
#4552=CARTESIAN_POINT('Origin',(24.5,46.9715728752682,6.89999992550085));
#4553=CARTESIAN_POINT('',(49.2,47.0715728752682,6.99999992550083));
#4554=CARTESIAN_POINT('',(24.5,47.0715728752682,6.99999992550083));
#4555=CARTESIAN_POINT('',(49.,46.8715728752682,6.79999992550087));
#4556=CARTESIAN_POINT('',(24.5,46.8715728752682,6.79999992550087));
#4557=CARTESIAN_POINT('',(49.,46.8715728752682,6.79999992550087));
#4558=CARTESIAN_POINT('Origin',(49.1,45.4857864376341,6.89999992550121));
#4559=CARTESIAN_POINT('',(49.2,40.2715728752682,6.99999992550246));
#4560=CARTESIAN_POINT('',(49.2,45.4857864376341,6.99999992550121));
#4561=CARTESIAN_POINT('',(49.,45.485786437634,6.79999992550121));
#4562=CARTESIAN_POINT('',(49.,40.4715728752682,6.79999992550241));
#4563=CARTESIAN_POINT('Origin',(22.6,40.3715728752682,6.89999992550243));
#4564=CARTESIAN_POINT('',(22.6,40.2715728752682,6.99999992550246));
#4565=CARTESIAN_POINT('Origin',(49.,46.8715728752677,4.99999992550087));
#4566=CARTESIAN_POINT('',(49.,46.8715728752677,4.99999992550087));
#4567=CARTESIAN_POINT('Origin',(0.,50.5,6.9999999255));
#4568=CARTESIAN_POINT('',(-3.,49.6715728752541,6.9999999255002));
#4569=CARTESIAN_POINT('',(8.07619072711925,49.6715728752541,6.9999999255002));
#4570=CARTESIAN_POINT('',(0.,49.6715728752541,6.9999999255002));
#4571=CARTESIAN_POINT('',(-3.,-16.6715728752372,6.99999992551612));
#4572=CARTESIAN_POINT('',(-3.,33.5000000000007,6.99999992550408));
#4573=CARTESIAN_POINT('',(8.07619072712803,-16.6715728752372,6.99999992551612));
#4574=CARTESIAN_POINT('',(0.,-16.6715728752372,6.99999992551612));
#4575=CARTESIAN_POINT('',(13.9892987144974,-5.9281629033948,6.99999992551355));
#4576=CARTESIAN_POINT('',(24.2814174128479,12.7713857758161,6.99999992550906));
#4577=CARTESIAN_POINT('',(31.5107012855026,-5.9281629033948,6.99999992551355));
#4578=CARTESIAN_POINT('Origin',(22.75,-10.7499999999995,6.9999999255147));
#4579=CARTESIAN_POINT('',(37.423809272872,-16.6715728752372,6.99999992551612));
#4580=CARTESIAN_POINT('',(21.049901368592,13.0778593747105,6.99999992550898));
#4581=CARTESIAN_POINT('',(52.,-16.6715728752372,6.99999992551612));
#4582=CARTESIAN_POINT('',(0.,-16.6715728752372,6.99999992551612));
#4583=CARTESIAN_POINT('',(52.,49.6715728752541,6.9999999255002));
#4584=CARTESIAN_POINT('',(52.,33.5000000000007,6.99999992550408));
#4585=CARTESIAN_POINT('',(37.4238092728807,49.6715728752541,6.9999999255002));
#4586=CARTESIAN_POINT('',(0.,49.6715728752541,6.9999999255002));
#4587=CARTESIAN_POINT('',(31.5107012855026,38.9281629033958,6.99999992550278));
#4588=CARTESIAN_POINT('',(30.2916911960349,36.7133673713443,6.99999992550331));
#4589=CARTESIAN_POINT('',(13.9892987144974,38.9281629033958,6.99999992550278));
#4590=CARTESIAN_POINT('Origin',(22.75,43.7500000000005,6.99999992550162));
#4591=CARTESIAN_POINT('',(4.79818861380713,55.6273106475225,6.99999992549877));
#4592=CARTESIAN_POINT('Origin',(49.,40.4715728752677,4.99999992550241));
#4593=CARTESIAN_POINT('Origin',(2.22749907475931,-21.6499999999982,6.99999992551732));
#4594=CARTESIAN_POINT('',(2.22749907475931,-21.6499999999992,2.84999992550083));
#4595=CARTESIAN_POINT('',(0.538749537379679,-24.5749999999999,-0.0750000744998702));
#4596=CARTESIAN_POINT('',(3.60868003758461,-19.2577243979382,5.24227552756176));
#4597=CARTESIAN_POINT('',(2.22749907475931,-21.6499999999999,-0.300000074482679));
#4598=CARTESIAN_POINT('',(2.22749907475931,-21.6499999999982,6.99999992551732));
#4599=CARTESIAN_POINT('',(0.538749537379679,-24.5749999999999,-0.300000074481978));
#4600=CARTESIAN_POINT('',(0.538749537379679,-24.5749999999999,-0.300000074481978));
#4601=CARTESIAN_POINT('',(0.538749537379679,-24.5749999999982,6.99999992551802));
#4602=CARTESIAN_POINT('Origin',(0.538749537379679,-24.5749999999982,6.99999992551802));
#4603=CARTESIAN_POINT('',(-2.83874953737962,-24.5749999999999,-0.0750000744999058));
#4604=CARTESIAN_POINT('',(0.269374768689951,-24.5749999999999,-0.0750000744998713));
#4605=CARTESIAN_POINT('',(-2.83874953737962,-24.575,-0.300000074481978));
#4606=CARTESIAN_POINT('',(-2.83874953737962,-24.575,-0.300000074481978));
#4607=CARTESIAN_POINT('',(-2.83874953737962,-24.5749999999982,6.99999992551802));
#4608=CARTESIAN_POINT('Origin',(-2.83874953737962,-24.5749999999982,6.99999992551802));
#4609=CARTESIAN_POINT('',(-3.,-24.2957060059973,0.204293919502649));
#4610=CARTESIAN_POINT('',(-5.26189445547643,-20.377989887753,4.12201003774701));
#4611=CARTESIAN_POINT('',(-4.52749907475929,-21.65,-0.300000074482679));
#4612=CARTESIAN_POINT('',(-4.52749907475929,-21.65,-0.300000074482679));
#4613=CARTESIAN_POINT('',(-4.52749907475929,-21.6499999999995,1.84735842705854));
#4614=CARTESIAN_POINT('',(-4.52749907475929,-21.6499999999982,6.99999992551732));
#4615=CARTESIAN_POINT('Origin',(-3.,-24.295706005998,-2.62413320524422));
#4616=CARTESIAN_POINT('Origin',(0.538749537379622,-18.7249999999982,6.99999992551662));
#4617=CARTESIAN_POINT('',(0.538749537379622,-18.7249999999985,5.77499992550149));
#4618=CARTESIAN_POINT('',(0.0456040905744616,-17.8708470306105,6.62915289488945));
#4619=CARTESIAN_POINT('',(0.538749537379623,-18.7249999999999,-0.300000074483382));
#4620=CARTESIAN_POINT('',(0.538749537379622,-18.7249999999982,6.99999992551662));
#4621=CARTESIAN_POINT('',(2.22749907475931,-21.6499999999999,-0.300000074482679));
#4622=CARTESIAN_POINT('Origin',(-2.83874953737967,-18.7249999999982,6.99999992551662));
#4623=CARTESIAN_POINT('',(-2.83874953737967,-18.7249999999985,5.77499992550146));
#4624=CARTESIAN_POINT('',(-1.41937476868982,-18.7249999999985,5.77499992550147));
#4625=CARTESIAN_POINT('',(-2.83874953737967,-18.725,-0.300000074483382));
#4626=CARTESIAN_POINT('',(-2.83874953737967,-18.7249999999982,6.99999992551662));
#4627=CARTESIAN_POINT('',(0.538749537379622,-18.7249999999999,-0.300000074483382));
#4628=CARTESIAN_POINT('Origin',(-4.52749907475929,-21.6499999999982,6.99999992551732));
#4629=CARTESIAN_POINT('',(-3.,-19.004293994001,5.49570593149899));
#4630=CARTESIAN_POINT('',(-2.66381824411143,-18.4220101122241,6.07798981327587));
#4631=CARTESIAN_POINT('Origin',(-3.,-19.0042939940017,2.66727880675213));
#4632=CARTESIAN_POINT('',(-2.83874953737967,-18.725,-0.300000074483382));
#4633=CARTESIAN_POINT('Origin',(-1.14999999999999,-21.65,-0.300000074482679));
#4634=CARTESIAN_POINT('',(-2.85,-21.65,-0.30000007448268));
#4635=CARTESIAN_POINT('Origin',(-1.15,-21.65,-0.30000007448268));
#4636=CARTESIAN_POINT('Origin',(2.22749907475931,54.6500000000018,6.99999992549901));
#4637=CARTESIAN_POINT('',(2.22749907475931,54.6500000000008,2.84999992549915));
#4638=CARTESIAN_POINT('',(0.538749537379679,51.7250000000015,5.77499992549845));
#4639=CARTESIAN_POINT('',(2.50759059562427,55.1351327449081,2.36486718059192));
#4640=CARTESIAN_POINT('',(2.22749907475931,54.6500000000001,-0.300000074500993));
#4641=CARTESIAN_POINT('',(2.22749907475931,54.6500000000018,6.99999992549901));
#4642=CARTESIAN_POINT('',(0.538749537379679,51.7250000000001,-0.300000074500291));
#4643=CARTESIAN_POINT('',(0.538749537379679,51.7250000000001,-0.300000074500291));
#4644=CARTESIAN_POINT('',(0.538749537379679,51.7250000000018,6.99999992549971));
#4645=CARTESIAN_POINT('Origin',(0.538749537379679,51.7250000000018,6.99999992549971));
#4646=CARTESIAN_POINT('',(-2.83874953737962,51.7250000000015,5.77499992549849));
#4647=CARTESIAN_POINT('',(0.269374768689904,51.7250000000015,5.77499992549845));
#4648=CARTESIAN_POINT('',(-2.83874953737962,51.7250000000001,-0.300000074500291));
#4649=CARTESIAN_POINT('',(-2.83874953737962,51.7250000000001,-0.300000074500291));
#4650=CARTESIAN_POINT('',(-2.83874953737962,51.7250000000018,6.99999992549971));
#4651=CARTESIAN_POINT('Origin',(-2.83874953737962,51.7250000000018,6.99999992549971));
#4652=CARTESIAN_POINT('',(-3.,52.0042939940039,5.49570593149607));
#4653=CARTESIAN_POINT('',(-4.16080501351552,54.014867255093,3.48513267040703));
#4654=CARTESIAN_POINT('',(-4.52749907475929,54.65,-0.300000074500993));
#4655=CARTESIAN_POINT('',(-4.52749907475929,54.65,-0.300000074500993));
#4656=CARTESIAN_POINT('',(-4.52749907475929,54.6500000000005,1.84735842705747));
#4657=CARTESIAN_POINT('',(-4.52749907475929,54.6500000000018,6.99999992549901));
#4658=CARTESIAN_POINT('Origin',(-3.,52.0042939940032,2.66727880675056));
#4659=CARTESIAN_POINT('Origin',(0.538749537379622,57.5750000000018,6.9999999254983));
#4660=CARTESIAN_POINT('',(0.538749537379622,57.5750000000001,-0.0750000745001067));
#4661=CARTESIAN_POINT('',(1.14669353253419,56.5220101122363,0.977989813263721));
#4662=CARTESIAN_POINT('',(0.538749537379623,57.5750000000001,-0.300000074501695));
#4663=CARTESIAN_POINT('',(0.538749537379622,57.5750000000018,6.9999999254983));
#4664=CARTESIAN_POINT('',(2.22749907475931,54.6500000000001,-0.300000074500993));
#4665=CARTESIAN_POINT('Origin',(-2.83874953737967,57.5750000000018,6.9999999254983));
#4666=CARTESIAN_POINT('',(-2.83874953737967,57.5750000000001,-0.0750000745000712));
#4667=CARTESIAN_POINT('',(-1.41937476868986,57.5750000000001,-0.0750000745000889));
#4668=CARTESIAN_POINT('',(-2.83874953737967,57.575,-0.300000074501695));
#4669=CARTESIAN_POINT('',(-2.83874953737967,57.5750000000018,6.9999999254983));
#4670=CARTESIAN_POINT('',(0.538749537379622,57.5750000000001,-0.300000074501695));
#4671=CARTESIAN_POINT('Origin',(-4.52749907475929,54.6500000000018,6.99999992549901));
#4672=CARTESIAN_POINT('',(-3.,57.2957060059977,0.204293919502261));
#4673=CARTESIAN_POINT('',(-3.76490768607137,55.9708470306225,1.52915289487752));
#4674=CARTESIAN_POINT('Origin',(-3.,57.2957060059971,-2.62413320524324));
#4675=CARTESIAN_POINT('',(-2.83874953737967,57.575,-0.300000074501695));
#4676=CARTESIAN_POINT('Origin',(-1.14999999999999,54.65,-0.300000074500993));
#4677=CARTESIAN_POINT('',(-2.85,54.65,-0.300000074500995));
#4678=CARTESIAN_POINT('Origin',(-1.15,54.65,-0.300000074500995));
#4679=CARTESIAN_POINT('Origin',(51.8387495373797,-24.5749999999982,6.99999992551802));
#4680=CARTESIAN_POINT('',(51.8387495373797,-24.5749999999999,-0.0750000744998702));
#4681=CARTESIAN_POINT('',(48.4612504626204,-24.5749999999999,-0.0750000744999058));
#4682=CARTESIAN_POINT('',(25.91937476869,-24.5750000000001,-0.0750000745001433));
#4683=CARTESIAN_POINT('',(51.8387495373797,-24.5749999999999,-0.300000074481978));
#4684=CARTESIAN_POINT('',(51.8387495373797,-24.5749999999982,6.99999992551802));
#4685=CARTESIAN_POINT('',(48.4612504626204,-24.575,-0.300000074481978));
#4686=CARTESIAN_POINT('',(48.4612504626204,-24.575,-0.300000074481978));
#4687=CARTESIAN_POINT('',(48.4612504626204,-24.5749999999982,6.99999992551802));
#4688=CARTESIAN_POINT('Origin',(48.4612504626204,-24.5749999999982,6.99999992551802));
#4689=CARTESIAN_POINT('',(46.7725009252407,-21.6499999999992,2.84999992550077));
#4690=CARTESIAN_POINT('',(42.3738198302392,-14.0312608571623,10.4687390683377));
#4691=CARTESIAN_POINT('',(46.7725009252407,-21.65,-0.300000074482679));
#4692=CARTESIAN_POINT('',(46.7725009252407,-21.65,-0.300000074482679));
#4693=CARTESIAN_POINT('',(46.7725009252407,-21.6499999999982,6.99999992551732));
#4694=CARTESIAN_POINT('Origin',(46.7725009252407,-21.6499999999982,6.99999992551732));
#4695=CARTESIAN_POINT('',(48.4612504626203,-18.7249999999985,5.77499992550146));
#4696=CARTESIAN_POINT('',(44.9718960416045,-24.7687391428146,-0.268739217314597));
#4697=CARTESIAN_POINT('',(48.4612504626203,-18.725,-0.300000074483382));
#4698=CARTESIAN_POINT('',(48.4612504626203,-18.725,-0.300000074483382));
#4699=CARTESIAN_POINT('',(48.4612504626203,-18.7249999999982,6.99999992551662));
#4700=CARTESIAN_POINT('Origin',(48.4612504626203,-18.7249999999982,6.99999992551662));
#4701=CARTESIAN_POINT('',(51.8387495373796,-18.7249999999985,5.77499992550149));
#4702=CARTESIAN_POINT('',(24.2306252313102,-18.7249999999987,5.77499992550125));
#4703=CARTESIAN_POINT('',(51.8387495373796,-18.7249999999999,-0.300000074483382));
#4704=CARTESIAN_POINT('',(51.8387495373796,-18.7249999999999,-0.300000074483382));
#4705=CARTESIAN_POINT('',(51.8387495373796,-18.7249999999982,6.99999992551662));
#4706=CARTESIAN_POINT('Origin',(53.5274990747593,-21.6499999999982,6.99999992551732));
#4707=CARTESIAN_POINT('',(52.,-24.2957060059974,0.204293919502583));
#4708=CARTESIAN_POINT('',(51.2443943233005,-25.6044534285287,-1.10445350302874));
#4709=CARTESIAN_POINT('',(53.5274990747593,-21.6499999999994,1.84735842705857));
#4710=CARTESIAN_POINT('Origin',(52.,-24.2957060059981,-2.62413320524428));
#4711=CARTESIAN_POINT('',(53.5274990747593,-21.6499999999999,-0.300000074482679));
#4712=CARTESIAN_POINT('',(53.5274990747593,-21.6499999999982,6.99999992551732));
#4713=CARTESIAN_POINT('',(51.8387495373797,-24.5749999999999,-0.300000074481978));
#4714=CARTESIAN_POINT('Origin',(51.8387495373796,-18.7249999999982,6.99999992551662));
#4715=CARTESIAN_POINT('',(52.,-19.004293994001,5.49570593149894));
#4716=CARTESIAN_POINT('Origin',(52.,-19.0042939940017,2.66727880675207));
#4717=CARTESIAN_POINT('',(47.68131837629,-11.5241180000198,12.9758819254802));
#4718=CARTESIAN_POINT('',(53.5274990747593,-21.6499999999999,-0.300000074482679));
#4719=CARTESIAN_POINT('Origin',(50.15,-21.65,-0.300000074482679));
#4720=CARTESIAN_POINT('',(48.45,-21.65,-0.30000007448268));
#4721=CARTESIAN_POINT('Origin',(50.15,-21.65,-0.30000007448268));
#4722=CARTESIAN_POINT('Origin',(46.7725009252407,54.6500000000018,6.99999992549901));
#4723=CARTESIAN_POINT('',(46.7725009252407,54.6500000000008,2.84999992549921));
#4724=CARTESIAN_POINT('',(48.4612504626203,57.5750000000001,-0.0750000745000712));
#4725=CARTESIAN_POINT('',(43.8708065996416,49.6241180000298,7.87588192547017));
#4726=CARTESIAN_POINT('',(46.7725009252407,54.65,-0.300000074500993));
#4727=CARTESIAN_POINT('',(46.7725009252407,54.6500000000018,6.99999992549901));
#4728=CARTESIAN_POINT('',(48.4612504626203,57.575,-0.300000074501695));
#4729=CARTESIAN_POINT('',(48.4612504626203,57.575,-0.300000074501695));
#4730=CARTESIAN_POINT('',(48.4612504626203,57.5750000000018,6.9999999254983));
#4731=CARTESIAN_POINT('Origin',(48.4612504626203,57.5750000000018,6.9999999254983));
#4732=CARTESIAN_POINT('',(51.8387495373796,57.5750000000001,-0.0750000745001067));
#4733=CARTESIAN_POINT('',(24.2306252313101,57.5749999999998,-0.0750000744998131));
#4734=CARTESIAN_POINT('',(51.8387495373796,57.5750000000001,-0.300000074501695));
#4735=CARTESIAN_POINT('',(51.8387495373796,57.5750000000001,-0.300000074501695));
#4736=CARTESIAN_POINT('',(51.8387495373796,57.5750000000018,6.9999999254983));
#4737=CARTESIAN_POINT('Origin',(51.8387495373796,57.5750000000018,6.9999999254983));
#4738=CARTESIAN_POINT('',(52.,57.2957060059977,0.204293919502309));
#4739=CARTESIAN_POINT('',(48.7824078182468,62.8687391428292,-5.36873921732918));
#4740=CARTESIAN_POINT('',(53.5274990747593,54.6500000000001,-0.300000074500993));
#4741=CARTESIAN_POINT('',(53.5274990747593,54.6500000000001,-0.300000074500993));
#4742=CARTESIAN_POINT('',(53.5274990747593,54.6500000000006,1.84735842705738));
#4743=CARTESIAN_POINT('',(53.5274990747593,54.6500000000018,6.99999992549901));
#4744=CARTESIAN_POINT('Origin',(52.,57.295706005997,-2.6241332052432));
#4745=CARTESIAN_POINT('Origin',(51.8387495373797,51.7250000000018,6.99999992549971));
#4746=CARTESIAN_POINT('',(51.8387495373797,51.7250000000015,5.77499992549845));
#4747=CARTESIAN_POINT('',(48.4612504626204,51.7250000000015,5.77499992549849));
#4748=CARTESIAN_POINT('',(25.9193747686899,51.7250000000013,5.77499992549872));
#4749=CARTESIAN_POINT('',(51.8387495373797,51.7250000000001,-0.300000074500291));
#4750=CARTESIAN_POINT('',(51.8387495373797,51.7250000000018,6.99999992549971));
#4751=CARTESIAN_POINT('',(48.4612504626204,51.7250000000001,-0.300000074500291));
#4752=CARTESIAN_POINT('',(48.4612504626204,51.7250000000001,-0.300000074500291));
#4753=CARTESIAN_POINT('',(48.4612504626204,51.7250000000018,6.99999992549971));
#4754=CARTESIAN_POINT('Origin',(53.5274990747593,54.6500000000018,6.99999992549901));
#4755=CARTESIAN_POINT('',(52.,52.0042939940039,5.49570593149613));
#4756=CARTESIAN_POINT('',(50.1433048813371,48.7884037143154,8.7115962111846));
#4757=CARTESIAN_POINT('Origin',(52.,52.0042939940032,2.66727880675063));
#4758=CARTESIAN_POINT('',(51.8387495373797,51.7250000000001,-0.300000074500291));
#4759=CARTESIAN_POINT('Origin',(48.4612504626204,51.7250000000018,6.99999992549971));
#4760=CARTESIAN_POINT('',(43.4749092721971,60.3615962856858,-2.86159636018581));
#4761=CARTESIAN_POINT('',(46.7725009252407,54.65,-0.300000074500993));
#4762=CARTESIAN_POINT('Origin',(50.15,54.65,-0.300000074500993));
#4763=CARTESIAN_POINT('',(48.45,54.65,-0.300000074500995));
#4764=CARTESIAN_POINT('Origin',(50.15,54.65,-0.300000074500995));
#4765=CARTESIAN_POINT('Origin',(-3.,-9.08578643761666,12.5857863631371));
#4766=CARTESIAN_POINT('',(-3.,-18.0857864376107,6.41421348788922));
#4767=CARTESIAN_POINT('',(-3.,-10.4999999999898,13.9999999255102));
#4768=CARTESIAN_POINT('',(-5.,-16.6715728752377,4.99999992551613));
#4769=CARTESIAN_POINT('Origin',(-3.,-16.6715728752377,4.99999992551613));
#4770=CARTESIAN_POINT('',(-5.,-23.5,-1.82842719924619));
#4771=CARTESIAN_POINT('',(-5.,-9.08578643761666,12.5857863631371));
#4772=CARTESIAN_POINT('',(-3.,-24.9142135623731,-0.414213636873091));
#4773=CARTESIAN_POINT('Origin',(-3.,-23.5,-1.82842719924619));
#4774=CARTESIAN_POINT('',(-3.,-10.4999999999898,13.9999999255102));
#4775=CARTESIAN_POINT('Origin',(-3.,46.0857864376248,8.58578636312894));
#4776=CARTESIAN_POINT('',(-3.,57.9142135623731,-0.414213636873092));
#4777=CARTESIAN_POINT('',(-3.,47.4999999999979,9.99999992550204));
#4778=CARTESIAN_POINT('',(-5.,56.5,-1.82842719924619));
#4779=CARTESIAN_POINT('Origin',(-3.,56.5,-1.82842719924619));
#4780=CARTESIAN_POINT('',(-5.,49.6715728752536,4.9999999255002));
#4781=CARTESIAN_POINT('',(-5.,46.0857864376248,8.58578636312894));
#4782=CARTESIAN_POINT('',(-3.,51.0857864376267,6.4142134878733));
#4783=CARTESIAN_POINT('Origin',(-3.,49.6715728752536,4.9999999255002));
#4784=CARTESIAN_POINT('',(-3.,47.4999999999979,9.99999992550204));
#4785=CARTESIAN_POINT('Origin',(0.,-17.4999999999837,6.99999992551632));
#4786=CARTESIAN_POINT('',(52.,-18.0857864376107,6.41421348788922));
#4787=CARTESIAN_POINT('',(52.,-10.4999999999898,13.9999999255102));
#4788=CARTESIAN_POINT('',(52.,-18.,6.49999992549998));
#4789=CARTESIAN_POINT('',(52.,-23.625,0.874999925499996));
#4790=CARTESIAN_POINT('',(46.5,-18.,6.49999992549998));
#4791=CARTESIAN_POINT('',(38.25,-18.,6.49999992549998));
#4792=CARTESIAN_POINT('',(46.5,-18.0857864376107,6.41421348788922));
#4793=CARTESIAN_POINT('',(46.5,-22.25,2.24999992549999));
#4794=CARTESIAN_POINT('',(37.423809272872,-18.0857864376107,6.41421348788922));
#4795=CARTESIAN_POINT('',(0.,-18.0857864376107,6.41421348788922));
#4796=CARTESIAN_POINT('',(41.1821343371139,-24.9142135623731,-0.414213636873095));
#4797=CARTESIAN_POINT('',(37.2418054150788,-17.7551071966928,6.74489272880716));
#4798=CARTESIAN_POINT('',(52.,-24.9142135623731,-0.414213636873093));
#4799=CARTESIAN_POINT('',(0.,-24.9142135623731,-0.414213636873093));
#4800=CARTESIAN_POINT('',(52.,-10.4999999999898,13.9999999255102));
#4801=CARTESIAN_POINT('Origin',(52.,46.0857864376248,8.58578636312894));
#4802=CARTESIAN_POINT('',(52.,51.0857864376267,6.4142134878733));
#4803=CARTESIAN_POINT('',(52.,47.4999999999979,9.99999992550204));
#4804=CARTESIAN_POINT('',(54.,49.6715728752536,4.9999999255002));
#4805=CARTESIAN_POINT('Origin',(52.,49.6715728752536,4.99999992550021));
#4806=CARTESIAN_POINT('',(54.,56.5,-1.82842719924619));
#4807=CARTESIAN_POINT('',(54.,46.0857864376248,8.58578636312894));
#4808=CARTESIAN_POINT('',(52.,57.9142135623731,-0.414213636873091));
#4809=CARTESIAN_POINT('Origin',(52.,56.5,-1.82842719924619));
#4810=CARTESIAN_POINT('',(52.,47.4999999999979,9.99999992550204));
#4811=CARTESIAN_POINT('Origin',(-1.15,54.65,-20.));
#4812=CARTESIAN_POINT('',(-2.85,54.65,-5.0000000745));
#4813=CARTESIAN_POINT('Origin',(-1.15,54.65,-5.0000000745));
#4814=CARTESIAN_POINT('',(-2.85,54.65,-20.));
#4815=CARTESIAN_POINT('Origin',(-1.15,-21.65,-20.));
#4816=CARTESIAN_POINT('',(-2.85,-21.65,-5.0000000745));
#4817=CARTESIAN_POINT('Origin',(-1.15,-21.65,-5.0000000745));
#4818=CARTESIAN_POINT('',(-2.85,-21.65,-20.));
#4819=CARTESIAN_POINT('Origin',(50.15,54.65,-20.));
#4820=CARTESIAN_POINT('',(48.45,54.65,-5.0000000745));
#4821=CARTESIAN_POINT('Origin',(50.15,54.65,-5.0000000745));
#4822=CARTESIAN_POINT('',(48.45,54.65,-20.));
#4823=CARTESIAN_POINT('Origin',(50.15,-21.65,-20.));
#4824=CARTESIAN_POINT('',(48.45,-21.65,-5.0000000745));
#4825=CARTESIAN_POINT('Origin',(50.15,-21.65,-5.0000000745));
#4826=CARTESIAN_POINT('',(48.45,-21.65,-20.));
#4827=CARTESIAN_POINT('Origin',(46.5,51.,-5.0000000745));
#4828=CARTESIAN_POINT('',(46.5,51.,3.6715728007538));
#4829=CARTESIAN_POINT('',(52.,51.,3.6715728007538));
#4830=CARTESIAN_POINT('',(23.25,51.,3.6715728007538));
#4831=CARTESIAN_POINT('',(46.5,51.,-5.0000000745));
#4832=CARTESIAN_POINT('',(46.5,51.,-5.0000000745));
#4833=CARTESIAN_POINT('',(52.,51.,-5.0000000745));
#4834=CARTESIAN_POINT('',(46.5,51.,-5.0000000745));
#4835=CARTESIAN_POINT('',(52.,51.,-2.00000007449592));
#4836=CARTESIAN_POINT('Origin',(46.5,56.5,-5.0000000745));
#4837=CARTESIAN_POINT('',(46.5,56.5,-1.82842719924618));
#4838=CARTESIAN_POINT('',(46.5,57.5857864376269,-2.91421363687309));
#4839=CARTESIAN_POINT('',(46.5,56.5,-5.0000000745));
#4840=CARTESIAN_POINT('',(46.5,56.5,-5.0000000745));
#4841=CARTESIAN_POINT('',(46.5,56.5,-5.0000000745));
#4842=CARTESIAN_POINT('Origin',(0.,57.0857864376269,-2.4142136368731));
#4843=CARTESIAN_POINT('',(52.,46.0857864376248,8.58578636312894));
#4844=CARTESIAN_POINT('',(41.1821343371139,56.5,-1.82842719924619));
#4845=CARTESIAN_POINT('',(36.2566248533513,47.5509383868362,7.12063441391758));
#4846=CARTESIAN_POINT('',(0.,56.5,-1.82842719924619));
#4847=CARTESIAN_POINT('Origin',(-3.,51.,-5.0000000745));
#4848=CARTESIAN_POINT('',(-3.,51.,3.6715728007538));
#4849=CARTESIAN_POINT('',(2.5,51.,3.6715728007538));
#4850=CARTESIAN_POINT('',(-1.5,51.,3.6715728007538));
#4851=CARTESIAN_POINT('',(-3.,51.,-5.0000000745));
#4852=CARTESIAN_POINT('',(-3.,51.,-2.00000007449592));
#4853=CARTESIAN_POINT('',(2.5,51.,-5.0000000745));
#4854=CARTESIAN_POINT('',(-3.,51.,-5.0000000745));
#4855=CARTESIAN_POINT('',(2.5,51.,-5.0000000745));
#4856=CARTESIAN_POINT('Origin',(2.5,-18.,-5.0000000745));
#4857=CARTESIAN_POINT('',(2.5,-18.,3.67157280075379));
#4858=CARTESIAN_POINT('',(-3.,-18.,3.67157280075379));
#4859=CARTESIAN_POINT('',(1.25,-18.,3.67157280075379));
#4860=CARTESIAN_POINT('',(2.5,-18.,-5.0000000745));
#4861=CARTESIAN_POINT('',(2.5,-18.,-5.0000000745));
#4862=CARTESIAN_POINT('',(-3.,-18.,-5.0000000745));
#4863=CARTESIAN_POINT('',(-3.,-18.,-5.0000000745));
#4864=CARTESIAN_POINT('',(-3.,-18.,-2.00000007449592));
#4865=CARTESIAN_POINT('Origin',(2.5,-18.,-5.0000000745));
#4866=CARTESIAN_POINT('',(-3.,-18.,6.49508566693555));
#4867=CARTESIAN_POINT('',(2.5,-18.,6.49508566693555));
#4868=CARTESIAN_POINT('',(0.,-18.,6.49508566693555));
#4869=CARTESIAN_POINT('',(-3.,-18.,6.49999992549998));
#4870=CARTESIAN_POINT('',(-3.,-18.,-5.0000000745));
#4871=CARTESIAN_POINT('',(2.5,-18.,6.49999992549998));
#4872=CARTESIAN_POINT('',(13.5,-18.,6.49999992549998));
#4873=CARTESIAN_POINT('',(2.5,-18.,-5.0000000745));
#4874=CARTESIAN_POINT('Origin',(-3.,-18.,-5.0000000745));
#4875=CARTESIAN_POINT('Origin',(-3.,-16.6715728752377,4.99999992551612));
#4876=CARTESIAN_POINT('',(-3.,-22.25,2.24999992549999));
#4877=CARTESIAN_POINT('Origin',(2.5,-23.5,-5.0000000745));
#4878=CARTESIAN_POINT('',(2.5,-18.0857864376107,6.41421348788922));
#4879=CARTESIAN_POINT('Origin',(2.5,-16.6715728752377,4.99999992551612));
#4880=CARTESIAN_POINT('',(2.5,-23.625,0.874999925499996));
#4881=CARTESIAN_POINT('Origin',(-3.,16.5,0.999999925508162));
#4882=CARTESIAN_POINT('',(-3.,13.3202789048,-5.0000000745));
#4883=CARTESIAN_POINT('',(-3.,-25.5,-5.0000000745));
#4884=CARTESIAN_POINT('',(-3.,13.3202789048,4.1999999255));
#4885=CARTESIAN_POINT('',(-3.,13.3202789048,-2.00000007449592));
#4886=CARTESIAN_POINT('Origin',(-3.,15.3202789048,4.1999999255));
#4887=CARTESIAN_POINT('',(-3.,-9.08578643761666,12.5857863631371));
#4888=CARTESIAN_POINT('Origin',(46.5,-18.,-5.0000000745));
#4889=CARTESIAN_POINT('',(46.5,-18.,3.67157280075379));
#4890=CARTESIAN_POINT('',(46.5,-23.5,-1.82842719924619));
#4891=CARTESIAN_POINT('',(46.5,-19.2107864376187,2.46078636313507));
#4892=CARTESIAN_POINT('',(46.5,-18.,-5.0000000745));
#4893=CARTESIAN_POINT('',(46.5,-18.,-5.0000000745));
#4894=CARTESIAN_POINT('',(46.5,-23.5,-5.0000000745));
#4895=CARTESIAN_POINT('',(46.5,-23.5,-5.0000000745));
#4896=CARTESIAN_POINT('',(46.5,-23.5,-3.0000000745));
#4897=CARTESIAN_POINT('Origin',(52.,-18.,-5.0000000745));
#4898=CARTESIAN_POINT('',(52.,-18.,3.67157280075379));
#4899=CARTESIAN_POINT('',(26.,-18.,3.67157280075379));
#4900=CARTESIAN_POINT('',(52.,-18.,-5.0000000745));
#4901=CARTESIAN_POINT('',(52.,-18.,-2.00000007449592));
#4902=CARTESIAN_POINT('',(46.5,-18.,-5.0000000745));
#4903=CARTESIAN_POINT('Origin',(52.,-18.,-5.0000000745));
#4904=CARTESIAN_POINT('',(46.5,-18.,6.49508566693555));
#4905=CARTESIAN_POINT('',(52.,-18.,6.49508566693555));
#4906=CARTESIAN_POINT('',(0.,-18.,6.49508566693555));
#4907=CARTESIAN_POINT('',(46.5,-18.,-5.0000000745));
#4908=CARTESIAN_POINT('',(52.,-18.,-5.0000000745));
#4909=CARTESIAN_POINT('Origin',(52.,-23.5,-5.0000000745));
#4910=CARTESIAN_POINT('Origin',(52.,-16.6715728752377,4.99999992551612));
#4911=CARTESIAN_POINT('Origin',(46.5,-18.,-5.0000000745));
#4912=CARTESIAN_POINT('Origin',(46.5,-16.6715728752377,4.99999992551612));
#4913=CARTESIAN_POINT('Origin',(0.,-16.6715728752377,4.99999992551612));
#4914=CARTESIAN_POINT('Origin',(52.,-16.6715728752377,4.99999992551612));
#4915=CARTESIAN_POINT('Origin',(37.423809272872,-16.6715728752377,4.99999992551612));
#4916=CARTESIAN_POINT('Origin',(0.,-23.5,-1.0000000745));
#4917=CARTESIAN_POINT('',(43.,-23.5,-5.0000000745));
#4918=CARTESIAN_POINT('',(0.,-23.5,-5.0000000745));
#4919=CARTESIAN_POINT('',(43.,-23.5,-3.0000000745));
#4920=CARTESIAN_POINT('',(43.,-23.5,-3.0000000745));
#4921=CARTESIAN_POINT('',(41.1821343371139,-23.5,-3.0000000745));
#4922=CARTESIAN_POINT('',(11.375,-23.5,-3.0000000745));
#4923=CARTESIAN_POINT('',(41.1821343371139,-23.5,-1.82842719924619));
#4924=CARTESIAN_POINT('',(41.1821343371139,-23.5,-3.0000000745));
#4925=CARTESIAN_POINT('',(0.,-23.5,-1.82842719924619));
#4926=CARTESIAN_POINT('Origin',(52.,16.5,0.999999925508162));
#4927=CARTESIAN_POINT('',(52.,-25.5,-5.0000000745));
#4928=CARTESIAN_POINT('',(52.,-9.08578643761666,12.5857863631371));
#4929=CARTESIAN_POINT('Origin',(0.,13.3202789048,-5.0000000745));
#4930=CARTESIAN_POINT('',(-5.,13.3202789048,-5.0000000745));
#4931=CARTESIAN_POINT('',(0.,13.3202789048,-5.0000000745));
#4932=CARTESIAN_POINT('',(-5.,13.3202789048,4.1999999255));
#4933=CARTESIAN_POINT('',(-5.,13.3202789048,-2.00000007449592));
#4934=CARTESIAN_POINT('',(0.,13.3202789048,4.1999999255));
#4935=CARTESIAN_POINT('Origin',(0.,15.3202789048,4.1999999255));
#4936=CARTESIAN_POINT('',(-5.,13.4872486268215,4.99999992550889));
#4937=CARTESIAN_POINT('Origin',(-5.,15.3202789048,4.1999999255));
#4938=CARTESIAN_POINT('',(-4.60000000000634,15.3202789048,6.1999999255));
#4939=CARTESIAN_POINT('Ctrl Pts',(-4.60000000000634,15.3202789048005,6.1999999255));
#4940=CARTESIAN_POINT('Ctrl Pts',(-4.60000000000634,15.1428298933734,6.19999992550004));
#4941=CARTESIAN_POINT('Ctrl Pts',(-4.61974983368804,14.9525621025444,6.17485454380679));
#4942=CARTESIAN_POINT('Ctrl Pts',(-4.68965585791702,14.591363237292,6.07188382524548));
#4943=CARTESIAN_POINT('Ctrl Pts',(-4.73830787418862,14.4201060829741,5.99418692475006));
#4944=CARTESIAN_POINT('Ctrl Pts',(-4.82994813426039,14.1256923612863,5.81344980619405));
#4945=CARTESIAN_POINT('Ctrl Pts',(-4.88122161344572,13.9775370538823,5.69432377882442));
#4946=CARTESIAN_POINT('Ctrl Pts',(-4.96177800351045,13.7206201007083,5.41533996007763));
#4947=CARTESIAN_POINT('Ctrl Pts',(-4.99016826209512,13.6118345579466,5.25524718679167));
#4948=CARTESIAN_POINT('Ctrl Pts',(-4.99921892097119,13.5160934304783,5.06376493185647));
#4949=CARTESIAN_POINT('Ctrl Pts',(-5.,13.5013188562189,5.03223887113775));
#4950=CARTESIAN_POINT('Ctrl Pts',(-5.,13.4872486268215,4.99999992550889));
#4951=CARTESIAN_POINT('',(0.,15.3202789048,6.1999999255));
#4952=CARTESIAN_POINT('',(0.,15.3202789048,6.1999999255));
#4953=CARTESIAN_POINT('Origin',(0.,15.3202789048,4.1999999255));
#4954=CARTESIAN_POINT('Origin',(0.,19.3202789644,0.5999999255));
#4955=CARTESIAN_POINT('',(0.,23.320279024,6.1999999255));
#4956=CARTESIAN_POINT('',(0.,23.320279024,6.1999999255));
#4957=CARTESIAN_POINT('Origin',(0.,23.320279024,4.1999999255));
#4958=CARTESIAN_POINT('Origin',(0.,25.320279024,4.1999999255));
#4959=CARTESIAN_POINT('',(-3.,25.320279024,4.1999999255));
#4960=CARTESIAN_POINT('',(-3.,25.320279024,-5.0000000745));
#4961=CARTESIAN_POINT('',(-3.,25.320279024,2.59999992550408));
#4962=CARTESIAN_POINT('',(-5.,25.320279024,4.1999999255));
#4963=CARTESIAN_POINT('',(0.,25.320279024,4.1999999255));
#4964=CARTESIAN_POINT('',(-5.,25.320279024,-5.0000000745));
#4965=CARTESIAN_POINT('',(-5.,25.320279024,2.59999992550408));
#4966=CARTESIAN_POINT('',(0.,25.320279024,-5.0000000745));
#4967=CARTESIAN_POINT('Origin',(0.,23.320279024,4.1999999255));
#4968=CARTESIAN_POINT('Origin',(-3.,23.320279024,4.1999999255));
#4969=CARTESIAN_POINT('',(-4.6000000000049,23.320279024,6.1999999255));
#4970=CARTESIAN_POINT('',(0.,23.320279024,6.1999999255));
#4971=CARTESIAN_POINT('',(-5.,25.1533093019797,4.99999992550609));
#4972=CARTESIAN_POINT('Ctrl Pts',(-5.,25.1533093019797,4.99999992550609));
#4973=CARTESIAN_POINT('Ctrl Pts',(-5.,25.1392390725823,5.03223887113526));
#4974=CARTESIAN_POINT('Ctrl Pts',(-4.99921892097118,25.1244644983227,5.06376493185427));
#4975=CARTESIAN_POINT('Ctrl Pts',(-4.990168262095,25.0287233708545,5.25524718678994));
#4976=CARTESIAN_POINT('Ctrl Pts',(-4.96177800351022,24.9199378280929,5.41533996007611));
#4977=CARTESIAN_POINT('Ctrl Pts',(-4.8812216134452,24.663020874919,5.69432377882329));
#4978=CARTESIAN_POINT('Ctrl Pts',(-4.82994813425971,24.514865567515,5.81344980619311));
#4979=CARTESIAN_POINT('Ctrl Pts',(-4.73830787418765,24.2204518458272,5.99418692474943));
#4980=CARTESIAN_POINT('Ctrl Pts',(-4.68965585791589,24.0491946915092,6.071883825245));
#4981=CARTESIAN_POINT('Ctrl Pts',(-4.61974983368668,23.6879958262568,6.17485454380658));
#4982=CARTESIAN_POINT('Ctrl Pts',(-4.6000000000049,23.4977280354277,6.19999992549996));
#4983=CARTESIAN_POINT('Ctrl Pts',(-4.6000000000049,23.3202790240005,6.1999999255));
#4984=CARTESIAN_POINT('Origin',(-5.,23.320279024,4.1999999255));
#4985=CARTESIAN_POINT('Origin',(0.,15.3202789048,6.1999999255));
#4986=CARTESIAN_POINT('',(-4.60000000000306,33.5000000000005,6.1999999255));
#4987=CARTESIAN_POINT('Origin',(-5.,16.5,0.999999925508162));
#4988=CARTESIAN_POINT('',(-5.,33.5000000000002,4.99999992550408));
#4989=CARTESIAN_POINT('',(-5.,56.5,-5.0000000745));
#4990=CARTESIAN_POINT('',(-5.,56.5,-2.00000007449592));
#4991=CARTESIAN_POINT('',(-5.,-25.5,-5.0000000745));
#4992=CARTESIAN_POINT('Origin',(-5.,16.5,0.999999925508162));
#4993=CARTESIAN_POINT('',(-5.,-23.5,-5.0000000745));
#4994=CARTESIAN_POINT('',(-5.,-25.5,-5.0000000745));
#4995=CARTESIAN_POINT('',(-5.,-23.5,-7.44959188780925E-8));
#4996=CARTESIAN_POINT('',(-5.,33.5000000000002,4.99999992550408));
#4997=CARTESIAN_POINT('Origin',(0.,-25.5,-5.0000000745));
#4998=CARTESIAN_POINT('',(-3.,58.5,-5.0000000745));
#4999=CARTESIAN_POINT('Origin',(-3.,56.5,-5.0000000745));
#5000=CARTESIAN_POINT('',(4.31786566288609,58.5,-5.0000000745));
#5001=CARTESIAN_POINT('',(0.,58.5,-5.0000000745));
#5002=CARTESIAN_POINT('',(6.07000591998661,57.4643674193209,-5.0000000745));
#5003=CARTESIAN_POINT('Origin',(4.31786566288609,56.5,-5.0000000745));
#5004=CARTESIAN_POINT('',(6.32559094405786,57.,-5.0000000745));
#5005=CARTESIAN_POINT('',(22.6025451621775,27.4267210015957,-5.0000000745));
#5006=CARTESIAN_POINT('',(2.5,57.,-5.0000000745));
#5007=CARTESIAN_POINT('',(21.5,57.,-5.0000000745));
#5008=CARTESIAN_POINT('',(2.5,51.,-5.0000000745));
#5009=CARTESIAN_POINT('',(-3.,-25.5,-5.0000000745));
#5010=CARTESIAN_POINT('Origin',(0.,-25.5,-5.0000000745));
#5011=CARTESIAN_POINT('',(2.5,-24.,-5.0000000745));
#5012=CARTESIAN_POINT('',(2.5,15.75,-5.0000000745));
#5013=CARTESIAN_POINT('',(6.32559094405787,-24.,-5.0000000745));
#5014=CARTESIAN_POINT('',(1.25,-24.,-5.0000000745));
#5015=CARTESIAN_POINT('',(6.07000591998661,-24.4643674193209,-5.0000000745));
#5016=CARTESIAN_POINT('',(9.98134137867865,-17.3579387087526,-5.0000000745));
#5017=CARTESIAN_POINT('',(4.31786566288609,-25.5,-5.0000000745));
#5018=CARTESIAN_POINT('Origin',(4.31786566288609,-23.5,-5.0000000745));
#5019=CARTESIAN_POINT('',(-3.,-25.5,-5.0000000745));
#5020=CARTESIAN_POINT('',(0.,-25.5,-5.0000000745));
#5021=CARTESIAN_POINT('Origin',(-3.,-23.5,-5.0000000745));
#5022=CARTESIAN_POINT('Origin',(-3.,16.5,0.999999925508162));
#5023=CARTESIAN_POINT('',(-3.,46.0857864376248,8.58578636312894));
#5024=CARTESIAN_POINT('Origin',(3.,36.1000000000013,4.99999992550346));
#5025=CARTESIAN_POINT('',(0.,36.0999999999979,-9.4));
#5026=CARTESIAN_POINT('Origin',(3.,36.0999999999979,-9.4));
#5027=CARTESIAN_POINT('',(0.,36.1000000000013,4.99999992550346));
#5028=CARTESIAN_POINT('Origin',(22.75,36.0999999999977,-9.4));
#5029=CARTESIAN_POINT('Origin',(42.5,36.1000000000013,4.99999992550346));
#5030=CARTESIAN_POINT('',(42.5,39.0999999999979,-9.40000000000072));
#5031=CARTESIAN_POINT('Origin',(42.5,36.0999999999979,-9.4));
#5032=CARTESIAN_POINT('',(42.5,39.1000000000013,4.99999992550274));
#5033=CARTESIAN_POINT('Origin',(22.75,36.0999999999977,-9.4));
#5034=CARTESIAN_POINT('Origin',(42.5,-3.89999999999867,4.99999992551306));
#5035=CARTESIAN_POINT('',(39.5,-3.90000000000212,-9.4));
#5036=CARTESIAN_POINT('Origin',(42.5,-3.90000000000212,-9.4));
#5037=CARTESIAN_POINT('',(39.5,-3.89999999999867,4.99999992551306));
#5038=CARTESIAN_POINT('Origin',(22.75,-3.90000000000227,-9.4));
#5039=CARTESIAN_POINT('Origin',(3.,-3.89999999999867,4.99999992551306));
#5040=CARTESIAN_POINT('',(0.,-3.90000000000212,-9.4));
#5041=CARTESIAN_POINT('Origin',(3.,-3.90000000000212,-9.4));
#5042=CARTESIAN_POINT('',(0.,-3.89999999999867,4.99999992551306));
#5043=CARTESIAN_POINT('Origin',(22.75,-3.90000000000227,-9.4));
#5044=CARTESIAN_POINT('Origin',(52.,56.5,-1.82842719924619));
#5045=CARTESIAN_POINT('',(52.,58.5,-1.82842719924619));
#5046=CARTESIAN_POINT('Origin',(52.,56.5,-1.82842719924619));
#5047=CARTESIAN_POINT('Origin',(52.,56.5,-1.82842719924619));
#5048=CARTESIAN_POINT('Origin',(52.,-23.5,-1.82842719924619));
#5049=CARTESIAN_POINT('',(54.,-23.5,-1.82842719924619));
#5050=CARTESIAN_POINT('Origin',(52.,-23.5,-1.82842719924619));
#5051=CARTESIAN_POINT('',(52.,-25.5,-1.82842719924619));
#5052=CARTESIAN_POINT('Origin',(52.,-23.5,-1.82842719924619));
#5053=CARTESIAN_POINT('Origin',(52.,-23.5,-1.82842719924619));
#5054=CARTESIAN_POINT('Origin',(41.1821343371139,56.5,-1.82842719924619));
#5055=CARTESIAN_POINT('',(41.1821343371139,57.9142135623731,-0.414213636873092));
#5056=CARTESIAN_POINT('',(39.4299940800134,57.4643674193209,-1.8284271992462));
#5057=CARTESIAN_POINT('Origin',(41.1821343371139,56.5,-1.82842719924619));
#5058=CARTESIAN_POINT('',(41.1821343371139,58.5,-1.82842719924619));
#5059=CARTESIAN_POINT('Origin',(41.1821343371139,56.5,-1.82842719924619));
#5060=CARTESIAN_POINT('Origin',(41.1821343371139,56.5,-1.8284271992462));
#5061=CARTESIAN_POINT('Origin',(0.,56.5,-1.82842719924619));
#5062=CARTESIAN_POINT('',(0.,58.5,-1.82842719924619));
#5063=CARTESIAN_POINT('',(0.,57.9142135623731,-0.414213636873092));
#5064=CARTESIAN_POINT('Origin',(41.1821343371139,56.5,-5.0000000745));
#5065=CARTESIAN_POINT('',(41.1821343371139,58.5,-5.0000000745));
#5066=CARTESIAN_POINT('',(39.4299940800134,57.464367419321,-5.0000000745));
#5067=CARTESIAN_POINT('Origin',(41.1821343371139,56.5,-5.0000000745));
#5068=CARTESIAN_POINT('',(39.4299940800134,57.4643674193209,-5.0000000745));
#5069=CARTESIAN_POINT('',(41.1821343371139,58.5,-5.0000000745));
#5070=CARTESIAN_POINT('Origin',(52.,49.6715728752536,4.9999999255002));
#5071=CARTESIAN_POINT('Origin',(52.,49.6715728752536,4.9999999255002));
#5072=CARTESIAN_POINT('Origin',(52.,49.6715728752536,4.9999999255002));
#5073=CARTESIAN_POINT('Origin',(41.1821343371139,-23.5,-1.82842719924619));
#5074=CARTESIAN_POINT('',(41.1821343371139,-25.5,-1.82842719924619));
#5075=CARTESIAN_POINT('Origin',(41.1821343371139,-23.5,-1.82842719924619));
#5076=CARTESIAN_POINT('',(39.4299940800134,-24.4643674193209,-1.82842719924619));
#5077=CARTESIAN_POINT('Origin',(41.1821343371139,-23.5,-1.82842719924619));
#5078=CARTESIAN_POINT('Origin',(41.1821343371139,-23.5,-1.82842719924619));
#5079=CARTESIAN_POINT('Origin',(52.,-16.6715728752377,4.99999992551612));
#5080=CARTESIAN_POINT('',(54.,-16.6715728752377,4.99999992551612));
#5081=CARTESIAN_POINT('Origin',(52.,-16.6715728752377,4.99999992551612));
#5082=CARTESIAN_POINT('Origin',(52.,-16.6715728752377,4.99999992551613));
#5083=CARTESIAN_POINT('Origin',(37.4238092728807,49.6715728752536,4.9999999255002));
#5084=CARTESIAN_POINT('',(35.6716690157802,50.6359402945745,4.9999999255002));
#5085=CARTESIAN_POINT('Origin',(37.4238092728807,49.6715728752536,4.9999999255002));
#5086=CARTESIAN_POINT('',(37.4238092728807,51.0857864376267,6.4142134878733));
#5087=CARTESIAN_POINT('Origin',(37.4238092728807,49.6715728752536,4.9999999255002));
#5088=CARTESIAN_POINT('Origin',(37.4238092728807,49.6715728752536,4.9999999255002));
#5089=CARTESIAN_POINT('Origin',(0.,49.6715728752536,4.9999999255002));
#5090=CARTESIAN_POINT('',(0.,51.0857864376267,6.4142134878733));
#5091=CARTESIAN_POINT('Origin',(36.2566248533513,47.5509383868362,7.12063441391758));
#5092=CARTESIAN_POINT('',(36.2566248533513,48.9651519492093,8.53484797629068));
#5093=CARTESIAN_POINT('',(34.5044845962508,48.5153058061571,7.12063441391758));
#5094=CARTESIAN_POINT('Origin',(4.31786566288609,56.5,-1.82842719924619));
#5095=CARTESIAN_POINT('',(6.0700059199866,57.4643674193209,-1.82842719924619));
#5096=CARTESIAN_POINT('',(4.31786566288608,57.9142135623731,-0.414213636873093));
#5097=CARTESIAN_POINT('Origin',(4.31786566288608,56.5,-1.82842719924619));
#5098=CARTESIAN_POINT('',(4.31786566288609,58.5,-1.82842719924619));
#5099=CARTESIAN_POINT('Origin',(4.31786566288609,56.5,-1.82842719924619));
#5100=CARTESIAN_POINT('Origin',(4.31786566288608,56.5,-1.82842719924619));
#5101=CARTESIAN_POINT('Origin',(4.31786566288609,56.5,-5.0000000745));
#5102=CARTESIAN_POINT('',(4.31786566288609,58.5,-5.0000000745));
#5103=CARTESIAN_POINT('',(6.0700059199866,57.4643674193209,-5.0000000745));
#5104=CARTESIAN_POINT('Origin',(37.423809272872,-16.6715728752377,4.99999992551612));
#5105=CARTESIAN_POINT('',(35.6716690157715,-17.6359402945586,4.99999992551613));
#5106=CARTESIAN_POINT('Origin',(37.423809272872,-16.6715728752377,4.99999992551613));
#5107=CARTESIAN_POINT('Origin',(37.423809272872,-16.6715728752377,4.99999992551612));
#5108=CARTESIAN_POINT('Origin',(4.31786566288609,-23.5,-1.82842719924619));
#5109=CARTESIAN_POINT('',(4.31786566288609,-24.9142135623731,-0.414213636873093));
#5110=CARTESIAN_POINT('',(6.07000591998661,-24.4643674193209,-1.82842719924619));
#5111=CARTESIAN_POINT('Origin',(4.31786566288609,-23.5,-1.82842719924619));
#5112=CARTESIAN_POINT('',(4.31786566288609,-25.5,-1.82842719924619));
#5113=CARTESIAN_POINT('Origin',(4.31786566288609,-23.5,-1.82842719924619));
#5114=CARTESIAN_POINT('Origin',(4.31786566288609,-23.5,-1.82842719924619));
#5115=CARTESIAN_POINT('Origin',(8.07619072711925,49.6715728752536,4.9999999255002));
#5116=CARTESIAN_POINT('',(9.82833098421977,50.6359402945745,4.9999999255002));
#5117=CARTESIAN_POINT('Origin',(8.07619072711925,49.6715728752536,4.9999999255002));
#5118=CARTESIAN_POINT('',(8.07619072711925,51.0857864376267,6.4142134878733));
#5119=CARTESIAN_POINT('Origin',(8.07619072711925,49.6715728752536,4.9999999255002));
#5120=CARTESIAN_POINT('Origin',(8.07619072711925,49.6715728752536,4.9999999255002));
#5121=CARTESIAN_POINT('Origin',(3.35362869982649,58.251903233677,-3.58033043292314));
#5122=CARTESIAN_POINT('',(3.35362869982649,59.6661167960501,-2.16611687055005));
#5123=CARTESIAN_POINT('',(5.10576895692701,59.2162706529979,-3.58033043292314));
#5124=CARTESIAN_POINT('Origin',(-3.,56.5,-1.82842719924619));
#5125=CARTESIAN_POINT('',(-3.,58.5,-1.82842719924619));
#5126=CARTESIAN_POINT('Origin',(-3.,56.5,-1.82842719924619));
#5127=CARTESIAN_POINT('Origin',(-3.,56.5,-1.82842719924618));
#5128=CARTESIAN_POINT('Origin',(0.,56.5,-1.82842719924619));
#5129=CARTESIAN_POINT('',(0.,58.5,-1.82842719924619));
#5130=CARTESIAN_POINT('',(0.,57.9142135623731,-0.414213636873092));
#5131=CARTESIAN_POINT('Origin',(-3.,56.5,-2.00000007449592));
#5132=CARTESIAN_POINT('',(-3.,58.5,-2.00000007449592));
#5133=CARTESIAN_POINT('Origin',(-3.,-23.5,-1.82842719924619));
#5134=CARTESIAN_POINT('',(-3.,-25.5,-1.82842719924619));
#5135=CARTESIAN_POINT('Origin',(-3.,-23.5,-1.82842719924619));
#5136=CARTESIAN_POINT('Origin',(-3.,-23.5,-1.82842719924619));
#5137=CARTESIAN_POINT('Origin',(0.,-23.5,-1.82842719924619));
#5138=CARTESIAN_POINT('',(0.,-25.5,-1.82842719924619));
#5139=CARTESIAN_POINT('',(0.,-24.9142135623731,-0.414213636873093));
#5140=CARTESIAN_POINT('Origin',(8.07619072712803,-16.6715728752377,4.99999992551613));
#5141=CARTESIAN_POINT('',(8.07619072712803,-18.0857864376107,6.41421348788923));
#5142=CARTESIAN_POINT('Origin',(8.07619072712803,-16.6715728752377,4.99999992551612));
#5143=CARTESIAN_POINT('',(9.82833098422854,-17.6359402945586,4.99999992551612));
#5144=CARTESIAN_POINT('Origin',(8.07619072712803,-16.6715728752377,4.99999992551613));
#5145=CARTESIAN_POINT('Origin',(8.07619072712802,-16.6715728752377,4.99999992551612));
#5146=CARTESIAN_POINT('Origin',(8.16275960535212,-16.5142875776327,5.15728522312112));
#5147=CARTESIAN_POINT('',(8.16275960535212,-17.9285011400058,6.57149878549422));
#5148=CARTESIAN_POINT('',(9.91489986245263,-17.4786549969536,5.15728522312112));
#5149=CARTESIAN_POINT('Origin',(24.2814174128479,12.7713857758156,4.99999992550906));
#5150=CARTESIAN_POINT('',(15.7414389715979,-6.89253032271623,4.99999992551355));
#5151=CARTESIAN_POINT('Origin',(13.9892987144974,-5.92816290339528,4.99999992551355));
#5152=CARTESIAN_POINT('',(26.0335576699485,11.8070183564946,4.99999992550906));
#5153=CARTESIAN_POINT('Origin',(22.75,-10.75,4.9999999255));
#5154=CARTESIAN_POINT('',(29.7585610284021,-6.89253032271622,4.99999992549908));
#5155=CARTESIAN_POINT('Origin',(31.5107012855026,-5.92816290339528,4.99999992549885));
#5156=CARTESIAN_POINT('Origin',(22.75,-10.75,4.9999999255));
#5157=CARTESIAN_POINT('Origin',(21.049901368592,13.07785937471,4.99999992550898));
#5158=CARTESIAN_POINT('',(19.2977611114915,12.113491955389,4.99999992550898));
#5159=CARTESIAN_POINT('Origin',(-3.,49.6715728752536,4.9999999255002));
#5160=CARTESIAN_POINT('Origin',(-3.,49.6715728752536,4.9999999255002));
#5161=CARTESIAN_POINT('Origin',(-3.,49.6715728752536,4.9999999255002));
#5162=CARTESIAN_POINT('Origin',(0.,49.6715728752536,4.9999999255002));
#5163=CARTESIAN_POINT('',(0.,51.0857864376267,6.4142134878733));
#5164=CARTESIAN_POINT('Origin',(-3.,-16.6715728752377,4.99999992551612));
#5165=CARTESIAN_POINT('Origin',(-3.,-16.6715728752377,4.99999992551612));
#5166=CARTESIAN_POINT('Origin',(-3.,-16.6715728752377,4.99999992551612));
#5167=CARTESIAN_POINT('Origin',(0.,-16.6715728752377,4.99999992551612));
#5168=CARTESIAN_POINT('',(0.,-18.0857864376107,6.41421348788922));
#5169=CARTESIAN_POINT('Origin',(-3.,33.5000000000002,4.99999992550408));
#5170=CARTESIAN_POINT('Origin',(-3.,-23.5,-7.44959188780925E-8));
#5171=CARTESIAN_POINT('',(-3.,-25.5,-7.44959188780925E-8));
#5172=CARTESIAN_POINT('Origin',(30.2916911960349,36.7133673713438,4.99999992550331));
#5173=CARTESIAN_POINT('',(29.7585610284021,39.8925303227162,4.99999992550278));
#5174=CARTESIAN_POINT('Origin',(31.5107012855026,38.9281629033953,4.99999992550278));
#5175=CARTESIAN_POINT('',(28.5395509389344,37.6777347906648,4.99999992550331));
#5176=CARTESIAN_POINT('Origin',(22.75,43.75,4.9999999255));
#5177=CARTESIAN_POINT('',(15.7414389715979,39.8925303227162,4.99999992550093));
#5178=CARTESIAN_POINT('Origin',(13.9892987144974,38.9281629033953,4.99999992550116));
#5179=CARTESIAN_POINT('Origin',(22.75,43.75,4.9999999255));
#5180=CARTESIAN_POINT('Origin',(4.79818861380713,55.627310647522,4.99999992549877));
#5181=CARTESIAN_POINT('',(6.55032887090765,56.5916780668429,4.99999992549877));
#5182=CARTESIAN_POINT('Origin',(4.31786566288609,-23.5,-3.0000000745));
#5183=CARTESIAN_POINT('',(6.07000591998661,-24.4643674193209,-3.0000000745));
#5184=CARTESIAN_POINT('',(4.31786566288609,-25.5,-3.0000000745));
#5185=CARTESIAN_POINT('Origin',(37.2418054150788,-16.3408936343197,5.33067916643406));
#5186=CARTESIAN_POINT('',(35.4896651579783,-17.3052610536407,5.33067916643406));
#5187=CARTESIAN_POINT('Origin',(52.,-9.08578643761666,12.5857863631371));
#5188=CARTESIAN_POINT('',(54.,-9.08578643761666,12.5857863631371));
#5189=CARTESIAN_POINT('Origin',(52.,33.5000000000002,4.99999992550408));
#5190=CARTESIAN_POINT('',(54.,33.5000000000002,4.99999992550408));
#5191=CARTESIAN_POINT('Origin',(41.1821343371139,-23.5,-3.0000000745));
#5192=CARTESIAN_POINT('',(39.4299940800134,-24.4643674193209,-5.0000000745));
#5193=CARTESIAN_POINT('',(41.1821343371139,-25.5,-5.0000000745));
#5194=CARTESIAN_POINT('Origin',(41.1821343371139,-23.5,-5.0000000745));
#5195=CARTESIAN_POINT('',(41.1821343371139,-25.5,-3.0000000745));
#5196=CARTESIAN_POINT('',(39.4299940800134,-24.4643674193209,-3.0000000745));
#5197=CARTESIAN_POINT('Origin',(0.,-23.5,-1.82842719924619));
#5198=CARTESIAN_POINT('',(0.,-25.5,-1.82842719924619));
#5199=CARTESIAN_POINT('Origin',(52.,-23.5,-7.44959188780925E-8));
#5200=CARTESIAN_POINT('',(52.,-25.5,-5.0000000745));
#5201=CARTESIAN_POINT('',(54.,-23.5,-5.0000000745));
#5202=CARTESIAN_POINT('Origin',(52.,-23.5,-5.0000000745));
#5203=CARTESIAN_POINT('',(54.,-23.5,-7.44959188780925E-8));
#5204=CARTESIAN_POINT('',(52.,-25.5,-7.44959188780925E-8));
#5205=CARTESIAN_POINT('Origin',(52.,56.5,-2.00000007449592));
#5206=CARTESIAN_POINT('',(54.,56.5,-5.0000000745));
#5207=CARTESIAN_POINT('',(52.,58.5,-5.0000000745));
#5208=CARTESIAN_POINT('Origin',(52.,56.5,-5.0000000745));
#5209=CARTESIAN_POINT('',(52.,58.5,-2.00000007449592));
#5210=CARTESIAN_POINT('',(54.,56.5,-2.00000007449592));
#5211=CARTESIAN_POINT('Origin',(0.,58.5,-5.0000000745));
#5212=CARTESIAN_POINT('Origin',(5.50000000000001,58.5,-5.0000000745));
#5213=CARTESIAN_POINT('',(15.7414389715979,39.8925303227162,-3.0000000745));
#5214=CARTESIAN_POINT('',(15.7414389715979,39.8925303227162,-5.0000000745));
#5215=CARTESIAN_POINT('',(6.32559094405786,57.,-3.0000000745));
#5216=CARTESIAN_POINT('',(16.3762838797081,38.7390930557269,-3.0000000745));
#5217=CARTESIAN_POINT('',(6.32559094405787,57.,-5.0000000745));
#5218=CARTESIAN_POINT('Origin',(22.75,43.75,-5.0000000745));
#5219=CARTESIAN_POINT('',(29.7585610284021,39.8925303227162,-3.0000000745));
#5220=CARTESIAN_POINT('',(29.7585610284021,39.8925303227162,-5.0000000745));
#5221=CARTESIAN_POINT('Origin',(22.75,43.75,-3.0000000745));
#5222=CARTESIAN_POINT('Origin',(29.7585610284021,39.8925303227162,-5.0000000745));
#5223=CARTESIAN_POINT('',(39.1744090559421,57.,-5.0000000745));
#5224=CARTESIAN_POINT('',(12.4873346476646,8.51277772541755,-5.0000000745));
#5225=CARTESIAN_POINT('',(39.1744090559421,57.,-3.0000000745));
#5226=CARTESIAN_POINT('',(39.1744090559421,57.,-5.0000000745));
#5227=CARTESIAN_POINT('',(24.002996634493,29.4353582170851,-3.0000000745));
#5228=CARTESIAN_POINT('Origin',(0.,58.5,-5.0000000745));
#5229=CARTESIAN_POINT('',(0.,58.5,-5.0000000745));
#5230=CARTESIAN_POINT('Origin',(0.,58.5,-1.0000000745));
#5231=CARTESIAN_POINT('Origin',(0.,58.5,-1.0000000745));
#5232=CARTESIAN_POINT('Origin',(0.,-17.4999999999837,6.99999992551632));
#5233=CARTESIAN_POINT('Origin',(2.5,-24.,-5.0000000745));
#5234=CARTESIAN_POINT('',(6.32559094405787,-24.,-3.0000000745));
#5235=CARTESIAN_POINT('',(6.32559094405787,-24.,-5.0000000745));
#5236=CARTESIAN_POINT('',(2.5,-24.,-3.0000000745));
#5237=CARTESIAN_POINT('',(2.5,-24.,-5.0000000745));
#5238=CARTESIAN_POINT('',(2.5,-24.,-3.0000000745));
#5239=CARTESIAN_POINT('Origin',(2.5,57.,-5.0000000745));
#5240=CARTESIAN_POINT('',(2.5,57.,-3.0000000745));
#5241=CARTESIAN_POINT('',(2.5,57.,-5.0000000745));
#5242=CARTESIAN_POINT('',(2.5,56.5,-3.0000000745));
#5243=CARTESIAN_POINT('',(2.5,57.,-3.0000000745));
#5244=CARTESIAN_POINT('',(2.5,56.5,-1.82842719924618));
#5245=CARTESIAN_POINT('',(2.5,56.5,-5.0000000745));
#5246=CARTESIAN_POINT('',(2.5,56.2107864376269,-1.53921363687309));
#5247=CARTESIAN_POINT('Origin',(2.5,57.,-5.0000000745));
#5248=CARTESIAN_POINT('',(2.5,-23.5,-3.0000000745));
#5249=CARTESIAN_POINT('',(2.5,57.,-3.0000000745));
#5250=CARTESIAN_POINT('',(2.5,-23.5,-1.82842719924619));
#5251=CARTESIAN_POINT('',(2.5,-20.5857864376187,1.08578636313507));
#5252=CARTESIAN_POINT('',(2.5,-23.5,-3.0000000745));
#5253=CARTESIAN_POINT('Origin',(43.,-24.,-5.0000000745));
#5254=CARTESIAN_POINT('',(43.,56.5,-3.0000000745));
#5255=CARTESIAN_POINT('',(43.,56.5,-5.0000000745));
#5256=CARTESIAN_POINT('',(43.,56.5,-5.0000000745));
#5257=CARTESIAN_POINT('',(43.,57.,-3.0000000745));
#5258=CARTESIAN_POINT('',(43.,-24.,-3.0000000745));
#5259=CARTESIAN_POINT('',(43.,57.,-5.0000000745));
#5260=CARTESIAN_POINT('',(43.,57.,-5.0000000745));
#5261=CARTESIAN_POINT('',(43.,-24.75,-5.0000000745));
#5262=CARTESIAN_POINT('Origin',(43.,57.,-5.0000000745));
#5263=CARTESIAN_POINT('',(21.5,57.,-5.0000000745));
#5264=CARTESIAN_POINT('',(43.,57.,-3.0000000745));
#5265=CARTESIAN_POINT('Origin',(22.75,16.5,-3.0000000745));
#5266=CARTESIAN_POINT('',(4.31786566288609,56.5,-3.0000000745));
#5267=CARTESIAN_POINT('',(11.375,56.5,-3.0000000745));
#5268=CARTESIAN_POINT('',(43.,57.,-3.0000000745));
#5269=CARTESIAN_POINT('',(41.1821343371139,56.5,-3.0000000745));
#5270=CARTESIAN_POINT('',(11.375,56.5,-3.0000000745));
#5271=CARTESIAN_POINT('',(31.5107012855026,38.9281629033953,-3.0000000745));
#5272=CARTESIAN_POINT('',(25.7551368915935,28.4709907977641,-3.0000000745));
#5273=CARTESIAN_POINT('',(13.9892987144974,38.9281629033953,-3.0000000745));
#5274=CARTESIAN_POINT('Origin',(22.75,43.75,-3.0000000745));
#5275=CARTESIAN_POINT('',(14.6241436226075,37.774725636406,-3.0000000745));
#5276=CARTESIAN_POINT('Origin',(22.75,16.5,-3.0000000745));
#5277=CARTESIAN_POINT('',(43.,-24.,-3.0000000745));
#5278=CARTESIAN_POINT('',(43.,-24.,-3.0000000745));
#5279=CARTESIAN_POINT('',(39.1744090559421,-24.,-3.0000000745));
#5280=CARTESIAN_POINT('',(2.5,-24.,-3.0000000745));
#5281=CARTESIAN_POINT('',(29.7585610284021,-6.89253032271622,-3.0000000745));
#5282=CARTESIAN_POINT('',(29.1237161202919,-5.73909305572696,-3.0000000745));
#5283=CARTESIAN_POINT('',(15.7414389715979,-6.89253032271623,-3.0000000745));
#5284=CARTESIAN_POINT('Origin',(22.75,-10.75,-3.0000000745));
#5285=CARTESIAN_POINT('',(21.497003365507,3.56464178291492,-3.0000000745));
#5286=CARTESIAN_POINT('',(4.31786566288609,-23.5,-3.0000000745));
#5287=CARTESIAN_POINT('',(11.375,-23.5,-3.0000000745));
#5288=CARTESIAN_POINT('',(13.9892987144974,-5.92816290339528,-3.0000000745));
#5289=CARTESIAN_POINT('',(19.7448631084065,4.52900920223587,-3.0000000745));
#5290=CARTESIAN_POINT('',(31.5107012855026,-5.92816290339528,-3.0000000745));
#5291=CARTESIAN_POINT('Origin',(22.75,-10.75,-3.0000000745));
#5292=CARTESIAN_POINT('',(30.8758563773925,-4.77472563640602,-3.0000000745));
#5293=CARTESIAN_POINT('Origin',(43.,-24.,-5.0000000745));
#5294=CARTESIAN_POINT('',(43.,-24.,-5.0000000745));
#5295=CARTESIAN_POINT('',(43.,-24.75,-5.0000000745));
#5296=CARTESIAN_POINT('',(43.,-24.,-5.0000000745));
#5297=CARTESIAN_POINT('Origin',(2.5,-24.,-5.0000000745));
#5298=CARTESIAN_POINT('',(39.1744090559421,-24.,-5.0000000745));
#5299=CARTESIAN_POINT('',(39.1744090559421,-24.,-5.0000000745));
#5300=CARTESIAN_POINT('',(1.25,-24.,-5.0000000745));
#5301=CARTESIAN_POINT('Origin',(43.,57.,-5.0000000745));
#5302=CARTESIAN_POINT('Origin',(22.75,-10.75,-5.0000000745));
#5303=CARTESIAN_POINT('',(13.9892987144974,-5.92816290339528,-5.0000000745));
#5304=CARTESIAN_POINT('',(31.5107012855026,-5.92816290339528,-5.0000000745));
#5305=CARTESIAN_POINT('Origin',(13.9892987144974,-5.92816290339529,-5.0000000745));
#5306=CARTESIAN_POINT('',(4.31786566288609,-23.5,-1.82842719924619));
#5307=CARTESIAN_POINT('',(4.31786566288609,-23.5,-3.0000000745));
#5308=CARTESIAN_POINT('',(8.16275960535212,-16.5142875776327,5.15728522312112));
#5309=CARTESIAN_POINT('Origin',(0.,-23.5,-1.0000000745));
#5310=CARTESIAN_POINT('',(0.,-23.5,-1.82842719924619));
#5311=CARTESIAN_POINT('Origin',(15.7414389715979,-6.89253032271623,-5.0000000745));
#5312=CARTESIAN_POINT('',(15.7414389715979,-6.89253032271623,-5.0000000745));
#5313=CARTESIAN_POINT('Origin',(22.75,43.75,-5.0000000745));
#5314=CARTESIAN_POINT('',(31.5107012855026,38.9281629033953,-5.0000000745));
#5315=CARTESIAN_POINT('',(13.9892987144974,38.9281629033953,-5.0000000745));
#5316=CARTESIAN_POINT('Origin',(31.5107012855026,38.9281629033953,-5.0000000745));
#5317=CARTESIAN_POINT('',(41.1821343371139,56.5,-5.0000000745));
#5318=CARTESIAN_POINT('Origin',(0.,56.5,-5.0000000745));
#5319=CARTESIAN_POINT('',(0.,56.5,-5.0000000745));
#5320=CARTESIAN_POINT('Origin',(0.,-16.0857864376106,5.58578636314323));
#5321=CARTESIAN_POINT('',(37.2418054150788,-16.3408936343197,5.33067916643406));
#5322=CARTESIAN_POINT('Origin',(0.,56.5,-5.0000000745));
#5323=CARTESIAN_POINT('',(4.31786566288609,56.5,-1.82842719924619));
#5324=CARTESIAN_POINT('',(4.31786566288609,56.5,-5.0000000745));
#5325=CARTESIAN_POINT('',(0.,56.5,-1.82842719924619));
#5326=CARTESIAN_POINT('Origin',(0.,57.0857864376269,-2.4142136368731));
#5327=CARTESIAN_POINT('',(3.35362869982649,58.251903233677,-3.58033043292315));
#5328=CARTESIAN_POINT('Origin',(0.,-16.0857864376106,5.58578636314323));
#5329=CARTESIAN_POINT('Origin',(3.74785974289949,57.535632580679,-5.0000000745));
#5330=CARTESIAN_POINT('Origin',(41.7521402571005,-24.5356325806791,-5.0000000745));
#5331=CARTESIAN_POINT('Origin',(22.75,-10.75,-5.0000000745));
#5332=CARTESIAN_POINT('',(29.7585610284021,-6.89253032271622,-5.0000000745));
#5333=CARTESIAN_POINT('Origin',(40.,-25.5,-5.0000000745));
#5334=CARTESIAN_POINT('',(35.3499774027613,-17.0514651098582,-5.0000000745));
#5335=CARTESIAN_POINT('Origin',(0.,-25.5,-1.0000000745));
#5336=CARTESIAN_POINT('Origin',(0.,-25.5,-5.0000000745));
#5337=CARTESIAN_POINT('',(54.,-25.5,-5.0000000745));
#5338=CARTESIAN_POINT('',(0.,-25.5,-5.0000000745));
#5339=CARTESIAN_POINT('Origin',(0.,-25.5,-1.0000000745));
#5340=CARTESIAN_POINT('Origin',(54.,16.5,0.999999925508162));
#5341=CARTESIAN_POINT('',(0.,0.,0.));
#5342=UNCERTAINTY_MEASURE_WITH_UNIT(LENGTH_MEASURE(0.01),#5348,
'DISTANCE_ACCURACY_VALUE',
'Maximum model space distance between geometric entities at asserted c
onnectivities');
#5343=UNCERTAINTY_MEASURE_WITH_UNIT(LENGTH_MEASURE(0.01),#5348,
'DISTANCE_ACCURACY_VALUE',
'Maximum model space distance between geometric entities at asserted c
onnectivities');
#5344=UNCERTAINTY_MEASURE_WITH_UNIT(LENGTH_MEASURE(0.01),#5348,
'DISTANCE_ACCURACY_VALUE',
'Maximum model space distance between geometric entities at asserted c
onnectivities');
#5345=(
GEOMETRIC_REPRESENTATION_CONTEXT(3)
GLOBAL_UNCERTAINTY_ASSIGNED_CONTEXT((#5342))
GLOBAL_UNIT_ASSIGNED_CONTEXT((#5348,#5350,#5351))
REPRESENTATION_CONTEXT('','3D')
);
#5346=(
GEOMETRIC_REPRESENTATION_CONTEXT(3)
GLOBAL_UNCERTAINTY_ASSIGNED_CONTEXT((#5343))
GLOBAL_UNIT_ASSIGNED_CONTEXT((#5348,#5350,#5351))
REPRESENTATION_CONTEXT('','3D')
);
#5347=(
GEOMETRIC_REPRESENTATION_CONTEXT(3)
GLOBAL_UNCERTAINTY_ASSIGNED_CONTEXT((#5344))
GLOBAL_UNIT_ASSIGNED_CONTEXT((#5348,#5350,#5351))
REPRESENTATION_CONTEXT('','3D')
);
#5348=(
LENGTH_UNIT()
NAMED_UNIT(*)
SI_UNIT(.MILLI.,.METRE.)
);
#5349=(
LENGTH_UNIT()
NAMED_UNIT(*)
SI_UNIT($,.METRE.)
);
#5350=(
NAMED_UNIT(*)
PLANE_ANGLE_UNIT()
SI_UNIT($,.RADIAN.)
);
#5351=(
NAMED_UNIT(*)
SI_UNIT($,.STERADIAN.)
SOLID_ANGLE_UNIT()
);
#5352=SHAPE_DEFINITION_REPRESENTATION(#5354,#5357);
#5353=SHAPE_DEFINITION_REPRESENTATION(#5355,#5358);
#5354=PRODUCT_DEFINITION_SHAPE('',$,#5360);
#5355=PRODUCT_DEFINITION_SHAPE('',$,#5361);
#5356=PRODUCT_DEFINITION_SHAPE($,$,#14);
#5357=SHAPE_REPRESENTATION('',(#3179,#3482),#5345);
#5358=SHAPE_REPRESENTATION('',(#3180),#5346);
#5359=PRODUCT_DEFINITION_CONTEXT('part definition',#5367,'design');
#5360=PRODUCT_DEFINITION('assembly','assembly v21',#5362,#5359);
#5361=PRODUCT_DEFINITION('top cover','top cover v11',#5363,#5359);
#5362=PRODUCT_DEFINITION_FORMATION('',$,#5369);
#5363=PRODUCT_DEFINITION_FORMATION('',$,#5370);
#5364=PRODUCT_RELATED_PRODUCT_CATEGORY('assembly v21','assembly v21',(#5369));
#5365=PRODUCT_RELATED_PRODUCT_CATEGORY('top cover v11','top cover v11',
(#5370));
#5366=APPLICATION_PROTOCOL_DEFINITION('international standard',
'automotive_design',2009,#5367);
#5367=APPLICATION_CONTEXT(
'Core Data for Automotive Mechanical Design Process');
#5368=PRODUCT_CONTEXT('part definition',#5367,'mechanical');
#5369=PRODUCT('assembly','assembly v21',$,(#5368));
#5370=PRODUCT('top cover','top cover v11',$,(#5368));
#5371=PRESENTATION_STYLE_ASSIGNMENT((#5372));
#5372=SURFACE_STYLE_USAGE(.BOTH.,#5373);
#5373=SURFACE_SIDE_STYLE('',(#5374));
#5374=SURFACE_STYLE_FILL_AREA(#5375);
#5375=FILL_AREA_STYLE('Steel - Satin',(#5376));
#5376=FILL_AREA_STYLE_COLOUR('Steel - Satin',#5377);
#5377=COLOUR_RGB('Steel - Satin',0.627450980392157,0.627450980392157,0.627450980392157);
ENDSEC;
END-ISO-10303-21;
