ISO-10303-21;
HEADER;
/* Generated by software containing ST-Developer
 * from STEP Tools, Inc. (www.steptools.com) 
 */

FILE_DESCRIPTION(
/* description */ (''),
/* implementation_level */ '2;1');

FILE_NAME(
/* name */ 'top cover.step',
/* time_stamp */ '2026-06-10T18:01:22+08:00',
/* author */ (''),
/* organization */ (''),
/* preprocessor_version */ 'ST-DEVELOPER v20.1',
/* originating_system */ 'Autodesk Translation Framework v15.8.0.0',
/* authorisation */ '');

FILE_SCHEMA (('AUTOMOTIVE_DESIGN { 1 0 10303 214 3 1 1 }'));
ENDSEC;

DATA;
#10=MECHANICAL_DESIGN_GEOMETRIC_PRESENTATION_REPRESENTATION('',(#13),#5004);
#11=SHAPE_REPRESENTATION_RELATIONSHIP('SRR','None',#5011,#12);
#12=ADVANCED_BREP_SHAPE_REPRESENTATION('',(#14),#5003);
#13=STYLED_ITEM('',(#5020),#14);
#14=MANIFOLD_SOLID_BREP('Body1',#2986);
#15=TOROIDAL_SURFACE('',#3207,10.,2.);
#16=TOROIDAL_SURFACE('',#3223,10.,2.);
#17=SPHERICAL_SURFACE('',#3142,2.);
#18=SPHERICAL_SURFACE('',#3145,2.);
#19=SPHERICAL_SURFACE('',#3149,2.);
#20=SPHERICAL_SURFACE('',#3156,2.);
#21=SPHERICAL_SURFACE('',#3159,2.);
#22=SPHERICAL_SURFACE('',#3163,2.00000000000001);
#23=SPHERICAL_SURFACE('',#3166,2.);
#24=SPHERICAL_SURFACE('',#3172,2.);
#25=SPHERICAL_SURFACE('',#3178,2.);
#26=SPHERICAL_SURFACE('',#3181,2.);
#27=SPHERICAL_SURFACE('',#3185,2.);
#28=SPHERICAL_SURFACE('',#3190,2.);
#29=SPHERICAL_SURFACE('',#3196,2.);
#30=SPHERICAL_SURFACE('',#3200,2.);
#31=SPHERICAL_SURFACE('',#3211,2.);
#32=SPHERICAL_SURFACE('',#3215,2.);
#33=CYLINDRICAL_SURFACE('',#3065,2.);
#34=CYLINDRICAL_SURFACE('',#3068,2.);
#35=CYLINDRICAL_SURFACE('',#3072,2.);
#36=CYLINDRICAL_SURFACE('',#3075,1.5);
#37=CYLINDRICAL_SURFACE('',#3077,1.5);
#38=CYLINDRICAL_SURFACE('',#3079,1.5);
#39=CYLINDRICAL_SURFACE('',#3081,1.5);
#40=CYLINDRICAL_SURFACE('',#3105,2.);
#41=CYLINDRICAL_SURFACE('',#3111,2.);
#42=CYLINDRICAL_SURFACE('',#3115,2.);
#43=CYLINDRICAL_SURFACE('',#3123,1.1);
#44=CYLINDRICAL_SURFACE('',#3126,1.10000117298762);
#45=CYLINDRICAL_SURFACE('',#3129,1.1);
#46=CYLINDRICAL_SURFACE('',#3130,3.);
#47=CYLINDRICAL_SURFACE('',#3133,3.);
#48=CYLINDRICAL_SURFACE('',#3136,3.);
#49=CYLINDRICAL_SURFACE('',#3139,3.);
#50=CYLINDRICAL_SURFACE('',#3153,2.);
#51=CYLINDRICAL_SURFACE('',#3154,2.);
#52=CYLINDRICAL_SURFACE('',#3170,2.);
#53=CYLINDRICAL_SURFACE('',#3171,2.);
#54=CYLINDRICAL_SURFACE('',#3176,2.);
#55=CYLINDRICAL_SURFACE('',#3189,2.);
#56=CYLINDRICAL_SURFACE('',#3193,2.);
#57=CYLINDRICAL_SURFACE('',#3194,2.);
#58=CYLINDRICAL_SURFACE('',#3199,2.);
#59=CYLINDRICAL_SURFACE('',#3204,2.);
#60=CYLINDRICAL_SURFACE('',#3205,2.);
#61=CYLINDRICAL_SURFACE('',#3210,2.);
#62=CYLINDRICAL_SURFACE('',#3214,2.);
#63=CYLINDRICAL_SURFACE('',#3218,2.);
#64=CYLINDRICAL_SURFACE('',#3219,2.);
#65=CYLINDRICAL_SURFACE('',#3220,2.);
#66=CYLINDRICAL_SURFACE('',#3221,2.);
#67=CYLINDRICAL_SURFACE('',#3226,2.);
#68=CYLINDRICAL_SURFACE('',#3227,2.);
#69=CYLINDRICAL_SURFACE('',#3228,2.);
#70=CYLINDRICAL_SURFACE('',#3229,2.);
#71=CYLINDRICAL_SURFACE('',#3230,2.);
#72=CYLINDRICAL_SURFACE('',#3231,2.);
#73=CYLINDRICAL_SURFACE('',#3233,2.);
#74=CYLINDRICAL_SURFACE('',#3234,2.);
#75=CYLINDRICAL_SURFACE('',#3236,2.);
#76=CYLINDRICAL_SURFACE('',#3240,8.);
#77=CYLINDRICAL_SURFACE('',#3260,10.);
#78=CYLINDRICAL_SURFACE('',#3264,10.);
#79=CYLINDRICAL_SURFACE('',#3272,8.);
#80=ELLIPSE('',#3028,5.6568542494923,2.);
#81=ELLIPSE('',#3032,5.65685424949247,2.);
#82=ELLIPSE('',#3038,5.65685424949231,2.);
#83=ELLIPSE('',#3042,5.65685424949248,2.);
#84=ELLIPSE('',#3050,5.65685424949245,2.);
#85=ELLIPSE('',#3052,5.65685424949227,2.);
#86=ELLIPSE('',#3058,5.65685424949228,2.);
#87=ELLIPSE('',#3061,5.65685424949245,2.);
#88=FACE_BOUND('',#382,.T.);
#89=FACE_BOUND('',#383,.T.);
#90=FACE_BOUND('',#384,.T.);
#91=FACE_BOUND('',#385,.T.);
#92=FACE_BOUND('',#386,.T.);
#93=FACE_BOUND('',#387,.T.);
#94=FACE_BOUND('',#388,.T.);
#95=FACE_BOUND('',#389,.T.);
#96=FACE_BOUND('',#396,.T.);
#97=FACE_BOUND('',#405,.T.);
#98=FACE_BOUND('',#413,.T.);
#99=FACE_BOUND('',#421,.T.);
#100=FACE_BOUND('',#429,.T.);
#101=FACE_BOUND('',#464,.T.);
#102=FACE_BOUND('',#549,.T.);
#103=FACE_BOUND('',#558,.T.);
#104=FACE_BOUND('',#559,.T.);
#105=CIRCLE('',#3007,10.);
#106=CIRCLE('',#3008,10.);
#107=CIRCLE('',#3009,1.1);
#108=CIRCLE('',#3010,1.10000117298762);
#109=CIRCLE('',#3011,1.1);
#110=CIRCLE('',#3012,3.);
#111=CIRCLE('',#3013,3.);
#112=CIRCLE('',#3014,3.);
#113=CIRCLE('',#3015,3.);
#114=CIRCLE('',#3022,10.);
#115=CIRCLE('',#3023,10.);
#116=CIRCLE('',#3034,1.5);
#117=CIRCLE('',#3044,1.5);
#118=CIRCLE('',#3054,1.5);
#119=CIRCLE('',#3064,1.5);
#120=CIRCLE('',#3066,2.);
#121=CIRCLE('',#3067,2.);
#122=CIRCLE('',#3069,1.99999999999999);
#123=CIRCLE('',#3070,2.);
#124=CIRCLE('',#3073,1.99999999999999);
#125=CIRCLE('',#3074,2.);
#126=CIRCLE('',#3076,1.5);
#127=CIRCLE('',#3078,1.5);
#128=CIRCLE('',#3080,1.5);
#129=CIRCLE('',#3082,1.5);
#130=CIRCLE('',#3092,2.);
#131=CIRCLE('',#3094,2.);
#132=CIRCLE('',#3096,2.);
#133=CIRCLE('',#3097,2.);
#134=CIRCLE('',#3102,2.00000000000001);
#135=CIRCLE('',#3104,2.);
#136=CIRCLE('',#3106,2.00000000000001);
#137=CIRCLE('',#3107,2.);
#138=CIRCLE('',#3112,2.);
#139=CIRCLE('',#3116,2.);
#140=CIRCLE('',#3119,2.);
#141=CIRCLE('',#3120,2.);
#142=CIRCLE('',#3122,1.1);
#143=CIRCLE('',#3125,1.10000117298762);
#144=CIRCLE('',#3128,1.1);
#145=CIRCLE('',#3131,3.);
#146=CIRCLE('',#3134,3.);
#147=CIRCLE('',#3137,3.);
#148=CIRCLE('',#3140,3.);
#149=CIRCLE('',#3143,2.);
#150=CIRCLE('',#3144,2.);
#151=CIRCLE('',#3146,2.);
#152=CIRCLE('',#3147,2.);
#153=CIRCLE('',#3148,2.);
#154=CIRCLE('',#3150,2.);
#155=CIRCLE('',#3151,2.);
#156=CIRCLE('',#3152,2.);
#157=CIRCLE('',#3155,2.);
#158=CIRCLE('',#3157,2.);
#159=CIRCLE('',#3158,2.);
#160=CIRCLE('',#3160,2.);
#161=CIRCLE('',#3161,2.);
#162=CIRCLE('',#3162,2.);
#163=CIRCLE('',#3164,2.);
#164=CIRCLE('',#3165,2.);
#165=CIRCLE('',#3167,2.);
#166=CIRCLE('',#3168,2.);
#167=CIRCLE('',#3169,2.);
#168=CIRCLE('',#3173,2.);
#169=CIRCLE('',#3174,2.);
#170=CIRCLE('',#3175,2.);
#171=CIRCLE('',#3177,2.);
#172=CIRCLE('',#3179,2.);
#173=CIRCLE('',#3180,2.);
#174=CIRCLE('',#3182,2.);
#175=CIRCLE('',#3183,2.);
#176=CIRCLE('',#3184,2.);
#177=CIRCLE('',#3186,2.);
#178=CIRCLE('',#3187,2.);
#179=CIRCLE('',#3188,2.);
#180=CIRCLE('',#3191,2.);
#181=CIRCLE('',#3192,2.);
#182=CIRCLE('',#3195,2.);
#183=CIRCLE('',#3197,2.);
#184=CIRCLE('',#3198,2.);
#185=CIRCLE('',#3201,2.00000000000001);
#186=CIRCLE('',#3202,2.);
#187=CIRCLE('',#3203,2.);
#188=CIRCLE('',#3206,2.);
#189=CIRCLE('',#3208,2.);
#190=CIRCLE('',#3209,8.);
#191=CIRCLE('',#3212,2.);
#192=CIRCLE('',#3213,2.);
#193=CIRCLE('',#3216,2.);
#194=CIRCLE('',#3217,2.);
#195=CIRCLE('',#3222,2.);
#196=CIRCLE('',#3224,2.);
#197=CIRCLE('',#3225,8.);
#198=CIRCLE('',#3232,2.);
#199=CIRCLE('',#3235,2.);
#200=CIRCLE('',#3237,2.);
#201=CIRCLE('',#3241,8.);
#202=CIRCLE('',#3253,10.);
#203=CIRCLE('',#3255,8.);
#204=CIRCLE('',#3256,10.);
#205=FACE_OUTER_BOUND('',#375,.T.);
#206=FACE_OUTER_BOUND('',#376,.T.);
#207=FACE_OUTER_BOUND('',#377,.T.);
#208=FACE_OUTER_BOUND('',#378,.T.);
#209=FACE_OUTER_BOUND('',#379,.T.);
#210=FACE_OUTER_BOUND('',#380,.T.);
#211=FACE_OUTER_BOUND('',#381,.T.);
#212=FACE_OUTER_BOUND('',#390,.T.);
#213=FACE_OUTER_BOUND('',#391,.T.);
#214=FACE_OUTER_BOUND('',#392,.T.);
#215=FACE_OUTER_BOUND('',#393,.T.);
#216=FACE_OUTER_BOUND('',#394,.T.);
#217=FACE_OUTER_BOUND('',#395,.T.);
#218=FACE_OUTER_BOUND('',#397,.T.);
#219=FACE_OUTER_BOUND('',#398,.T.);
#220=FACE_OUTER_BOUND('',#399,.T.);
#221=FACE_OUTER_BOUND('',#400,.T.);
#222=FACE_OUTER_BOUND('',#401,.T.);
#223=FACE_OUTER_BOUND('',#402,.T.);
#224=FACE_OUTER_BOUND('',#403,.T.);
#225=FACE_OUTER_BOUND('',#404,.T.);
#226=FACE_OUTER_BOUND('',#406,.T.);
#227=FACE_OUTER_BOUND('',#407,.T.);
#228=FACE_OUTER_BOUND('',#408,.T.);
#229=FACE_OUTER_BOUND('',#409,.T.);
#230=FACE_OUTER_BOUND('',#410,.T.);
#231=FACE_OUTER_BOUND('',#411,.T.);
#232=FACE_OUTER_BOUND('',#412,.T.);
#233=FACE_OUTER_BOUND('',#414,.T.);
#234=FACE_OUTER_BOUND('',#415,.T.);
#235=FACE_OUTER_BOUND('',#416,.T.);
#236=FACE_OUTER_BOUND('',#417,.T.);
#237=FACE_OUTER_BOUND('',#418,.T.);
#238=FACE_OUTER_BOUND('',#419,.T.);
#239=FACE_OUTER_BOUND('',#420,.T.);
#240=FACE_OUTER_BOUND('',#422,.T.);
#241=FACE_OUTER_BOUND('',#423,.T.);
#242=FACE_OUTER_BOUND('',#424,.T.);
#243=FACE_OUTER_BOUND('',#425,.T.);
#244=FACE_OUTER_BOUND('',#426,.T.);
#245=FACE_OUTER_BOUND('',#427,.T.);
#246=FACE_OUTER_BOUND('',#428,.T.);
#247=FACE_OUTER_BOUND('',#430,.T.);
#248=FACE_OUTER_BOUND('',#431,.T.);
#249=FACE_OUTER_BOUND('',#432,.T.);
#250=FACE_OUTER_BOUND('',#433,.T.);
#251=FACE_OUTER_BOUND('',#434,.T.);
#252=FACE_OUTER_BOUND('',#435,.T.);
#253=FACE_OUTER_BOUND('',#436,.T.);
#254=FACE_OUTER_BOUND('',#437,.T.);
#255=FACE_OUTER_BOUND('',#438,.T.);
#256=FACE_OUTER_BOUND('',#439,.T.);
#257=FACE_OUTER_BOUND('',#440,.T.);
#258=FACE_OUTER_BOUND('',#441,.T.);
#259=FACE_OUTER_BOUND('',#442,.T.);
#260=FACE_OUTER_BOUND('',#443,.T.);
#261=FACE_OUTER_BOUND('',#444,.T.);
#262=FACE_OUTER_BOUND('',#445,.T.);
#263=FACE_OUTER_BOUND('',#446,.T.);
#264=FACE_OUTER_BOUND('',#447,.T.);
#265=FACE_OUTER_BOUND('',#448,.T.);
#266=FACE_OUTER_BOUND('',#449,.T.);
#267=FACE_OUTER_BOUND('',#450,.T.);
#268=FACE_OUTER_BOUND('',#451,.T.);
#269=FACE_OUTER_BOUND('',#452,.T.);
#270=FACE_OUTER_BOUND('',#453,.T.);
#271=FACE_OUTER_BOUND('',#454,.T.);
#272=FACE_OUTER_BOUND('',#455,.T.);
#273=FACE_OUTER_BOUND('',#456,.T.);
#274=FACE_OUTER_BOUND('',#457,.T.);
#275=FACE_OUTER_BOUND('',#458,.T.);
#276=FACE_OUTER_BOUND('',#459,.T.);
#277=FACE_OUTER_BOUND('',#460,.T.);
#278=FACE_OUTER_BOUND('',#461,.T.);
#279=FACE_OUTER_BOUND('',#462,.T.);
#280=FACE_OUTER_BOUND('',#463,.T.);
#281=FACE_OUTER_BOUND('',#465,.T.);
#282=FACE_OUTER_BOUND('',#466,.T.);
#283=FACE_OUTER_BOUND('',#467,.T.);
#284=FACE_OUTER_BOUND('',#468,.T.);
#285=FACE_OUTER_BOUND('',#469,.T.);
#286=FACE_OUTER_BOUND('',#470,.T.);
#287=FACE_OUTER_BOUND('',#471,.T.);
#288=FACE_OUTER_BOUND('',#472,.T.);
#289=FACE_OUTER_BOUND('',#473,.T.);
#290=FACE_OUTER_BOUND('',#474,.T.);
#291=FACE_OUTER_BOUND('',#475,.T.);
#292=FACE_OUTER_BOUND('',#476,.T.);
#293=FACE_OUTER_BOUND('',#477,.T.);
#294=FACE_OUTER_BOUND('',#478,.T.);
#295=FACE_OUTER_BOUND('',#479,.T.);
#296=FACE_OUTER_BOUND('',#480,.T.);
#297=FACE_OUTER_BOUND('',#481,.T.);
#298=FACE_OUTER_BOUND('',#482,.T.);
#299=FACE_OUTER_BOUND('',#483,.T.);
#300=FACE_OUTER_BOUND('',#484,.T.);
#301=FACE_OUTER_BOUND('',#485,.T.);
#302=FACE_OUTER_BOUND('',#486,.T.);
#303=FACE_OUTER_BOUND('',#487,.T.);
#304=FACE_OUTER_BOUND('',#488,.T.);
#305=FACE_OUTER_BOUND('',#489,.T.);
#306=FACE_OUTER_BOUND('',#490,.T.);
#307=FACE_OUTER_BOUND('',#491,.T.);
#308=FACE_OUTER_BOUND('',#492,.T.);
#309=FACE_OUTER_BOUND('',#493,.T.);
#310=FACE_OUTER_BOUND('',#494,.T.);
#311=FACE_OUTER_BOUND('',#495,.T.);
#312=FACE_OUTER_BOUND('',#496,.T.);
#313=FACE_OUTER_BOUND('',#497,.T.);
#314=FACE_OUTER_BOUND('',#498,.T.);
#315=FACE_OUTER_BOUND('',#499,.T.);
#316=FACE_OUTER_BOUND('',#500,.T.);
#317=FACE_OUTER_BOUND('',#501,.T.);
#318=FACE_OUTER_BOUND('',#502,.T.);
#319=FACE_OUTER_BOUND('',#503,.T.);
#320=FACE_OUTER_BOUND('',#504,.T.);
#321=FACE_OUTER_BOUND('',#505,.T.);
#322=FACE_OUTER_BOUND('',#506,.T.);
#323=FACE_OUTER_BOUND('',#507,.T.);
#324=FACE_OUTER_BOUND('',#508,.T.);
#325=FACE_OUTER_BOUND('',#509,.T.);
#326=FACE_OUTER_BOUND('',#510,.T.);
#327=FACE_OUTER_BOUND('',#511,.T.);
#328=FACE_OUTER_BOUND('',#512,.T.);
#329=FACE_OUTER_BOUND('',#513,.T.);
#330=FACE_OUTER_BOUND('',#514,.T.);
#331=FACE_OUTER_BOUND('',#515,.T.);
#332=FACE_OUTER_BOUND('',#516,.T.);
#333=FACE_OUTER_BOUND('',#517,.T.);
#334=FACE_OUTER_BOUND('',#518,.T.);
#335=FACE_OUTER_BOUND('',#519,.T.);
#336=FACE_OUTER_BOUND('',#520,.T.);
#337=FACE_OUTER_BOUND('',#521,.T.);
#338=FACE_OUTER_BOUND('',#522,.T.);
#339=FACE_OUTER_BOUND('',#523,.T.);
#340=FACE_OUTER_BOUND('',#524,.T.);
#341=FACE_OUTER_BOUND('',#525,.T.);
#342=FACE_OUTER_BOUND('',#526,.T.);
#343=FACE_OUTER_BOUND('',#527,.T.);
#344=FACE_OUTER_BOUND('',#528,.T.);
#345=FACE_OUTER_BOUND('',#529,.T.);
#346=FACE_OUTER_BOUND('',#530,.T.);
#347=FACE_OUTER_BOUND('',#531,.T.);
#348=FACE_OUTER_BOUND('',#532,.T.);
#349=FACE_OUTER_BOUND('',#533,.T.);
#350=FACE_OUTER_BOUND('',#534,.T.);
#351=FACE_OUTER_BOUND('',#535,.T.);
#352=FACE_OUTER_BOUND('',#536,.T.);
#353=FACE_OUTER_BOUND('',#537,.T.);
#354=FACE_OUTER_BOUND('',#538,.T.);
#355=FACE_OUTER_BOUND('',#539,.T.);
#356=FACE_OUTER_BOUND('',#540,.T.);
#357=FACE_OUTER_BOUND('',#541,.T.);
#358=FACE_OUTER_BOUND('',#542,.T.);
#359=FACE_OUTER_BOUND('',#543,.T.);
#360=FACE_OUTER_BOUND('',#544,.T.);
#361=FACE_OUTER_BOUND('',#545,.T.);
#362=FACE_OUTER_BOUND('',#546,.T.);
#363=FACE_OUTER_BOUND('',#547,.T.);
#364=FACE_OUTER_BOUND('',#548,.T.);
#365=FACE_OUTER_BOUND('',#550,.T.);
#366=FACE_OUTER_BOUND('',#551,.T.);
#367=FACE_OUTER_BOUND('',#552,.T.);
#368=FACE_OUTER_BOUND('',#553,.T.);
#369=FACE_OUTER_BOUND('',#554,.T.);
#370=FACE_OUTER_BOUND('',#555,.T.);
#371=FACE_OUTER_BOUND('',#556,.T.);
#372=FACE_OUTER_BOUND('',#557,.T.);
#373=FACE_OUTER_BOUND('',#560,.T.);
#374=FACE_OUTER_BOUND('',#561,.T.);
#375=EDGE_LOOP('',(#1869,#1870,#1871,#1872));
#376=EDGE_LOOP('',(#1873,#1874,#1875,#1876));
#377=EDGE_LOOP('',(#1877,#1878,#1879,#1880));
#378=EDGE_LOOP('',(#1881,#1882,#1883,#1884));
#379=EDGE_LOOP('',(#1885,#1886,#1887,#1888));
#380=EDGE_LOOP('',(#1889,#1890,#1891,#1892));
#381=EDGE_LOOP('',(#1893,#1894,#1895,#1896,#1897,#1898,#1899,#1900,#1901,
#1902,#1903,#1904));
#382=EDGE_LOOP('',(#1905));
#383=EDGE_LOOP('',(#1906));
#384=EDGE_LOOP('',(#1907));
#385=EDGE_LOOP('',(#1908));
#386=EDGE_LOOP('',(#1909));
#387=EDGE_LOOP('',(#1910));
#388=EDGE_LOOP('',(#1911));
#389=EDGE_LOOP('',(#1912,#1913,#1914,#1915));
#390=EDGE_LOOP('',(#1916,#1917,#1918,#1919));
#391=EDGE_LOOP('',(#1920,#1921,#1922,#1923));
#392=EDGE_LOOP('',(#1924,#1925,#1926,#1927));
#393=EDGE_LOOP('',(#1928,#1929,#1930,#1931));
#394=EDGE_LOOP('',(#1932,#1933,#1934,#1935));
#395=EDGE_LOOP('',(#1936,#1937,#1938,#1939,#1940,#1941,#1942,#1943,#1944,
#1945,#1946,#1947));
#396=EDGE_LOOP('',(#1948,#1949,#1950,#1951));
#397=EDGE_LOOP('',(#1952,#1953,#1954,#1955));
#398=EDGE_LOOP('',(#1956,#1957,#1958,#1959));
#399=EDGE_LOOP('',(#1960,#1961,#1962,#1963));
#400=EDGE_LOOP('',(#1964,#1965,#1966,#1967,#1968));
#401=EDGE_LOOP('',(#1969,#1970,#1971,#1972));
#402=EDGE_LOOP('',(#1973,#1974,#1975,#1976));
#403=EDGE_LOOP('',(#1977,#1978,#1979,#1980,#1981));
#404=EDGE_LOOP('',(#1982,#1983,#1984,#1985,#1986,#1987));
#405=EDGE_LOOP('',(#1988));
#406=EDGE_LOOP('',(#1989,#1990,#1991,#1992));
#407=EDGE_LOOP('',(#1993,#1994,#1995,#1996));
#408=EDGE_LOOP('',(#1997,#1998,#1999,#2000,#2001));
#409=EDGE_LOOP('',(#2002,#2003,#2004,#2005));
#410=EDGE_LOOP('',(#2006,#2007,#2008,#2009));
#411=EDGE_LOOP('',(#2010,#2011,#2012,#2013,#2014));
#412=EDGE_LOOP('',(#2015,#2016,#2017,#2018,#2019,#2020));
#413=EDGE_LOOP('',(#2021));
#414=EDGE_LOOP('',(#2022,#2023,#2024,#2025));
#415=EDGE_LOOP('',(#2026,#2027,#2028,#2029));
#416=EDGE_LOOP('',(#2030,#2031,#2032,#2033));
#417=EDGE_LOOP('',(#2034,#2035,#2036,#2037));
#418=EDGE_LOOP('',(#2038,#2039,#2040,#2041,#2042));
#419=EDGE_LOOP('',(#2043,#2044,#2045,#2046,#2047));
#420=EDGE_LOOP('',(#2048,#2049,#2050,#2051,#2052,#2053));
#421=EDGE_LOOP('',(#2054));
#422=EDGE_LOOP('',(#2055,#2056,#2057,#2058));
#423=EDGE_LOOP('',(#2059,#2060,#2061,#2062));
#424=EDGE_LOOP('',(#2063,#2064,#2065,#2066,#2067));
#425=EDGE_LOOP('',(#2068,#2069,#2070,#2071));
#426=EDGE_LOOP('',(#2072,#2073,#2074,#2075,#2076));
#427=EDGE_LOOP('',(#2077,#2078,#2079,#2080));
#428=EDGE_LOOP('',(#2081,#2082,#2083,#2084,#2085,#2086));
#429=EDGE_LOOP('',(#2087));
#430=EDGE_LOOP('',(#2088,#2089,#2090,#2091,#2092,#2093,#2094));
#431=EDGE_LOOP('',(#2095,#2096,#2097,#2098,#2099,#2100,#2101));
#432=EDGE_LOOP('',(#2102,#2103,#2104,#2105,#2106,#2107,#2108,#2109,#2110,
#2111,#2112,#2113,#2114,#2115));
#433=EDGE_LOOP('',(#2116,#2117,#2118,#2119,#2120,#2121,#2122));
#434=EDGE_LOOP('',(#2123,#2124,#2125,#2126));
#435=EDGE_LOOP('',(#2127,#2128,#2129,#2130));
#436=EDGE_LOOP('',(#2131,#2132,#2133,#2134));
#437=EDGE_LOOP('',(#2135,#2136,#2137,#2138));
#438=EDGE_LOOP('',(#2139,#2140,#2141,#2142));
#439=EDGE_LOOP('',(#2143,#2144,#2145,#2146));
#440=EDGE_LOOP('',(#2147,#2148,#2149,#2150,#2151,#2152));
#441=EDGE_LOOP('',(#2153,#2154,#2155,#2156));
#442=EDGE_LOOP('',(#2157,#2158,#2159,#2160,#2161,#2162));
#443=EDGE_LOOP('',(#2163,#2164,#2165,#2166));
#444=EDGE_LOOP('',(#2167,#2168,#2169,#2170));
#445=EDGE_LOOP('',(#2171,#2172,#2173,#2174));
#446=EDGE_LOOP('',(#2175,#2176,#2177));
#447=EDGE_LOOP('',(#2178,#2179,#2180));
#448=EDGE_LOOP('',(#2181,#2182,#2183,#2184,#2185,#2186,#2187,#2188,#2189,
#2190,#2191,#2192));
#449=EDGE_LOOP('',(#2193,#2194,#2195,#2196));
#450=EDGE_LOOP('',(#2197,#2198,#2199,#2200));
#451=EDGE_LOOP('',(#2201,#2202,#2203,#2204));
#452=EDGE_LOOP('',(#2205,#2206,#2207));
#453=EDGE_LOOP('',(#2208,#2209,#2210));
#454=EDGE_LOOP('',(#2211,#2212,#2213,#2214,#2215,#2216));
#455=EDGE_LOOP('',(#2217,#2218,#2219,#2220,#2221,#2222));
#456=EDGE_LOOP('',(#2223,#2224,#2225,#2226,#2227,#2228));
#457=EDGE_LOOP('',(#2229,#2230,#2231,#2232));
#458=EDGE_LOOP('',(#2233,#2234,#2235,#2236));
#459=EDGE_LOOP('',(#2237,#2238,#2239,#2240));
#460=EDGE_LOOP('',(#2241,#2242,#2243,#2244));
#461=EDGE_LOOP('',(#2245,#2246,#2247,#2248));
#462=EDGE_LOOP('',(#2249,#2250,#2251,#2252,#2253,#2254,#2255,#2256,#2257,
#2258,#2259,#2260));
#463=EDGE_LOOP('',(#2261,#2262,#2263,#2264,#2265,#2266,#2267,#2268,#2269,
#2270));
#464=EDGE_LOOP('',(#2271));
#465=EDGE_LOOP('',(#2272));
#466=EDGE_LOOP('',(#2273,#2274,#2275,#2276));
#467=EDGE_LOOP('',(#2277));
#468=EDGE_LOOP('',(#2278,#2279,#2280,#2281));
#469=EDGE_LOOP('',(#2282));
#470=EDGE_LOOP('',(#2283,#2284,#2285,#2286));
#471=EDGE_LOOP('',(#2287,#2288,#2289,#2290));
#472=EDGE_LOOP('',(#2291));
#473=EDGE_LOOP('',(#2292,#2293,#2294,#2295));
#474=EDGE_LOOP('',(#2296));
#475=EDGE_LOOP('',(#2297,#2298,#2299,#2300));
#476=EDGE_LOOP('',(#2301));
#477=EDGE_LOOP('',(#2302,#2303,#2304,#2305));
#478=EDGE_LOOP('',(#2306));
#479=EDGE_LOOP('',(#2307,#2308,#2309));
#480=EDGE_LOOP('',(#2310,#2311,#2312));
#481=EDGE_LOOP('',(#2313,#2314,#2315));
#482=EDGE_LOOP('',(#2316,#2317,#2318,#2319));
#483=EDGE_LOOP('',(#2320,#2321,#2322,#2323));
#484=EDGE_LOOP('',(#2324,#2325,#2326));
#485=EDGE_LOOP('',(#2327,#2328,#2329));
#486=EDGE_LOOP('',(#2330,#2331,#2332,#2333));
#487=EDGE_LOOP('',(#2334,#2335,#2336));
#488=EDGE_LOOP('',(#2337,#2338,#2339,#2340));
#489=EDGE_LOOP('',(#2341,#2342,#2343,#2344));
#490=EDGE_LOOP('',(#2345,#2346,#2347));
#491=EDGE_LOOP('',(#2348,#2349,#2350,#2351));
#492=EDGE_LOOP('',(#2352,#2353,#2354));
#493=EDGE_LOOP('',(#2355,#2356,#2357));
#494=EDGE_LOOP('',(#2358,#2359,#2360));
#495=EDGE_LOOP('',(#2361,#2362,#2363,#2364));
#496=EDGE_LOOP('',(#2365,#2366,#2367));
#497=EDGE_LOOP('',(#2368,#2369,#2370,#2371));
#498=EDGE_LOOP('',(#2372,#2373,#2374,#2375));
#499=EDGE_LOOP('',(#2376,#2377,#2378));
#500=EDGE_LOOP('',(#2379,#2380,#2381,#2382));
#501=EDGE_LOOP('',(#2383,#2384,#2385));
#502=EDGE_LOOP('',(#2386,#2387,#2388,#2389));
#503=EDGE_LOOP('',(#2390,#2391,#2392,#2393));
#504=EDGE_LOOP('',(#2394,#2395,#2396,#2397));
#505=EDGE_LOOP('',(#2398,#2399,#2400,#2401));
#506=EDGE_LOOP('',(#2402,#2403,#2404));
#507=EDGE_LOOP('',(#2405,#2406,#2407,#2408));
#508=EDGE_LOOP('',(#2409,#2410,#2411,#2412));
#509=EDGE_LOOP('',(#2413,#2414,#2415,#2416,#2417,#2418));
#510=EDGE_LOOP('',(#2419,#2420,#2421,#2422));
#511=EDGE_LOOP('',(#2423,#2424,#2425,#2426));
#512=EDGE_LOOP('',(#2427,#2428,#2429,#2430));
#513=EDGE_LOOP('',(#2431,#2432,#2433,#2434));
#514=EDGE_LOOP('',(#2435,#2436,#2437,#2438));
#515=EDGE_LOOP('',(#2439,#2440,#2441,#2442));
#516=EDGE_LOOP('',(#2443,#2444,#2445,#2446));
#517=EDGE_LOOP('',(#2447,#2448,#2449,#2450,#2451,#2452,#2453));
#518=EDGE_LOOP('',(#2454,#2455,#2456,#2457));
#519=EDGE_LOOP('',(#2458,#2459,#2460,#2461));
#520=EDGE_LOOP('',(#2462,#2463,#2464,#2465));
#521=EDGE_LOOP('',(#2466,#2467,#2468,#2469));
#522=EDGE_LOOP('',(#2470,#2471,#2472,#2473));
#523=EDGE_LOOP('',(#2474,#2475,#2476,#2477));
#524=EDGE_LOOP('',(#2478,#2479,#2480,#2481,#2482,#2483,#2484));
#525=EDGE_LOOP('',(#2485,#2486,#2487,#2488));
#526=EDGE_LOOP('',(#2489,#2490,#2491,#2492,#2493,#2494,#2495));
#527=EDGE_LOOP('',(#2496,#2497,#2498,#2499));
#528=EDGE_LOOP('',(#2500,#2501,#2502,#2503,#2504,#2505,#2506,#2507,#2508,
#2509,#2510));
#529=EDGE_LOOP('',(#2511,#2512,#2513,#2514,#2515,#2516,#2517,#2518,#2519,
#2520,#2521));
#530=EDGE_LOOP('',(#2522,#2523,#2524,#2525,#2526,#2527,#2528,#2529,#2530,
#2531,#2532,#2533,#2534,#2535));
#531=EDGE_LOOP('',(#2536,#2537,#2538,#2539));
#532=EDGE_LOOP('',(#2540,#2541,#2542,#2543,#2544,#2545));
#533=EDGE_LOOP('',(#2546,#2547,#2548,#2549,#2550,#2551));
#534=EDGE_LOOP('',(#2552,#2553,#2554,#2555));
#535=EDGE_LOOP('',(#2556,#2557,#2558,#2559));
#536=EDGE_LOOP('',(#2560,#2561,#2562,#2563,#2564,#2565,#2566,#2567,#2568,
#2569,#2570,#2571));
#537=EDGE_LOOP('',(#2572,#2573,#2574,#2575,#2576,#2577,#2578,#2579,#2580,
#2581,#2582,#2583));
#538=EDGE_LOOP('',(#2584,#2585,#2586,#2587));
#539=EDGE_LOOP('',(#2588,#2589,#2590,#2591));
#540=EDGE_LOOP('',(#2592,#2593,#2594,#2595));
#541=EDGE_LOOP('',(#2596,#2597,#2598,#2599));
#542=EDGE_LOOP('',(#2600,#2601,#2602,#2603,#2604));
#543=EDGE_LOOP('',(#2605,#2606,#2607,#2608));
#544=EDGE_LOOP('',(#2609,#2610,#2611,#2612,#2613,#2614,#2615));
#545=EDGE_LOOP('',(#2616,#2617,#2618,#2619));
#546=EDGE_LOOP('',(#2620,#2621,#2622,#2623,#2624));
#547=EDGE_LOOP('',(#2625,#2626,#2627,#2628,#2629,#2630));
#548=EDGE_LOOP('',(#2631,#2632,#2633,#2634,#2635,#2636,#2637,#2638,#2639,
#2640));
#549=EDGE_LOOP('',(#2641));
#550=EDGE_LOOP('',(#2642,#2643,#2644,#2645,#2646,#2647));
#551=EDGE_LOOP('',(#2648,#2649,#2650,#2651,#2652,#2653));
#552=EDGE_LOOP('',(#2654,#2655,#2656,#2657,#2658));
#553=EDGE_LOOP('',(#2659,#2660,#2661,#2662,#2663));
#554=EDGE_LOOP('',(#2664,#2665,#2666,#2667));
#555=EDGE_LOOP('',(#2668,#2669,#2670,#2671,#2672,#2673,#2674));
#556=EDGE_LOOP('',(#2675,#2676,#2677,#2678));
#557=EDGE_LOOP('',(#2679,#2680,#2681,#2682,#2683,#2684,#2685,#2686,#2687,
#2688,#2689,#2690,#2691,#2692,#2693,#2694,#2695,#2696,#2697,#2698));
#558=EDGE_LOOP('',(#2699));
#559=EDGE_LOOP('',(#2700));
#560=EDGE_LOOP('',(#2701,#2702,#2703,#2704));
#561=EDGE_LOOP('',(#2705,#2706,#2707,#2708,#2709,#2710));
#562=LINE('',#4153,#875);
#563=LINE('',#4155,#876);
#564=LINE('',#4157,#877);
#565=LINE('',#4158,#878);
#566=LINE('',#4161,#879);
#567=LINE('',#4163,#880);
#568=LINE('',#4164,#881);
#569=LINE('',#4167,#882);
#570=LINE('',#4169,#883);
#571=LINE('',#4170,#884);
#572=LINE('',#4172,#885);
#573=LINE('',#4173,#886);
#574=LINE('',#4176,#887);
#575=LINE('',#4178,#888);
#576=LINE('',#4179,#889);
#577=LINE('',#4182,#890);
#578=LINE('',#4183,#891);
#579=LINE('',#4187,#892);
#580=LINE('',#4189,#893);
#581=LINE('',#4191,#894);
#582=LINE('',#4193,#895);
#583=LINE('',#4197,#896);
#584=LINE('',#4199,#897);
#585=LINE('',#4201,#898);
#586=LINE('',#4203,#899);
#587=LINE('',#4205,#900);
#588=LINE('',#4208,#901);
#589=LINE('',#4225,#902);
#590=LINE('',#4227,#903);
#591=LINE('',#4228,#904);
#592=LINE('',#4231,#905);
#593=LINE('',#4233,#906);
#594=LINE('',#4234,#907);
#595=LINE('',#4237,#908);
#596=LINE('',#4238,#909);
#597=LINE('',#4239,#910);
#598=LINE('',#4241,#911);
#599=LINE('',#4243,#912);
#600=LINE('',#4247,#913);
#601=LINE('',#4249,#914);
#602=LINE('',#4251,#915);
#603=LINE('',#4253,#916);
#604=LINE('',#4257,#917);
#605=LINE('',#4259,#918);
#606=LINE('',#4261,#919);
#607=LINE('',#4263,#920);
#608=LINE('',#4265,#921);
#609=LINE('',#4268,#922);
#610=LINE('',#4273,#923);
#611=LINE('',#4275,#924);
#612=LINE('',#4277,#925);
#613=LINE('',#4278,#926);
#614=LINE('',#4281,#927);
#615=LINE('',#4283,#928);
#616=LINE('',#4284,#929);
#617=LINE('',#4287,#930);
#618=LINE('',#4289,#931);
#619=LINE('',#4291,#932);
#620=LINE('',#4295,#933);
#621=LINE('',#4297,#934);
#622=LINE('',#4298,#935);
#623=LINE('',#4301,#936);
#624=LINE('',#4303,#937);
#625=LINE('',#4304,#938);
#626=LINE('',#4307,#939);
#627=LINE('',#4309,#940);
#628=LINE('',#4316,#941);
#629=LINE('',#4318,#942);
#630=LINE('',#4320,#943);
#631=LINE('',#4321,#944);
#632=LINE('',#4324,#945);
#633=LINE('',#4326,#946);
#634=LINE('',#4327,#947);
#635=LINE('',#4330,#948);
#636=LINE('',#4332,#949);
#637=LINE('',#4334,#950);
#638=LINE('',#4338,#951);
#639=LINE('',#4340,#952);
#640=LINE('',#4341,#953);
#641=LINE('',#4344,#954);
#642=LINE('',#4346,#955);
#643=LINE('',#4347,#956);
#644=LINE('',#4350,#957);
#645=LINE('',#4352,#958);
#646=LINE('',#4359,#959);
#647=LINE('',#4361,#960);
#648=LINE('',#4363,#961);
#649=LINE('',#4364,#962);
#650=LINE('',#4367,#963);
#651=LINE('',#4369,#964);
#652=LINE('',#4370,#965);
#653=LINE('',#4373,#966);
#654=LINE('',#4375,#967);
#655=LINE('',#4376,#968);
#656=LINE('',#4379,#969);
#657=LINE('',#4381,#970);
#658=LINE('',#4382,#971);
#659=LINE('',#4385,#972);
#660=LINE('',#4389,#973);
#661=LINE('',#4390,#974);
#662=LINE('',#4394,#975);
#663=LINE('',#4395,#976);
#664=LINE('',#4402,#977);
#665=LINE('',#4404,#978);
#666=LINE('',#4406,#979);
#667=LINE('',#4407,#980);
#668=LINE('',#4410,#981);
#669=LINE('',#4412,#982);
#670=LINE('',#4413,#983);
#671=LINE('',#4416,#984);
#672=LINE('',#4418,#985);
#673=LINE('',#4420,#986);
#674=LINE('',#4425,#987);
#675=LINE('',#4427,#988);
#676=LINE('',#4429,#989);
#677=LINE('',#4430,#990);
#678=LINE('',#4433,#991);
#679=LINE('',#4435,#992);
#680=LINE('',#4437,#993);
#681=LINE('',#4438,#994);
#682=LINE('',#4444,#995);
#683=LINE('',#4448,#996);
#684=LINE('',#4451,#997);
#685=LINE('',#4454,#998);
#686=LINE('',#4458,#999);
#687=LINE('',#4461,#1000);
#688=LINE('',#4464,#1001);
#689=LINE('',#4466,#1002);
#690=LINE('',#4468,#1003);
#691=LINE('',#4470,#1004);
#692=LINE('',#4472,#1005);
#693=LINE('',#4474,#1006);
#694=LINE('',#4476,#1007);
#695=LINE('',#4477,#1008);
#696=LINE('',#4480,#1009);
#697=LINE('',#4484,#1010);
#698=LINE('',#4487,#1011);
#699=LINE('',#4491,#1012);
#700=LINE('',#4495,#1013);
#701=LINE('',#4499,#1014);
#702=LINE('',#4503,#1015);
#703=LINE('',#4507,#1016);
#704=LINE('',#4509,#1017);
#705=LINE('',#4511,#1018);
#706=LINE('',#4512,#1019);
#707=LINE('',#4515,#1020);
#708=LINE('',#4517,#1021);
#709=LINE('',#4518,#1022);
#710=LINE('',#4520,#1023);
#711=LINE('',#4522,#1024);
#712=LINE('',#4523,#1025);
#713=LINE('',#4527,#1026);
#714=LINE('',#4529,#1027);
#715=LINE('',#4531,#1028);
#716=LINE('',#4532,#1029);
#717=LINE('',#4535,#1030);
#718=LINE('',#4537,#1031);
#719=LINE('',#4538,#1032);
#720=LINE('',#4539,#1033);
#721=LINE('',#4542,#1034);
#722=LINE('',#4544,#1035);
#723=LINE('',#4545,#1036);
#724=LINE('',#4549,#1037);
#725=LINE('',#4551,#1038);
#726=LINE('',#4553,#1039);
#727=LINE('',#4554,#1040);
#728=LINE('',#4558,#1041);
#729=LINE('',#4560,#1042);
#730=LINE('',#4562,#1043);
#731=LINE('',#4563,#1044);
#732=LINE('',#4566,#1045);
#733=LINE('',#4570,#1046);
#734=LINE('',#4572,#1047);
#735=LINE('',#4574,#1048);
#736=LINE('',#4576,#1049);
#737=LINE('',#4580,#1050);
#738=LINE('',#4584,#1051);
#739=LINE('',#4585,#1052);
#740=LINE('',#4589,#1053);
#741=LINE('',#4591,#1054);
#742=LINE('',#4593,#1055);
#743=LINE('',#4594,#1056);
#744=LINE('',#4597,#1057);
#745=LINE('',#4599,#1058);
#746=LINE('',#4600,#1059);
#747=LINE('',#4604,#1060);
#748=LINE('',#4605,#1061);
#749=LINE('',#4606,#1062);
#750=LINE('',#4616,#1063);
#751=LINE('',#4618,#1064);
#752=LINE('',#4620,#1065);
#753=LINE('',#4622,#1066);
#754=LINE('',#4623,#1067);
#755=LINE('',#4625,#1068);
#756=LINE('',#4626,#1069);
#757=LINE('',#4629,#1070);
#758=LINE('',#4631,#1071);
#759=LINE('',#4632,#1072);
#760=LINE('',#4636,#1073);
#761=LINE('',#4639,#1074);
#762=LINE('',#4640,#1075);
#763=LINE('',#4643,#1076);
#764=LINE('',#4645,#1077);
#765=LINE('',#4646,#1078);
#766=LINE('',#4651,#1079);
#767=LINE('',#4652,#1080);
#768=LINE('',#4653,#1081);
#769=LINE('',#4655,#1082);
#770=LINE('',#4656,#1083);
#771=LINE('',#4659,#1084);
#772=LINE('',#4661,#1085);
#773=LINE('',#4663,#1086);
#774=LINE('',#4667,#1087);
#775=LINE('',#4673,#1088);
#776=LINE('',#4678,#1089);
#777=LINE('',#4683,#1090);
#778=LINE('',#4687,#1091);
#779=LINE('',#4692,#1092);
#780=LINE('',#4697,#1093);
#781=LINE('',#4702,#1094);
#782=LINE('',#4722,#1095);
#783=LINE('',#4723,#1096);
#784=LINE('',#4728,#1097);
#785=LINE('',#4729,#1098);
#786=LINE('',#4750,#1099);
#787=LINE('',#4752,#1100);
#788=LINE('',#4753,#1101);
#789=LINE('',#4765,#1102);
#790=LINE('',#4766,#1103);
#791=LINE('',#4785,#1104);
#792=LINE('',#4786,#1105);
#793=LINE('',#4792,#1106);
#794=LINE('',#4793,#1107);
#795=LINE('',#4797,#1108);
#796=LINE('',#4803,#1109);
#797=LINE('',#4804,#1110);
#798=LINE('',#4812,#1111);
#799=LINE('',#4813,#1112);
#800=LINE('',#4817,#1113);
#801=LINE('',#4823,#1114);
#802=LINE('',#4828,#1115);
#803=LINE('',#4833,#1116);
#804=LINE('',#4836,#1117);
#805=LINE('',#4840,#1118);
#806=LINE('',#4846,#1119);
#807=LINE('',#4848,#1120);
#808=LINE('',#4849,#1121);
#809=LINE('',#4851,#1122);
#810=LINE('',#4853,#1123);
#811=LINE('',#4855,#1124);
#812=LINE('',#4860,#1125);
#813=LINE('',#4861,#1126);
#814=LINE('',#4863,#1127);
#815=LINE('',#4868,#1128);
#816=LINE('',#4869,#1129);
#817=LINE('',#4874,#1130);
#818=LINE('',#4875,#1131);
#819=LINE('',#4877,#1132);
#820=LINE('',#4880,#1133);
#821=LINE('',#4882,#1134);
#822=LINE('',#4884,#1135);
#823=LINE('',#4885,#1136);
#824=LINE('',#4888,#1137);
#825=LINE('',#4892,#1138);
#826=LINE('',#4894,#1139);
#827=LINE('',#4895,#1140);
#828=LINE('',#4897,#1141);
#829=LINE('',#4903,#1142);
#830=LINE('',#4905,#1143);
#831=LINE('',#4906,#1144);
#832=LINE('',#4909,#1145);
#833=LINE('',#4911,#1146);
#834=LINE('',#4912,#1147);
#835=LINE('',#4915,#1148);
#836=LINE('',#4917,#1149);
#837=LINE('',#4918,#1150);
#838=LINE('',#4922,#1151);
#839=LINE('',#4924,#1152);
#840=LINE('',#4926,#1153);
#841=LINE('',#4927,#1154);
#842=LINE('',#4929,#1155);
#843=LINE('',#4930,#1156);
#844=LINE('',#4932,#1157);
#845=LINE('',#4934,#1158);
#846=LINE('',#4936,#1159);
#847=LINE('',#4939,#1160);
#848=LINE('',#4942,#1161);
#849=LINE('',#4944,#1162);
#850=LINE('',#4946,#1163);
#851=LINE('',#4949,#1164);
#852=LINE('',#4951,#1165);
#853=LINE('',#4953,#1166);
#854=LINE('',#4956,#1167);
#855=LINE('',#4959,#1168);
#856=LINE('',#4960,#1169);
#857=LINE('',#4963,#1170);
#858=LINE('',#4964,#1171);
#859=LINE('',#4966,#1172);
#860=LINE('',#4968,#1173);
#861=LINE('',#4969,#1174);
#862=LINE('',#4972,#1175);
#863=LINE('',#4973,#1176);
#864=LINE('',#4975,#1177);
#865=LINE('',#4977,#1178);
#866=LINE('',#4979,#1179);
#867=LINE('',#4980,#1180);
#868=LINE('',#4982,#1181);
#869=LINE('',#4984,#1182);
#870=LINE('',#4987,#1183);
#871=LINE('',#4992,#1184);
#872=LINE('',#4994,#1185);
#873=LINE('',#4997,#1186);
#874=LINE('',#4998,#1187);
#875=VECTOR('',#3282,10.);
#876=VECTOR('',#3283,10.);
#877=VECTOR('',#3284,10.);
#878=VECTOR('',#3285,10.);
#879=VECTOR('',#3288,10.);
#880=VECTOR('',#3289,10.);
#881=VECTOR('',#3290,10.);
#882=VECTOR('',#3293,10.);
#883=VECTOR('',#3294,10.);
#884=VECTOR('',#3295,10.);
#885=VECTOR('',#3298,10.);
#886=VECTOR('',#3299,10.);
#887=VECTOR('',#3302,10.);
#888=VECTOR('',#3303,10.);
#889=VECTOR('',#3304,10.);
#890=VECTOR('',#3307,10.);
#891=VECTOR('',#3308,10.);
#892=VECTOR('',#3311,10.);
#893=VECTOR('',#3312,10.);
#894=VECTOR('',#3313,10.);
#895=VECTOR('',#3314,10.);
#896=VECTOR('',#3317,10.);
#897=VECTOR('',#3318,10.);
#898=VECTOR('',#3319,10.);
#899=VECTOR('',#3320,10.);
#900=VECTOR('',#3321,10.);
#901=VECTOR('',#3324,10.);
#902=VECTOR('',#3341,10.);
#903=VECTOR('',#3342,10.);
#904=VECTOR('',#3343,10.);
#905=VECTOR('',#3346,10.);
#906=VECTOR('',#3347,10.);
#907=VECTOR('',#3348,10.);
#908=VECTOR('',#3351,10.);
#909=VECTOR('',#3352,10.);
#910=VECTOR('',#3353,10.);
#911=VECTOR('',#3356,10.);
#912=VECTOR('',#3359,10.);
#913=VECTOR('',#3362,10.);
#914=VECTOR('',#3363,10.);
#915=VECTOR('',#3364,10.);
#916=VECTOR('',#3365,10.);
#917=VECTOR('',#3368,10.);
#918=VECTOR('',#3369,10.);
#919=VECTOR('',#3370,10.);
#920=VECTOR('',#3371,10.);
#921=VECTOR('',#3372,10.);
#922=VECTOR('',#3375,10.);
#923=VECTOR('',#3380,10.);
#924=VECTOR('',#3381,10.);
#925=VECTOR('',#3382,10.);
#926=VECTOR('',#3383,10.);
#927=VECTOR('',#3386,10.);
#928=VECTOR('',#3387,10.);
#929=VECTOR('',#3388,10.);
#930=VECTOR('',#3391,10.);
#931=VECTOR('',#3392,10.);
#932=VECTOR('',#3393,10.);
#933=VECTOR('',#3398,10.);
#934=VECTOR('',#3399,10.);
#935=VECTOR('',#3400,10.);
#936=VECTOR('',#3403,10.);
#937=VECTOR('',#3404,10.);
#938=VECTOR('',#3405,10.);
#939=VECTOR('',#3408,10.);
#940=VECTOR('',#3411,10.);
#941=VECTOR('',#3418,10.);
#942=VECTOR('',#3419,10.);
#943=VECTOR('',#3420,10.);
#944=VECTOR('',#3421,10.);
#945=VECTOR('',#3424,10.);
#946=VECTOR('',#3425,10.);
#947=VECTOR('',#3426,10.);
#948=VECTOR('',#3429,10.);
#949=VECTOR('',#3430,10.);
#950=VECTOR('',#3431,10.);
#951=VECTOR('',#3436,10.);
#952=VECTOR('',#3437,10.);
#953=VECTOR('',#3438,10.);
#954=VECTOR('',#3441,10.);
#955=VECTOR('',#3442,10.);
#956=VECTOR('',#3443,10.);
#957=VECTOR('',#3446,10.);
#958=VECTOR('',#3449,10.);
#959=VECTOR('',#3456,10.);
#960=VECTOR('',#3457,10.);
#961=VECTOR('',#3458,10.);
#962=VECTOR('',#3459,10.);
#963=VECTOR('',#3462,10.);
#964=VECTOR('',#3463,10.);
#965=VECTOR('',#3464,10.);
#966=VECTOR('',#3467,10.);
#967=VECTOR('',#3468,10.);
#968=VECTOR('',#3469,10.);
#969=VECTOR('',#3472,10.);
#970=VECTOR('',#3473,10.);
#971=VECTOR('',#3474,10.);
#972=VECTOR('',#3477,10.);
#973=VECTOR('',#3480,10.);
#974=VECTOR('',#3481,10.);
#975=VECTOR('',#3486,10.);
#976=VECTOR('',#3487,10.);
#977=VECTOR('',#3494,10.);
#978=VECTOR('',#3495,10.);
#979=VECTOR('',#3496,10.);
#980=VECTOR('',#3497,10.);
#981=VECTOR('',#3500,10.);
#982=VECTOR('',#3501,10.);
#983=VECTOR('',#3502,10.);
#984=VECTOR('',#3505,10.);
#985=VECTOR('',#3506,10.);
#986=VECTOR('',#3507,10.);
#987=VECTOR('',#3512,10.);
#988=VECTOR('',#3513,10.);
#989=VECTOR('',#3514,10.);
#990=VECTOR('',#3515,10.);
#991=VECTOR('',#3518,10.);
#992=VECTOR('',#3521,10.);
#993=VECTOR('',#3524,10.);
#994=VECTOR('',#3525,10.);
#995=VECTOR('',#3532,10.);
#996=VECTOR('',#3535,10.);
#997=VECTOR('',#3538,10.);
#998=VECTOR('',#3541,10.);
#999=VECTOR('',#3544,10.);
#1000=VECTOR('',#3547,10.);
#1001=VECTOR('',#3550,10.);
#1002=VECTOR('',#3551,10.);
#1003=VECTOR('',#3552,10.);
#1004=VECTOR('',#3553,10.);
#1005=VECTOR('',#3554,10.);
#1006=VECTOR('',#3555,10.);
#1007=VECTOR('',#3556,10.);
#1008=VECTOR('',#3557,10.);
#1009=VECTOR('',#3560,10.);
#1010=VECTOR('',#3563,10.);
#1011=VECTOR('',#3566,10.);
#1012=VECTOR('',#3571,1.5);
#1013=VECTOR('',#3576,1.5);
#1014=VECTOR('',#3581,1.5);
#1015=VECTOR('',#3586,1.5);
#1016=VECTOR('',#3589,10.);
#1017=VECTOR('',#3590,10.);
#1018=VECTOR('',#3591,10.);
#1019=VECTOR('',#3592,10.);
#1020=VECTOR('',#3595,10.);
#1021=VECTOR('',#3596,10.);
#1022=VECTOR('',#3597,10.);
#1023=VECTOR('',#3600,10.);
#1024=VECTOR('',#3601,10.);
#1025=VECTOR('',#3602,10.);
#1026=VECTOR('',#3605,10.);
#1027=VECTOR('',#3606,10.);
#1028=VECTOR('',#3607,10.);
#1029=VECTOR('',#3608,10.);
#1030=VECTOR('',#3611,10.);
#1031=VECTOR('',#3612,10.);
#1032=VECTOR('',#3613,10.);
#1033=VECTOR('',#3614,10.);
#1034=VECTOR('',#3617,10.);
#1035=VECTOR('',#3618,10.);
#1036=VECTOR('',#3619,10.);
#1037=VECTOR('',#3622,10.);
#1038=VECTOR('',#3623,10.);
#1039=VECTOR('',#3624,10.);
#1040=VECTOR('',#3625,10.);
#1041=VECTOR('',#3628,10.);
#1042=VECTOR('',#3629,10.);
#1043=VECTOR('',#3630,10.);
#1044=VECTOR('',#3631,10.);
#1045=VECTOR('',#3636,10.);
#1046=VECTOR('',#3641,10.);
#1047=VECTOR('',#3644,10.);
#1048=VECTOR('',#3645,10.);
#1049=VECTOR('',#3646,10.);
#1050=VECTOR('',#3649,10.);
#1051=VECTOR('',#3652,10.);
#1052=VECTOR('',#3653,10.);
#1053=VECTOR('',#3656,10.);
#1054=VECTOR('',#3657,10.);
#1055=VECTOR('',#3658,10.);
#1056=VECTOR('',#3659,10.);
#1057=VECTOR('',#3662,10.);
#1058=VECTOR('',#3663,10.);
#1059=VECTOR('',#3664,10.);
#1060=VECTOR('',#3667,10.);
#1061=VECTOR('',#3668,10.);
#1062=VECTOR('',#3669,10.);
#1063=VECTOR('',#3686,10.);
#1064=VECTOR('',#3687,10.);
#1065=VECTOR('',#3688,10.);
#1066=VECTOR('',#3689,10.);
#1067=VECTOR('',#3690,10.);
#1068=VECTOR('',#3693,10.);
#1069=VECTOR('',#3694,10.);
#1070=VECTOR('',#3697,10.);
#1071=VECTOR('',#3698,10.);
#1072=VECTOR('',#3699,10.);
#1073=VECTOR('',#3704,10.);
#1074=VECTOR('',#3707,10.);
#1075=VECTOR('',#3708,10.);
#1076=VECTOR('',#3711,10.);
#1077=VECTOR('',#3712,10.);
#1078=VECTOR('',#3713,10.);
#1079=VECTOR('',#3720,10.);
#1080=VECTOR('',#3721,10.);
#1081=VECTOR('',#3722,10.);
#1082=VECTOR('',#3723,10.);
#1083=VECTOR('',#3724,10.);
#1084=VECTOR('',#3727,10.);
#1085=VECTOR('',#3728,10.);
#1086=VECTOR('',#3729,10.);
#1087=VECTOR('',#3732,10.);
#1088=VECTOR('',#3741,1.1);
#1089=VECTOR('',#3748,1.10000117298762);
#1090=VECTOR('',#3755,1.1);
#1091=VECTOR('',#3760,3.);
#1092=VECTOR('',#3767,3.);
#1093=VECTOR('',#3774,3.);
#1094=VECTOR('',#3781,3.);
#1095=VECTOR('',#3808,10.);
#1096=VECTOR('',#3809,10.);
#1097=VECTOR('',#3814,10.);
#1098=VECTOR('',#3815,10.);
#1099=VECTOR('',#3846,10.);
#1100=VECTOR('',#3849,10.);
#1101=VECTOR('',#3850,10.);
#1102=VECTOR('',#3863,10.);
#1103=VECTOR('',#3864,10.);
#1104=VECTOR('',#3889,10.);
#1105=VECTOR('',#3890,10.);
#1106=VECTOR('',#3899,10.);
#1107=VECTOR('',#3900,10.);
#1108=VECTOR('',#3905,10.);
#1109=VECTOR('',#3914,10.);
#1110=VECTOR('',#3915,10.);
#1111=VECTOR('',#3926,10.);
#1112=VECTOR('',#3927,10.);
#1113=VECTOR('',#3932,10.);
#1114=VECTOR('',#3941,10.);
#1115=VECTOR('',#3950,10.);
#1116=VECTOR('',#3959,10.);
#1117=VECTOR('',#3964,10.);
#1118=VECTOR('',#3969,10.);
#1119=VECTOR('',#3978,10.);
#1120=VECTOR('',#3981,10.);
#1121=VECTOR('',#3982,10.);
#1122=VECTOR('',#3985,10.);
#1123=VECTOR('',#3988,10.);
#1124=VECTOR('',#3991,10.);
#1125=VECTOR('',#3996,10.);
#1126=VECTOR('',#3997,10.);
#1127=VECTOR('',#4000,10.);
#1128=VECTOR('',#4005,10.);
#1129=VECTOR('',#4006,10.);
#1130=VECTOR('',#4011,10.);
#1131=VECTOR('',#4012,10.);
#1132=VECTOR('',#4015,10.);
#1133=VECTOR('',#4018,10.);
#1134=VECTOR('',#4019,10.);
#1135=VECTOR('',#4020,10.);
#1136=VECTOR('',#4021,10.);
#1137=VECTOR('',#4024,10.);
#1138=VECTOR('',#4029,10.);
#1139=VECTOR('',#4030,10.);
#1140=VECTOR('',#4031,10.);
#1141=VECTOR('',#4034,10.);
#1142=VECTOR('',#4043,10.);
#1143=VECTOR('',#4044,10.);
#1144=VECTOR('',#4045,10.);
#1145=VECTOR('',#4048,10.);
#1146=VECTOR('',#4049,10.);
#1147=VECTOR('',#4050,10.);
#1148=VECTOR('',#4053,10.);
#1149=VECTOR('',#4054,10.);
#1150=VECTOR('',#4055,10.);
#1151=VECTOR('',#4058,10.);
#1152=VECTOR('',#4059,10.);
#1153=VECTOR('',#4060,10.);
#1154=VECTOR('',#4061,10.);
#1155=VECTOR('',#4064,10.);
#1156=VECTOR('',#4065,10.);
#1157=VECTOR('',#4068,10.);
#1158=VECTOR('',#4069,10.);
#1159=VECTOR('',#4070,10.);
#1160=VECTOR('',#4073,10.);
#1161=VECTOR('',#4076,10.);
#1162=VECTOR('',#4077,10.);
#1163=VECTOR('',#4078,10.);
#1164=VECTOR('',#4081,10.);
#1165=VECTOR('',#4082,10.);
#1166=VECTOR('',#4083,10.);
#1167=VECTOR('',#4086,10.);
#1168=VECTOR('',#4089,10.);
#1169=VECTOR('',#4090,10.);
#1170=VECTOR('',#4093,10.);
#1171=VECTOR('',#4094,10.);
#1172=VECTOR('',#4097,10.);
#1173=VECTOR('',#4100,10.);
#1174=VECTOR('',#4101,10.);
#1175=VECTOR('',#4104,10.);
#1176=VECTOR('',#4105,10.);
#1177=VECTOR('',#4108,10.);
#1178=VECTOR('',#4111,10.);
#1179=VECTOR('',#4114,10.);
#1180=VECTOR('',#4115,10.);
#1181=VECTOR('',#4118,10.);
#1182=VECTOR('',#4121,10.);
#1183=VECTOR('',#4126,10.);
#1184=VECTOR('',#4135,10.);
#1185=VECTOR('',#4138,10.);
#1186=VECTOR('',#4143,10.);
#1187=VECTOR('',#4144,10.);
#1188=VERTEX_POINT('',#4151);
#1189=VERTEX_POINT('',#4152);
#1190=VERTEX_POINT('',#4154);
#1191=VERTEX_POINT('',#4156);
#1192=VERTEX_POINT('',#4160);
#1193=VERTEX_POINT('',#4162);
#1194=VERTEX_POINT('',#4166);
#1195=VERTEX_POINT('',#4168);
#1196=VERTEX_POINT('',#4175);
#1197=VERTEX_POINT('',#4177);
#1198=VERTEX_POINT('',#4181);
#1199=VERTEX_POINT('',#4185);
#1200=VERTEX_POINT('',#4186);
#1201=VERTEX_POINT('',#4188);
#1202=VERTEX_POINT('',#4190);
#1203=VERTEX_POINT('',#4192);
#1204=VERTEX_POINT('',#4194);
#1205=VERTEX_POINT('',#4196);
#1206=VERTEX_POINT('',#4198);
#1207=VERTEX_POINT('',#4200);
#1208=VERTEX_POINT('',#4202);
#1209=VERTEX_POINT('',#4204);
#1210=VERTEX_POINT('',#4206);
#1211=VERTEX_POINT('',#4209);
#1212=VERTEX_POINT('',#4211);
#1213=VERTEX_POINT('',#4213);
#1214=VERTEX_POINT('',#4215);
#1215=VERTEX_POINT('',#4217);
#1216=VERTEX_POINT('',#4219);
#1217=VERTEX_POINT('',#4221);
#1218=VERTEX_POINT('',#4224);
#1219=VERTEX_POINT('',#4226);
#1220=VERTEX_POINT('',#4230);
#1221=VERTEX_POINT('',#4232);
#1222=VERTEX_POINT('',#4236);
#1223=VERTEX_POINT('',#4245);
#1224=VERTEX_POINT('',#4246);
#1225=VERTEX_POINT('',#4248);
#1226=VERTEX_POINT('',#4250);
#1227=VERTEX_POINT('',#4252);
#1228=VERTEX_POINT('',#4254);
#1229=VERTEX_POINT('',#4256);
#1230=VERTEX_POINT('',#4258);
#1231=VERTEX_POINT('',#4260);
#1232=VERTEX_POINT('',#4262);
#1233=VERTEX_POINT('',#4264);
#1234=VERTEX_POINT('',#4266);
#1235=VERTEX_POINT('',#4271);
#1236=VERTEX_POINT('',#4272);
#1237=VERTEX_POINT('',#4274);
#1238=VERTEX_POINT('',#4276);
#1239=VERTEX_POINT('',#4280);
#1240=VERTEX_POINT('',#4282);
#1241=VERTEX_POINT('',#4286);
#1242=VERTEX_POINT('',#4288);
#1243=VERTEX_POINT('',#4290);
#1244=VERTEX_POINT('',#4294);
#1245=VERTEX_POINT('',#4296);
#1246=VERTEX_POINT('',#4300);
#1247=VERTEX_POINT('',#4302);
#1248=VERTEX_POINT('',#4306);
#1249=VERTEX_POINT('',#4311);
#1250=VERTEX_POINT('',#4314);
#1251=VERTEX_POINT('',#4315);
#1252=VERTEX_POINT('',#4317);
#1253=VERTEX_POINT('',#4319);
#1254=VERTEX_POINT('',#4323);
#1255=VERTEX_POINT('',#4325);
#1256=VERTEX_POINT('',#4329);
#1257=VERTEX_POINT('',#4331);
#1258=VERTEX_POINT('',#4333);
#1259=VERTEX_POINT('',#4337);
#1260=VERTEX_POINT('',#4339);
#1261=VERTEX_POINT('',#4343);
#1262=VERTEX_POINT('',#4345);
#1263=VERTEX_POINT('',#4349);
#1264=VERTEX_POINT('',#4354);
#1265=VERTEX_POINT('',#4357);
#1266=VERTEX_POINT('',#4358);
#1267=VERTEX_POINT('',#4360);
#1268=VERTEX_POINT('',#4362);
#1269=VERTEX_POINT('',#4366);
#1270=VERTEX_POINT('',#4368);
#1271=VERTEX_POINT('',#4372);
#1272=VERTEX_POINT('',#4374);
#1273=VERTEX_POINT('',#4378);
#1274=VERTEX_POINT('',#4380);
#1275=VERTEX_POINT('',#4384);
#1276=VERTEX_POINT('',#4386);
#1277=VERTEX_POINT('',#4388);
#1278=VERTEX_POINT('',#4392);
#1279=VERTEX_POINT('',#4397);
#1280=VERTEX_POINT('',#4400);
#1281=VERTEX_POINT('',#4401);
#1282=VERTEX_POINT('',#4403);
#1283=VERTEX_POINT('',#4405);
#1284=VERTEX_POINT('',#4409);
#1285=VERTEX_POINT('',#4411);
#1286=VERTEX_POINT('',#4415);
#1287=VERTEX_POINT('',#4417);
#1288=VERTEX_POINT('',#4419);
#1289=VERTEX_POINT('',#4423);
#1290=VERTEX_POINT('',#4424);
#1291=VERTEX_POINT('',#4426);
#1292=VERTEX_POINT('',#4428);
#1293=VERTEX_POINT('',#4432);
#1294=VERTEX_POINT('',#4440);
#1295=VERTEX_POINT('',#4443);
#1296=VERTEX_POINT('',#4445);
#1297=VERTEX_POINT('',#4447);
#1298=VERTEX_POINT('',#4449);
#1299=VERTEX_POINT('',#4453);
#1300=VERTEX_POINT('',#4455);
#1301=VERTEX_POINT('',#4457);
#1302=VERTEX_POINT('',#4459);
#1303=VERTEX_POINT('',#4463);
#1304=VERTEX_POINT('',#4465);
#1305=VERTEX_POINT('',#4467);
#1306=VERTEX_POINT('',#4469);
#1307=VERTEX_POINT('',#4471);
#1308=VERTEX_POINT('',#4473);
#1309=VERTEX_POINT('',#4475);
#1310=VERTEX_POINT('',#4479);
#1311=VERTEX_POINT('',#4481);
#1312=VERTEX_POINT('',#4483);
#1313=VERTEX_POINT('',#4485);
#1314=VERTEX_POINT('',#4489);
#1315=VERTEX_POINT('',#4493);
#1316=VERTEX_POINT('',#4497);
#1317=VERTEX_POINT('',#4501);
#1318=VERTEX_POINT('',#4505);
#1319=VERTEX_POINT('',#4506);
#1320=VERTEX_POINT('',#4508);
#1321=VERTEX_POINT('',#4510);
#1322=VERTEX_POINT('',#4514);
#1323=VERTEX_POINT('',#4516);
#1324=VERTEX_POINT('',#4521);
#1325=VERTEX_POINT('',#4525);
#1326=VERTEX_POINT('',#4526);
#1327=VERTEX_POINT('',#4528);
#1328=VERTEX_POINT('',#4530);
#1329=VERTEX_POINT('',#4534);
#1330=VERTEX_POINT('',#4536);
#1331=VERTEX_POINT('',#4541);
#1332=VERTEX_POINT('',#4543);
#1333=VERTEX_POINT('',#4547);
#1334=VERTEX_POINT('',#4548);
#1335=VERTEX_POINT('',#4550);
#1336=VERTEX_POINT('',#4552);
#1337=VERTEX_POINT('',#4556);
#1338=VERTEX_POINT('',#4557);
#1339=VERTEX_POINT('',#4559);
#1340=VERTEX_POINT('',#4561);
#1341=VERTEX_POINT('',#4568);
#1342=VERTEX_POINT('',#4573);
#1343=VERTEX_POINT('',#4575);
#1344=VERTEX_POINT('',#4577);
#1345=VERTEX_POINT('',#4579);
#1346=VERTEX_POINT('',#4581);
#1347=VERTEX_POINT('',#4583);
#1348=VERTEX_POINT('',#4587);
#1349=VERTEX_POINT('',#4588);
#1350=VERTEX_POINT('',#4590);
#1351=VERTEX_POINT('',#4592);
#1352=VERTEX_POINT('',#4596);
#1353=VERTEX_POINT('',#4598);
#1354=VERTEX_POINT('',#4602);
#1355=VERTEX_POINT('',#4603);
#1356=VERTEX_POINT('',#4615);
#1357=VERTEX_POINT('',#4617);
#1358=VERTEX_POINT('',#4619);
#1359=VERTEX_POINT('',#4621);
#1360=VERTEX_POINT('',#4628);
#1361=VERTEX_POINT('',#4630);
#1362=VERTEX_POINT('',#4634);
#1363=VERTEX_POINT('',#4638);
#1364=VERTEX_POINT('',#4642);
#1365=VERTEX_POINT('',#4644);
#1366=VERTEX_POINT('',#4650);
#1367=VERTEX_POINT('',#4654);
#1368=VERTEX_POINT('',#4658);
#1369=VERTEX_POINT('',#4660);
#1370=VERTEX_POINT('',#4662);
#1371=VERTEX_POINT('',#4664);
#1372=VERTEX_POINT('',#4666);
#1373=VERTEX_POINT('',#4670);
#1374=VERTEX_POINT('',#4675);
#1375=VERTEX_POINT('',#4680);
#1376=VERTEX_POINT('',#4685);
#1377=VERTEX_POINT('',#4690);
#1378=VERTEX_POINT('',#4695);
#1379=VERTEX_POINT('',#4700);
#1380=VERTEX_POINT('',#4705);
#1381=VERTEX_POINT('',#4709);
#1382=VERTEX_POINT('',#4711);
#1383=VERTEX_POINT('',#4715);
#1384=VERTEX_POINT('',#4716);
#1385=VERTEX_POINT('',#4718);
#1386=VERTEX_POINT('',#4725);
#1387=VERTEX_POINT('',#4726);
#1388=VERTEX_POINT('',#4734);
#1389=VERTEX_POINT('',#4736);
#1390=VERTEX_POINT('',#4740);
#1391=VERTEX_POINT('',#4744);
#1392=VERTEX_POINT('',#4746);
#1393=VERTEX_POINT('',#4755);
#1394=VERTEX_POINT('',#4756);
#1395=VERTEX_POINT('',#4758);
#1396=VERTEX_POINT('',#4762);
#1397=VERTEX_POINT('',#4763);
#1398=VERTEX_POINT('',#4768);
#1399=VERTEX_POINT('',#4772);
#1400=VERTEX_POINT('',#4773);
#1401=VERTEX_POINT('',#4775);
#1402=VERTEX_POINT('',#4779);
#1403=VERTEX_POINT('',#4781);
#1404=VERTEX_POINT('',#4788);
#1405=VERTEX_POINT('',#4795);
#1406=VERTEX_POINT('',#4799);
#1407=VERTEX_POINT('',#4806);
#1408=VERTEX_POINT('',#4808);
#1409=VERTEX_POINT('',#4815);
#1410=VERTEX_POINT('',#4819);
#1411=VERTEX_POINT('',#4838);
#1412=VERTEX_POINT('',#4842);
#1413=VERTEX_POINT('',#4857);
#1414=VERTEX_POINT('',#4858);
#1415=VERTEX_POINT('',#4865);
#1416=VERTEX_POINT('',#4866);
#1417=VERTEX_POINT('',#4871);
#1418=VERTEX_POINT('',#4872);
#1419=VERTEX_POINT('',#4879);
#1420=VERTEX_POINT('',#4881);
#1421=VERTEX_POINT('',#4883);
#1422=VERTEX_POINT('',#4887);
#1423=VERTEX_POINT('',#4891);
#1424=VERTEX_POINT('',#4893);
#1425=VERTEX_POINT('',#4902);
#1426=VERTEX_POINT('',#4904);
#1427=VERTEX_POINT('',#4908);
#1428=VERTEX_POINT('',#4910);
#1429=VERTEX_POINT('',#4914);
#1430=VERTEX_POINT('',#4916);
#1431=VERTEX_POINT('',#4920);
#1432=VERTEX_POINT('',#4921);
#1433=VERTEX_POINT('',#4923);
#1434=VERTEX_POINT('',#4925);
#1435=VERTEX_POINT('',#4933);
#1436=VERTEX_POINT('',#4935);
#1437=VERTEX_POINT('',#4937);
#1438=VERTEX_POINT('',#4941);
#1439=VERTEX_POINT('',#4943);
#1440=VERTEX_POINT('',#4945);
#1441=VERTEX_POINT('',#4947);
#1442=VERTEX_POINT('',#4950);
#1443=VERTEX_POINT('',#4952);
#1444=VERTEX_POINT('',#4954);
#1445=VERTEX_POINT('',#4958);
#1446=VERTEX_POINT('',#4962);
#1447=VERTEX_POINT('',#4971);
#1448=EDGE_CURVE('',#1188,#1189,#562,.T.);
#1449=EDGE_CURVE('',#1189,#1190,#563,.T.);
#1450=EDGE_CURVE('',#1190,#1191,#564,.T.);
#1451=EDGE_CURVE('',#1191,#1188,#565,.T.);
#1452=EDGE_CURVE('',#1189,#1192,#566,.T.);
#1453=EDGE_CURVE('',#1192,#1193,#567,.T.);
#1454=EDGE_CURVE('',#1193,#1190,#568,.T.);
#1455=EDGE_CURVE('',#1194,#1193,#569,.T.);
#1456=EDGE_CURVE('',#1192,#1195,#570,.T.);
#1457=EDGE_CURVE('',#1195,#1194,#571,.T.);
#1458=EDGE_CURVE('',#1195,#1188,#572,.T.);
#1459=EDGE_CURVE('',#1191,#1194,#573,.T.);
#1460=EDGE_CURVE('',#1191,#1196,#574,.T.);
#1461=EDGE_CURVE('',#1197,#1196,#575,.T.);
#1462=EDGE_CURVE('',#1194,#1197,#576,.T.);
#1463=EDGE_CURVE('',#1190,#1198,#577,.T.);
#1464=EDGE_CURVE('',#1196,#1198,#578,.T.);
#1465=EDGE_CURVE('',#1199,#1200,#579,.T.);
#1466=EDGE_CURVE('',#1200,#1201,#580,.T.);
#1467=EDGE_CURVE('',#1201,#1202,#581,.T.);
#1468=EDGE_CURVE('',#1203,#1202,#582,.T.);
#1469=EDGE_CURVE('',#1204,#1203,#105,.T.);
#1470=EDGE_CURVE('',#1205,#1204,#583,.T.);
#1471=EDGE_CURVE('',#1206,#1205,#584,.T.);
#1472=EDGE_CURVE('',#1207,#1206,#585,.T.);
#1473=EDGE_CURVE('',#1207,#1208,#586,.T.);
#1474=EDGE_CURVE('',#1209,#1208,#587,.T.);
#1475=EDGE_CURVE('',#1210,#1209,#106,.T.);
#1476=EDGE_CURVE('',#1199,#1210,#588,.T.);
#1477=EDGE_CURVE('',#1211,#1211,#107,.T.);
#1478=EDGE_CURVE('',#1212,#1212,#108,.T.);
#1479=EDGE_CURVE('',#1213,#1213,#109,.T.);
#1480=EDGE_CURVE('',#1214,#1214,#110,.T.);
#1481=EDGE_CURVE('',#1215,#1215,#111,.T.);
#1482=EDGE_CURVE('',#1216,#1216,#112,.T.);
#1483=EDGE_CURVE('',#1217,#1217,#113,.T.);
#1484=EDGE_CURVE('',#1198,#1218,#589,.T.);
#1485=EDGE_CURVE('',#1218,#1219,#590,.T.);
#1486=EDGE_CURVE('',#1219,#1196,#591,.T.);
#1487=EDGE_CURVE('',#1220,#1218,#592,.T.);
#1488=EDGE_CURVE('',#1198,#1221,#593,.T.);
#1489=EDGE_CURVE('',#1221,#1220,#594,.T.);
#1490=EDGE_CURVE('',#1222,#1220,#595,.T.);
#1491=EDGE_CURVE('',#1221,#1197,#596,.T.);
#1492=EDGE_CURVE('',#1197,#1222,#597,.T.);
#1493=EDGE_CURVE('',#1219,#1222,#598,.T.);
#1494=EDGE_CURVE('',#1193,#1221,#599,.T.);
#1495=EDGE_CURVE('',#1223,#1224,#600,.T.);
#1496=EDGE_CURVE('',#1225,#1223,#601,.T.);
#1497=EDGE_CURVE('',#1226,#1225,#602,.T.);
#1498=EDGE_CURVE('',#1227,#1226,#603,.T.);
#1499=EDGE_CURVE('',#1228,#1227,#114,.T.);
#1500=EDGE_CURVE('',#1229,#1228,#604,.T.);
#1501=EDGE_CURVE('',#1230,#1229,#605,.T.);
#1502=EDGE_CURVE('',#1231,#1230,#606,.T.);
#1503=EDGE_CURVE('',#1232,#1231,#607,.T.);
#1504=EDGE_CURVE('',#1233,#1232,#608,.T.);
#1505=EDGE_CURVE('',#1234,#1233,#115,.T.);
#1506=EDGE_CURVE('',#1224,#1234,#609,.T.);
#1507=EDGE_CURVE('',#1235,#1236,#610,.T.);
#1508=EDGE_CURVE('',#1235,#1237,#611,.T.);
#1509=EDGE_CURVE('',#1237,#1238,#612,.T.);
#1510=EDGE_CURVE('',#1236,#1238,#613,.T.);
#1511=EDGE_CURVE('',#1236,#1239,#614,.T.);
#1512=EDGE_CURVE('',#1238,#1240,#615,.T.);
#1513=EDGE_CURVE('',#1239,#1240,#616,.T.);
#1514=EDGE_CURVE('',#1239,#1241,#617,.T.);
#1515=EDGE_CURVE('',#1240,#1242,#618,.T.);
#1516=EDGE_CURVE('',#1243,#1242,#619,.T.);
#1517=EDGE_CURVE('',#1241,#1243,#80,.T.);
#1518=EDGE_CURVE('',#1244,#1235,#620,.T.);
#1519=EDGE_CURVE('',#1244,#1245,#621,.T.);
#1520=EDGE_CURVE('',#1245,#1237,#622,.T.);
#1521=EDGE_CURVE('',#1246,#1244,#623,.T.);
#1522=EDGE_CURVE('',#1246,#1247,#624,.T.);
#1523=EDGE_CURVE('',#1247,#1245,#625,.T.);
#1524=EDGE_CURVE('',#1248,#1246,#626,.T.);
#1525=EDGE_CURVE('',#1243,#1248,#81,.T.);
#1526=EDGE_CURVE('',#1242,#1247,#627,.T.);
#1527=EDGE_CURVE('',#1249,#1249,#116,.T.);
#1528=EDGE_CURVE('',#1250,#1251,#628,.T.);
#1529=EDGE_CURVE('',#1250,#1252,#629,.T.);
#1530=EDGE_CURVE('',#1252,#1253,#630,.T.);
#1531=EDGE_CURVE('',#1251,#1253,#631,.T.);
#1532=EDGE_CURVE('',#1251,#1254,#632,.T.);
#1533=EDGE_CURVE('',#1253,#1255,#633,.T.);
#1534=EDGE_CURVE('',#1254,#1255,#634,.T.);
#1535=EDGE_CURVE('',#1254,#1256,#635,.T.);
#1536=EDGE_CURVE('',#1255,#1257,#636,.T.);
#1537=EDGE_CURVE('',#1258,#1257,#637,.T.);
#1538=EDGE_CURVE('',#1256,#1258,#82,.T.);
#1539=EDGE_CURVE('',#1259,#1250,#638,.T.);
#1540=EDGE_CURVE('',#1259,#1260,#639,.T.);
#1541=EDGE_CURVE('',#1260,#1252,#640,.T.);
#1542=EDGE_CURVE('',#1261,#1259,#641,.T.);
#1543=EDGE_CURVE('',#1261,#1262,#642,.T.);
#1544=EDGE_CURVE('',#1262,#1260,#643,.T.);
#1545=EDGE_CURVE('',#1263,#1261,#644,.T.);
#1546=EDGE_CURVE('',#1258,#1263,#83,.T.);
#1547=EDGE_CURVE('',#1257,#1262,#645,.T.);
#1548=EDGE_CURVE('',#1264,#1264,#117,.T.);
#1549=EDGE_CURVE('',#1265,#1266,#646,.T.);
#1550=EDGE_CURVE('',#1265,#1267,#647,.T.);
#1551=EDGE_CURVE('',#1267,#1268,#648,.T.);
#1552=EDGE_CURVE('',#1266,#1268,#649,.T.);
#1553=EDGE_CURVE('',#1266,#1269,#650,.T.);
#1554=EDGE_CURVE('',#1268,#1270,#651,.T.);
#1555=EDGE_CURVE('',#1269,#1270,#652,.T.);
#1556=EDGE_CURVE('',#1269,#1271,#653,.T.);
#1557=EDGE_CURVE('',#1270,#1272,#654,.T.);
#1558=EDGE_CURVE('',#1271,#1272,#655,.T.);
#1559=EDGE_CURVE('',#1271,#1273,#656,.T.);
#1560=EDGE_CURVE('',#1272,#1274,#657,.T.);
#1561=EDGE_CURVE('',#1273,#1274,#658,.T.);
#1562=EDGE_CURVE('',#1275,#1265,#659,.T.);
#1563=EDGE_CURVE('',#1276,#1275,#84,.T.);
#1564=EDGE_CURVE('',#1276,#1277,#660,.T.);
#1565=EDGE_CURVE('',#1277,#1267,#661,.T.);
#1566=EDGE_CURVE('',#1278,#1276,#85,.T.);
#1567=EDGE_CURVE('',#1273,#1278,#662,.T.);
#1568=EDGE_CURVE('',#1274,#1277,#663,.T.);
#1569=EDGE_CURVE('',#1279,#1279,#118,.T.);
#1570=EDGE_CURVE('',#1280,#1281,#664,.T.);
#1571=EDGE_CURVE('',#1280,#1282,#665,.T.);
#1572=EDGE_CURVE('',#1282,#1283,#666,.T.);
#1573=EDGE_CURVE('',#1281,#1283,#667,.T.);
#1574=EDGE_CURVE('',#1281,#1284,#668,.T.);
#1575=EDGE_CURVE('',#1283,#1285,#669,.T.);
#1576=EDGE_CURVE('',#1284,#1285,#670,.T.);
#1577=EDGE_CURVE('',#1284,#1286,#671,.T.);
#1578=EDGE_CURVE('',#1285,#1287,#672,.T.);
#1579=EDGE_CURVE('',#1288,#1287,#673,.T.);
#1580=EDGE_CURVE('',#1286,#1288,#86,.T.);
#1581=EDGE_CURVE('',#1289,#1290,#674,.T.);
#1582=EDGE_CURVE('',#1289,#1291,#675,.T.);
#1583=EDGE_CURVE('',#1291,#1292,#676,.T.);
#1584=EDGE_CURVE('',#1290,#1292,#677,.T.);
#1585=EDGE_CURVE('',#1293,#1289,#678,.T.);
#1586=EDGE_CURVE('',#1288,#1293,#87,.T.);
#1587=EDGE_CURVE('',#1287,#1291,#679,.T.);
#1588=EDGE_CURVE('',#1290,#1280,#680,.T.);
#1589=EDGE_CURVE('',#1292,#1282,#681,.T.);
#1590=EDGE_CURVE('',#1294,#1294,#119,.T.);
#1591=EDGE_CURVE('',#1248,#1295,#682,.T.);
#1592=EDGE_CURVE('',#1295,#1296,#120,.F.);
#1593=EDGE_CURVE('',#1296,#1297,#683,.T.);
#1594=EDGE_CURVE('',#1297,#1298,#121,.F.);
#1595=EDGE_CURVE('',#1298,#1241,#684,.T.);
#1596=EDGE_CURVE('',#1263,#1299,#685,.T.);
#1597=EDGE_CURVE('',#1299,#1300,#122,.F.);
#1598=EDGE_CURVE('',#1300,#1301,#686,.T.);
#1599=EDGE_CURVE('',#1301,#1302,#123,.F.);
#1600=EDGE_CURVE('',#1302,#1256,#687,.T.);
#1601=EDGE_CURVE('',#1303,#1278,#688,.T.);
#1602=EDGE_CURVE('',#1304,#1303,#689,.T.);
#1603=EDGE_CURVE('',#1305,#1304,#690,.T.);
#1604=EDGE_CURVE('',#1306,#1305,#691,.T.);
#1605=EDGE_CURVE('',#1307,#1306,#692,.T.);
#1606=EDGE_CURVE('',#1308,#1307,#693,.T.);
#1607=EDGE_CURVE('',#1309,#1308,#694,.T.);
#1608=EDGE_CURVE('',#1275,#1309,#695,.T.);
#1609=EDGE_CURVE('',#1293,#1310,#696,.T.);
#1610=EDGE_CURVE('',#1310,#1311,#124,.F.);
#1611=EDGE_CURVE('',#1311,#1312,#697,.T.);
#1612=EDGE_CURVE('',#1312,#1313,#125,.F.);
#1613=EDGE_CURVE('',#1313,#1286,#698,.T.);
#1614=EDGE_CURVE('',#1314,#1314,#126,.T.);
#1615=EDGE_CURVE('',#1314,#1264,#699,.T.);
#1616=EDGE_CURVE('',#1315,#1315,#127,.T.);
#1617=EDGE_CURVE('',#1315,#1249,#700,.T.);
#1618=EDGE_CURVE('',#1316,#1316,#128,.T.);
#1619=EDGE_CURVE('',#1316,#1294,#701,.T.);
#1620=EDGE_CURVE('',#1317,#1317,#129,.T.);
#1621=EDGE_CURVE('',#1317,#1279,#702,.T.);
#1622=EDGE_CURVE('',#1318,#1319,#703,.T.);
#1623=EDGE_CURVE('',#1320,#1318,#704,.T.);
#1624=EDGE_CURVE('',#1320,#1321,#705,.T.);
#1625=EDGE_CURVE('',#1319,#1321,#706,.T.);
#1626=EDGE_CURVE('',#1322,#1318,#707,.T.);
#1627=EDGE_CURVE('',#1323,#1322,#708,.T.);
#1628=EDGE_CURVE('',#1323,#1320,#709,.T.);
#1629=EDGE_CURVE('',#1206,#1319,#710,.T.);
#1630=EDGE_CURVE('',#1324,#1205,#711,.T.);
#1631=EDGE_CURVE('',#1322,#1324,#712,.T.);
#1632=EDGE_CURVE('',#1325,#1326,#713,.T.);
#1633=EDGE_CURVE('',#1327,#1325,#714,.T.);
#1634=EDGE_CURVE('',#1327,#1328,#715,.T.);
#1635=EDGE_CURVE('',#1328,#1326,#716,.T.);
#1636=EDGE_CURVE('',#1326,#1329,#717,.T.);
#1637=EDGE_CURVE('',#1330,#1329,#718,.T.);
#1638=EDGE_CURVE('',#1202,#1330,#719,.T.);
#1639=EDGE_CURVE('',#1325,#1201,#720,.T.);
#1640=EDGE_CURVE('',#1329,#1331,#721,.T.);
#1641=EDGE_CURVE('',#1331,#1332,#722,.T.);
#1642=EDGE_CURVE('',#1330,#1332,#723,.T.);
#1643=EDGE_CURVE('',#1333,#1334,#724,.T.);
#1644=EDGE_CURVE('',#1335,#1333,#725,.T.);
#1645=EDGE_CURVE('',#1336,#1335,#726,.T.);
#1646=EDGE_CURVE('',#1334,#1336,#727,.T.);
#1647=EDGE_CURVE('',#1337,#1338,#728,.T.);
#1648=EDGE_CURVE('',#1337,#1339,#729,.T.);
#1649=EDGE_CURVE('',#1339,#1340,#730,.T.);
#1650=EDGE_CURVE('',#1338,#1340,#731,.T.);
#1651=EDGE_CURVE('',#1337,#1295,#130,.F.);
#1652=EDGE_CURVE('',#1295,#1339,#732,.T.);
#1653=EDGE_CURVE('',#1338,#1341,#131,.T.);
#1654=EDGE_CURVE('',#1340,#1341,#733,.T.);
#1655=EDGE_CURVE('',#1200,#1334,#734,.T.);
#1656=EDGE_CURVE('',#1342,#1336,#735,.T.);
#1657=EDGE_CURVE('',#1342,#1343,#736,.T.);
#1658=EDGE_CURVE('',#1343,#1344,#132,.T.);
#1659=EDGE_CURVE('',#1344,#1345,#737,.T.);
#1660=EDGE_CURVE('',#1345,#1346,#133,.T.);
#1661=EDGE_CURVE('',#1346,#1347,#738,.T.);
#1662=EDGE_CURVE('',#1327,#1347,#739,.T.);
#1663=EDGE_CURVE('',#1348,#1349,#740,.T.);
#1664=EDGE_CURVE('',#1350,#1348,#741,.T.);
#1665=EDGE_CURVE('',#1351,#1350,#742,.T.);
#1666=EDGE_CURVE('',#1349,#1351,#743,.T.);
#1667=EDGE_CURVE('',#1352,#1348,#744,.T.);
#1668=EDGE_CURVE('',#1353,#1352,#745,.T.);
#1669=EDGE_CURVE('',#1350,#1353,#746,.T.);
#1670=EDGE_CURVE('',#1354,#1355,#747,.T.);
#1671=EDGE_CURVE('',#1354,#1305,#748,.T.);
#1672=EDGE_CURVE('',#1355,#1304,#749,.T.);
#1673=EDGE_CURVE('',#1303,#1355,#134,.F.);
#1674=EDGE_CURVE('',#1306,#1354,#135,.T.);
#1675=EDGE_CURVE('',#1355,#1230,#136,.F.);
#1676=EDGE_CURVE('',#1229,#1307,#137,.F.);
#1677=EDGE_CURVE('',#1356,#1351,#750,.T.);
#1678=EDGE_CURVE('',#1356,#1357,#751,.T.);
#1679=EDGE_CURVE('',#1357,#1358,#752,.T.);
#1680=EDGE_CURVE('',#1359,#1358,#753,.T.);
#1681=EDGE_CURVE('',#1359,#1349,#754,.T.);
#1682=EDGE_CURVE('',#1353,#1321,#755,.T.);
#1683=EDGE_CURVE('',#1352,#1207,#756,.T.);
#1684=EDGE_CURVE('',#1360,#1342,#757,.T.);
#1685=EDGE_CURVE('',#1361,#1360,#758,.T.);
#1686=EDGE_CURVE('',#1343,#1361,#759,.T.);
#1687=EDGE_CURVE('',#1362,#1361,#138,.T.);
#1688=EDGE_CURVE('',#1344,#1362,#760,.T.);
#1689=EDGE_CURVE('',#1363,#1362,#761,.T.);
#1690=EDGE_CURVE('',#1345,#1363,#762,.T.);
#1691=EDGE_CURVE('',#1346,#1364,#763,.T.);
#1692=EDGE_CURVE('',#1365,#1364,#764,.T.);
#1693=EDGE_CURVE('',#1347,#1365,#765,.T.);
#1694=EDGE_CURVE('',#1364,#1363,#139,.T.);
#1695=EDGE_CURVE('',#1360,#1366,#766,.T.);
#1696=EDGE_CURVE('',#1297,#1366,#767,.T.);
#1697=EDGE_CURVE('',#1301,#1296,#768,.T.);
#1698=EDGE_CURVE('',#1367,#1300,#769,.T.);
#1699=EDGE_CURVE('',#1367,#1365,#770,.T.);
#1700=EDGE_CURVE('',#1335,#1368,#771,.T.);
#1701=EDGE_CURVE('',#1368,#1369,#772,.T.);
#1702=EDGE_CURVE('',#1369,#1370,#773,.T.);
#1703=EDGE_CURVE('',#1371,#1370,#140,.T.);
#1704=EDGE_CURVE('',#1372,#1371,#774,.T.);
#1705=EDGE_CURVE('',#1366,#1372,#141,.T.);
#1706=EDGE_CURVE('',#1373,#1373,#142,.T.);
#1707=EDGE_CURVE('',#1211,#1373,#775,.T.);
#1708=EDGE_CURVE('',#1374,#1374,#143,.T.);
#1709=EDGE_CURVE('',#1212,#1374,#776,.T.);
#1710=EDGE_CURVE('',#1375,#1375,#144,.T.);
#1711=EDGE_CURVE('',#1213,#1375,#777,.T.);
#1712=EDGE_CURVE('',#1376,#1376,#145,.T.);
#1713=EDGE_CURVE('',#1376,#1214,#778,.T.);
#1714=EDGE_CURVE('',#1377,#1377,#146,.T.);
#1715=EDGE_CURVE('',#1377,#1215,#779,.T.);
#1716=EDGE_CURVE('',#1378,#1378,#147,.T.);
#1717=EDGE_CURVE('',#1378,#1216,#780,.T.);
#1718=EDGE_CURVE('',#1379,#1379,#148,.T.);
#1719=EDGE_CURVE('',#1379,#1217,#781,.T.);
#1720=EDGE_CURVE('',#1380,#1312,#149,.F.);
#1721=EDGE_CURVE('',#1313,#1380,#150,.F.);
#1722=EDGE_CURVE('',#1309,#1381,#151,.F.);
#1723=EDGE_CURVE('',#1382,#1309,#152,.F.);
#1724=EDGE_CURVE('',#1381,#1382,#153,.F.);
#1725=EDGE_CURVE('',#1383,#1384,#154,.F.);
#1726=EDGE_CURVE('',#1385,#1383,#155,.F.);
#1727=EDGE_CURVE('',#1384,#1385,#156,.F.);
#1728=EDGE_CURVE('',#1380,#1385,#782,.T.);
#1729=EDGE_CURVE('',#1383,#1313,#783,.T.);
#1730=EDGE_CURVE('',#1386,#1387,#157,.T.);
#1731=EDGE_CURVE('',#1387,#1384,#784,.T.);
#1732=EDGE_CURVE('',#1385,#1386,#785,.T.);
#1733=EDGE_CURVE('',#1231,#1310,#158,.F.);
#1734=EDGE_CURVE('',#1311,#1231,#159,.F.);
#1735=EDGE_CURVE('',#1308,#1388,#160,.F.);
#1736=EDGE_CURVE('',#1389,#1308,#161,.F.);
#1737=EDGE_CURVE('',#1388,#1389,#162,.F.);
#1738=EDGE_CURVE('',#1230,#1390,#163,.F.);
#1739=EDGE_CURVE('',#1390,#1303,#164,.F.);
#1740=EDGE_CURVE('',#1232,#1391,#165,.F.);
#1741=EDGE_CURVE('',#1392,#1232,#166,.F.);
#1742=EDGE_CURVE('',#1391,#1392,#167,.F.);
#1743=EDGE_CURVE('',#1310,#1392,#786,.T.);
#1744=EDGE_CURVE('',#1392,#1383,#787,.T.);
#1745=EDGE_CURVE('',#1384,#1391,#788,.T.);
#1746=EDGE_CURVE('',#1393,#1394,#168,.F.);
#1747=EDGE_CURVE('',#1395,#1393,#169,.F.);
#1748=EDGE_CURVE('',#1394,#1395,#170,.F.);
#1749=EDGE_CURVE('',#1396,#1397,#171,.T.);
#1750=EDGE_CURVE('',#1397,#1395,#789,.T.);
#1751=EDGE_CURVE('',#1393,#1396,#790,.T.);
#1752=EDGE_CURVE('',#1307,#1398,#172,.F.);
#1753=EDGE_CURVE('',#1398,#1229,#173,.F.);
#1754=EDGE_CURVE('',#1399,#1400,#174,.F.);
#1755=EDGE_CURVE('',#1401,#1399,#175,.F.);
#1756=EDGE_CURVE('',#1400,#1401,#176,.F.);
#1757=EDGE_CURVE('',#1402,#1224,#177,.F.);
#1758=EDGE_CURVE('',#1403,#1402,#178,.F.);
#1759=EDGE_CURVE('',#1224,#1403,#179,.F.);
#1760=EDGE_CURVE('',#1394,#1403,#791,.T.);
#1761=EDGE_CURVE('',#1402,#1393,#792,.T.);
#1762=EDGE_CURVE('',#1404,#1299,#180,.F.);
#1763=EDGE_CURVE('',#1300,#1404,#181,.F.);
#1764=EDGE_CURVE('',#1395,#1404,#793,.T.);
#1765=EDGE_CURVE('',#1299,#1394,#794,.T.);
#1766=EDGE_CURVE('',#1405,#1367,#182,.T.);
#1767=EDGE_CURVE('',#1404,#1405,#795,.T.);
#1768=EDGE_CURVE('',#1406,#1297,#183,.F.);
#1769=EDGE_CURVE('',#1298,#1406,#184,.F.);
#1770=EDGE_CURVE('',#1406,#1401,#796,.T.);
#1771=EDGE_CURVE('',#1399,#1298,#797,.T.);
#1772=EDGE_CURVE('',#1407,#1226,#185,.F.);
#1773=EDGE_CURVE('',#1408,#1407,#186,.F.);
#1774=EDGE_CURVE('',#1226,#1408,#187,.F.);
#1775=EDGE_CURVE('',#1407,#1399,#798,.T.);
#1776=EDGE_CURVE('',#1400,#1408,#799,.T.);
#1777=EDGE_CURVE('',#1409,#1227,#188,.T.);
#1778=EDGE_CURVE('',#1408,#1409,#800,.T.);
#1779=EDGE_CURVE('',#1410,#1228,#189,.T.);
#1780=EDGE_CURVE('',#1409,#1410,#190,.T.);
#1781=EDGE_CURVE('',#1410,#1398,#801,.T.);
#1782=EDGE_CURVE('',#1223,#1301,#191,.F.);
#1783=EDGE_CURVE('',#1302,#1223,#192,.F.);
#1784=EDGE_CURVE('',#1403,#1302,#802,.T.);
#1785=EDGE_CURVE('',#1225,#1337,#193,.F.);
#1786=EDGE_CURVE('',#1296,#1225,#194,.F.);
#1787=EDGE_CURVE('',#1341,#1407,#803,.T.);
#1788=EDGE_CURVE('',#1372,#1406,#804,.T.);
#1789=EDGE_CURVE('',#1411,#1233,#195,.T.);
#1790=EDGE_CURVE('',#1391,#1411,#805,.T.);
#1791=EDGE_CURVE('',#1412,#1234,#196,.T.);
#1792=EDGE_CURVE('',#1411,#1412,#197,.T.);
#1793=EDGE_CURVE('',#1412,#1402,#806,.T.);
#1794=EDGE_CURVE('',#1370,#1400,#807,.T.);
#1795=EDGE_CURVE('',#1401,#1371,#808,.T.);
#1796=EDGE_CURVE('',#1398,#1389,#809,.T.);
#1797=EDGE_CURVE('',#1381,#1390,#810,.T.);
#1798=EDGE_CURVE('',#1390,#1311,#811,.T.);
#1799=EDGE_CURVE('',#1413,#1414,#198,.T.);
#1800=EDGE_CURVE('',#1414,#1388,#812,.T.);
#1801=EDGE_CURVE('',#1389,#1413,#813,.T.);
#1802=EDGE_CURVE('',#1388,#1382,#814,.T.);
#1803=EDGE_CURVE('',#1415,#1416,#199,.T.);
#1804=EDGE_CURVE('',#1416,#1381,#815,.T.);
#1805=EDGE_CURVE('',#1382,#1415,#816,.T.);
#1806=EDGE_CURVE('',#1417,#1418,#200,.T.);
#1807=EDGE_CURVE('',#1418,#1380,#817,.T.);
#1808=EDGE_CURVE('',#1312,#1417,#818,.T.);
#1809=EDGE_CURVE('',#1405,#1397,#819,.T.);
#1810=EDGE_CURVE('',#1419,#1412,#820,.T.);
#1811=EDGE_CURVE('',#1419,#1420,#821,.T.);
#1812=EDGE_CURVE('',#1420,#1421,#822,.T.);
#1813=EDGE_CURVE('',#1396,#1421,#823,.T.);
#1814=EDGE_CURVE('',#1422,#1411,#824,.T.);
#1815=EDGE_CURVE('',#1422,#1419,#201,.T.);
#1816=EDGE_CURVE('',#1423,#1387,#825,.T.);
#1817=EDGE_CURVE('',#1423,#1424,#826,.T.);
#1818=EDGE_CURVE('',#1424,#1422,#827,.T.);
#1819=EDGE_CURVE('',#1386,#1418,#828,.T.);
#1820=EDGE_CURVE('',#1369,#1425,#829,.T.);
#1821=EDGE_CURVE('',#1368,#1426,#830,.T.);
#1822=EDGE_CURVE('',#1426,#1425,#831,.T.);
#1823=EDGE_CURVE('',#1328,#1427,#832,.T.);
#1824=EDGE_CURVE('',#1427,#1428,#833,.T.);
#1825=EDGE_CURVE('',#1428,#1331,#834,.T.);
#1826=EDGE_CURVE('',#1429,#1426,#835,.T.);
#1827=EDGE_CURVE('',#1430,#1333,#836,.T.);
#1828=EDGE_CURVE('',#1429,#1430,#837,.T.);
#1829=EDGE_CURVE('',#1431,#1432,#838,.T.);
#1830=EDGE_CURVE('',#1431,#1433,#839,.T.);
#1831=EDGE_CURVE('',#1434,#1433,#840,.T.);
#1832=EDGE_CURVE('',#1432,#1434,#841,.T.);
#1833=EDGE_CURVE('',#1434,#1423,#842,.T.);
#1834=EDGE_CURVE('',#1433,#1424,#843,.T.);
#1835=EDGE_CURVE('',#1420,#1428,#844,.T.);
#1836=EDGE_CURVE('',#1435,#1431,#845,.T.);
#1837=EDGE_CURVE('',#1436,#1435,#846,.T.);
#1838=EDGE_CURVE('',#1437,#1436,#202,.T.);
#1839=EDGE_CURVE('',#1332,#1437,#847,.T.);
#1840=EDGE_CURVE('',#1438,#1357,#848,.T.);
#1841=EDGE_CURVE('',#1439,#1438,#849,.T.);
#1842=EDGE_CURVE('',#1440,#1439,#850,.T.);
#1843=EDGE_CURVE('',#1441,#1440,#203,.T.);
#1844=EDGE_CURVE('',#1425,#1441,#851,.T.);
#1845=EDGE_CURVE('',#1442,#1429,#852,.T.);
#1846=EDGE_CURVE('',#1443,#1442,#853,.T.);
#1847=EDGE_CURVE('',#1444,#1443,#204,.T.);
#1848=EDGE_CURVE('',#1358,#1444,#854,.T.);
#1849=EDGE_CURVE('',#1445,#1356,#855,.T.);
#1850=EDGE_CURVE('',#1445,#1438,#856,.T.);
#1851=EDGE_CURVE('',#1439,#1446,#857,.T.);
#1852=EDGE_CURVE('',#1446,#1445,#858,.T.);
#1853=EDGE_CURVE('',#1421,#1427,#859,.T.);
#1854=EDGE_CURVE('',#1443,#1210,#860,.T.);
#1855=EDGE_CURVE('',#1444,#1209,#861,.T.);
#1856=EDGE_CURVE('',#1442,#1447,#862,.T.);
#1857=EDGE_CURVE('',#1447,#1199,#863,.T.);
#1858=EDGE_CURVE('',#1447,#1430,#864,.T.);
#1859=EDGE_CURVE('',#1441,#1409,#865,.T.);
#1860=EDGE_CURVE('',#1436,#1204,#866,.T.);
#1861=EDGE_CURVE('',#1437,#1203,#867,.T.);
#1862=EDGE_CURVE('',#1435,#1324,#868,.T.);
#1863=EDGE_CURVE('',#1323,#1432,#869,.T.);
#1864=EDGE_CURVE('',#1208,#1359,#870,.T.);
#1865=EDGE_CURVE('',#1440,#1410,#871,.T.);
#1866=EDGE_CURVE('',#1413,#1446,#872,.T.);
#1867=EDGE_CURVE('',#1416,#1417,#873,.T.);
#1868=EDGE_CURVE('',#1414,#1415,#874,.T.);
#1869=ORIENTED_EDGE('',*,*,#1448,.T.);
#1870=ORIENTED_EDGE('',*,*,#1449,.T.);
#1871=ORIENTED_EDGE('',*,*,#1450,.T.);
#1872=ORIENTED_EDGE('',*,*,#1451,.T.);
#1873=ORIENTED_EDGE('',*,*,#1452,.T.);
#1874=ORIENTED_EDGE('',*,*,#1453,.T.);
#1875=ORIENTED_EDGE('',*,*,#1454,.T.);
#1876=ORIENTED_EDGE('',*,*,#1449,.F.);
#1877=ORIENTED_EDGE('',*,*,#1455,.T.);
#1878=ORIENTED_EDGE('',*,*,#1453,.F.);
#1879=ORIENTED_EDGE('',*,*,#1456,.T.);
#1880=ORIENTED_EDGE('',*,*,#1457,.T.);
#1881=ORIENTED_EDGE('',*,*,#1458,.T.);
#1882=ORIENTED_EDGE('',*,*,#1451,.F.);
#1883=ORIENTED_EDGE('',*,*,#1459,.T.);
#1884=ORIENTED_EDGE('',*,*,#1457,.F.);
#1885=ORIENTED_EDGE('',*,*,#1459,.F.);
#1886=ORIENTED_EDGE('',*,*,#1460,.T.);
#1887=ORIENTED_EDGE('',*,*,#1461,.F.);
#1888=ORIENTED_EDGE('',*,*,#1462,.F.);
#1889=ORIENTED_EDGE('',*,*,#1450,.F.);
#1890=ORIENTED_EDGE('',*,*,#1463,.T.);
#1891=ORIENTED_EDGE('',*,*,#1464,.F.);
#1892=ORIENTED_EDGE('',*,*,#1460,.F.);
#1893=ORIENTED_EDGE('',*,*,#1465,.T.);
#1894=ORIENTED_EDGE('',*,*,#1466,.T.);
#1895=ORIENTED_EDGE('',*,*,#1467,.T.);
#1896=ORIENTED_EDGE('',*,*,#1468,.F.);
#1897=ORIENTED_EDGE('',*,*,#1469,.F.);
#1898=ORIENTED_EDGE('',*,*,#1470,.F.);
#1899=ORIENTED_EDGE('',*,*,#1471,.F.);
#1900=ORIENTED_EDGE('',*,*,#1472,.F.);
#1901=ORIENTED_EDGE('',*,*,#1473,.T.);
#1902=ORIENTED_EDGE('',*,*,#1474,.F.);
#1903=ORIENTED_EDGE('',*,*,#1475,.F.);
#1904=ORIENTED_EDGE('',*,*,#1476,.F.);
#1905=ORIENTED_EDGE('',*,*,#1477,.T.);
#1906=ORIENTED_EDGE('',*,*,#1478,.T.);
#1907=ORIENTED_EDGE('',*,*,#1479,.T.);
#1908=ORIENTED_EDGE('',*,*,#1480,.T.);
#1909=ORIENTED_EDGE('',*,*,#1481,.T.);
#1910=ORIENTED_EDGE('',*,*,#1482,.T.);
#1911=ORIENTED_EDGE('',*,*,#1483,.T.);
#1912=ORIENTED_EDGE('',*,*,#1448,.F.);
#1913=ORIENTED_EDGE('',*,*,#1458,.F.);
#1914=ORIENTED_EDGE('',*,*,#1456,.F.);
#1915=ORIENTED_EDGE('',*,*,#1452,.F.);
#1916=ORIENTED_EDGE('',*,*,#1464,.T.);
#1917=ORIENTED_EDGE('',*,*,#1484,.T.);
#1918=ORIENTED_EDGE('',*,*,#1485,.T.);
#1919=ORIENTED_EDGE('',*,*,#1486,.T.);
#1920=ORIENTED_EDGE('',*,*,#1487,.T.);
#1921=ORIENTED_EDGE('',*,*,#1484,.F.);
#1922=ORIENTED_EDGE('',*,*,#1488,.T.);
#1923=ORIENTED_EDGE('',*,*,#1489,.T.);
#1924=ORIENTED_EDGE('',*,*,#1490,.T.);
#1925=ORIENTED_EDGE('',*,*,#1489,.F.);
#1926=ORIENTED_EDGE('',*,*,#1491,.T.);
#1927=ORIENTED_EDGE('',*,*,#1492,.T.);
#1928=ORIENTED_EDGE('',*,*,#1493,.T.);
#1929=ORIENTED_EDGE('',*,*,#1492,.F.);
#1930=ORIENTED_EDGE('',*,*,#1461,.T.);
#1931=ORIENTED_EDGE('',*,*,#1486,.F.);
#1932=ORIENTED_EDGE('',*,*,#1454,.F.);
#1933=ORIENTED_EDGE('',*,*,#1494,.T.);
#1934=ORIENTED_EDGE('',*,*,#1488,.F.);
#1935=ORIENTED_EDGE('',*,*,#1463,.F.);
#1936=ORIENTED_EDGE('',*,*,#1495,.F.);
#1937=ORIENTED_EDGE('',*,*,#1496,.F.);
#1938=ORIENTED_EDGE('',*,*,#1497,.F.);
#1939=ORIENTED_EDGE('',*,*,#1498,.F.);
#1940=ORIENTED_EDGE('',*,*,#1499,.F.);
#1941=ORIENTED_EDGE('',*,*,#1500,.F.);
#1942=ORIENTED_EDGE('',*,*,#1501,.F.);
#1943=ORIENTED_EDGE('',*,*,#1502,.F.);
#1944=ORIENTED_EDGE('',*,*,#1503,.F.);
#1945=ORIENTED_EDGE('',*,*,#1504,.F.);
#1946=ORIENTED_EDGE('',*,*,#1505,.F.);
#1947=ORIENTED_EDGE('',*,*,#1506,.F.);
#1948=ORIENTED_EDGE('',*,*,#1485,.F.);
#1949=ORIENTED_EDGE('',*,*,#1487,.F.);
#1950=ORIENTED_EDGE('',*,*,#1490,.F.);
#1951=ORIENTED_EDGE('',*,*,#1493,.F.);
#1952=ORIENTED_EDGE('',*,*,#1455,.F.);
#1953=ORIENTED_EDGE('',*,*,#1462,.T.);
#1954=ORIENTED_EDGE('',*,*,#1491,.F.);
#1955=ORIENTED_EDGE('',*,*,#1494,.F.);
#1956=ORIENTED_EDGE('',*,*,#1507,.F.);
#1957=ORIENTED_EDGE('',*,*,#1508,.T.);
#1958=ORIENTED_EDGE('',*,*,#1509,.T.);
#1959=ORIENTED_EDGE('',*,*,#1510,.F.);
#1960=ORIENTED_EDGE('',*,*,#1511,.F.);
#1961=ORIENTED_EDGE('',*,*,#1510,.T.);
#1962=ORIENTED_EDGE('',*,*,#1512,.T.);
#1963=ORIENTED_EDGE('',*,*,#1513,.F.);
#1964=ORIENTED_EDGE('',*,*,#1514,.F.);
#1965=ORIENTED_EDGE('',*,*,#1513,.T.);
#1966=ORIENTED_EDGE('',*,*,#1515,.T.);
#1967=ORIENTED_EDGE('',*,*,#1516,.F.);
#1968=ORIENTED_EDGE('',*,*,#1517,.F.);
#1969=ORIENTED_EDGE('',*,*,#1518,.F.);
#1970=ORIENTED_EDGE('',*,*,#1519,.T.);
#1971=ORIENTED_EDGE('',*,*,#1520,.T.);
#1972=ORIENTED_EDGE('',*,*,#1508,.F.);
#1973=ORIENTED_EDGE('',*,*,#1521,.F.);
#1974=ORIENTED_EDGE('',*,*,#1522,.T.);
#1975=ORIENTED_EDGE('',*,*,#1523,.T.);
#1976=ORIENTED_EDGE('',*,*,#1519,.F.);
#1977=ORIENTED_EDGE('',*,*,#1524,.F.);
#1978=ORIENTED_EDGE('',*,*,#1525,.F.);
#1979=ORIENTED_EDGE('',*,*,#1516,.T.);
#1980=ORIENTED_EDGE('',*,*,#1526,.T.);
#1981=ORIENTED_EDGE('',*,*,#1522,.F.);
#1982=ORIENTED_EDGE('',*,*,#1515,.F.);
#1983=ORIENTED_EDGE('',*,*,#1512,.F.);
#1984=ORIENTED_EDGE('',*,*,#1509,.F.);
#1985=ORIENTED_EDGE('',*,*,#1520,.F.);
#1986=ORIENTED_EDGE('',*,*,#1523,.F.);
#1987=ORIENTED_EDGE('',*,*,#1526,.F.);
#1988=ORIENTED_EDGE('',*,*,#1527,.F.);
#1989=ORIENTED_EDGE('',*,*,#1528,.F.);
#1990=ORIENTED_EDGE('',*,*,#1529,.T.);
#1991=ORIENTED_EDGE('',*,*,#1530,.T.);
#1992=ORIENTED_EDGE('',*,*,#1531,.F.);
#1993=ORIENTED_EDGE('',*,*,#1532,.F.);
#1994=ORIENTED_EDGE('',*,*,#1531,.T.);
#1995=ORIENTED_EDGE('',*,*,#1533,.T.);
#1996=ORIENTED_EDGE('',*,*,#1534,.F.);
#1997=ORIENTED_EDGE('',*,*,#1535,.F.);
#1998=ORIENTED_EDGE('',*,*,#1534,.T.);
#1999=ORIENTED_EDGE('',*,*,#1536,.T.);
#2000=ORIENTED_EDGE('',*,*,#1537,.F.);
#2001=ORIENTED_EDGE('',*,*,#1538,.F.);
#2002=ORIENTED_EDGE('',*,*,#1539,.F.);
#2003=ORIENTED_EDGE('',*,*,#1540,.T.);
#2004=ORIENTED_EDGE('',*,*,#1541,.T.);
#2005=ORIENTED_EDGE('',*,*,#1529,.F.);
#2006=ORIENTED_EDGE('',*,*,#1542,.F.);
#2007=ORIENTED_EDGE('',*,*,#1543,.T.);
#2008=ORIENTED_EDGE('',*,*,#1544,.T.);
#2009=ORIENTED_EDGE('',*,*,#1540,.F.);
#2010=ORIENTED_EDGE('',*,*,#1545,.F.);
#2011=ORIENTED_EDGE('',*,*,#1546,.F.);
#2012=ORIENTED_EDGE('',*,*,#1537,.T.);
#2013=ORIENTED_EDGE('',*,*,#1547,.T.);
#2014=ORIENTED_EDGE('',*,*,#1543,.F.);
#2015=ORIENTED_EDGE('',*,*,#1536,.F.);
#2016=ORIENTED_EDGE('',*,*,#1533,.F.);
#2017=ORIENTED_EDGE('',*,*,#1530,.F.);
#2018=ORIENTED_EDGE('',*,*,#1541,.F.);
#2019=ORIENTED_EDGE('',*,*,#1544,.F.);
#2020=ORIENTED_EDGE('',*,*,#1547,.F.);
#2021=ORIENTED_EDGE('',*,*,#1548,.F.);
#2022=ORIENTED_EDGE('',*,*,#1549,.F.);
#2023=ORIENTED_EDGE('',*,*,#1550,.T.);
#2024=ORIENTED_EDGE('',*,*,#1551,.T.);
#2025=ORIENTED_EDGE('',*,*,#1552,.F.);
#2026=ORIENTED_EDGE('',*,*,#1553,.F.);
#2027=ORIENTED_EDGE('',*,*,#1552,.T.);
#2028=ORIENTED_EDGE('',*,*,#1554,.T.);
#2029=ORIENTED_EDGE('',*,*,#1555,.F.);
#2030=ORIENTED_EDGE('',*,*,#1556,.F.);
#2031=ORIENTED_EDGE('',*,*,#1555,.T.);
#2032=ORIENTED_EDGE('',*,*,#1557,.T.);
#2033=ORIENTED_EDGE('',*,*,#1558,.F.);
#2034=ORIENTED_EDGE('',*,*,#1559,.F.);
#2035=ORIENTED_EDGE('',*,*,#1558,.T.);
#2036=ORIENTED_EDGE('',*,*,#1560,.T.);
#2037=ORIENTED_EDGE('',*,*,#1561,.F.);
#2038=ORIENTED_EDGE('',*,*,#1562,.F.);
#2039=ORIENTED_EDGE('',*,*,#1563,.F.);
#2040=ORIENTED_EDGE('',*,*,#1564,.T.);
#2041=ORIENTED_EDGE('',*,*,#1565,.T.);
#2042=ORIENTED_EDGE('',*,*,#1550,.F.);
#2043=ORIENTED_EDGE('',*,*,#1566,.F.);
#2044=ORIENTED_EDGE('',*,*,#1567,.F.);
#2045=ORIENTED_EDGE('',*,*,#1561,.T.);
#2046=ORIENTED_EDGE('',*,*,#1568,.T.);
#2047=ORIENTED_EDGE('',*,*,#1564,.F.);
#2048=ORIENTED_EDGE('',*,*,#1554,.F.);
#2049=ORIENTED_EDGE('',*,*,#1551,.F.);
#2050=ORIENTED_EDGE('',*,*,#1565,.F.);
#2051=ORIENTED_EDGE('',*,*,#1568,.F.);
#2052=ORIENTED_EDGE('',*,*,#1560,.F.);
#2053=ORIENTED_EDGE('',*,*,#1557,.F.);
#2054=ORIENTED_EDGE('',*,*,#1569,.F.);
#2055=ORIENTED_EDGE('',*,*,#1570,.F.);
#2056=ORIENTED_EDGE('',*,*,#1571,.T.);
#2057=ORIENTED_EDGE('',*,*,#1572,.T.);
#2058=ORIENTED_EDGE('',*,*,#1573,.F.);
#2059=ORIENTED_EDGE('',*,*,#1574,.F.);
#2060=ORIENTED_EDGE('',*,*,#1573,.T.);
#2061=ORIENTED_EDGE('',*,*,#1575,.T.);
#2062=ORIENTED_EDGE('',*,*,#1576,.F.);
#2063=ORIENTED_EDGE('',*,*,#1577,.F.);
#2064=ORIENTED_EDGE('',*,*,#1576,.T.);
#2065=ORIENTED_EDGE('',*,*,#1578,.T.);
#2066=ORIENTED_EDGE('',*,*,#1579,.F.);
#2067=ORIENTED_EDGE('',*,*,#1580,.F.);
#2068=ORIENTED_EDGE('',*,*,#1581,.F.);
#2069=ORIENTED_EDGE('',*,*,#1582,.T.);
#2070=ORIENTED_EDGE('',*,*,#1583,.T.);
#2071=ORIENTED_EDGE('',*,*,#1584,.F.);
#2072=ORIENTED_EDGE('',*,*,#1585,.F.);
#2073=ORIENTED_EDGE('',*,*,#1586,.F.);
#2074=ORIENTED_EDGE('',*,*,#1579,.T.);
#2075=ORIENTED_EDGE('',*,*,#1587,.T.);
#2076=ORIENTED_EDGE('',*,*,#1582,.F.);
#2077=ORIENTED_EDGE('',*,*,#1588,.F.);
#2078=ORIENTED_EDGE('',*,*,#1584,.T.);
#2079=ORIENTED_EDGE('',*,*,#1589,.T.);
#2080=ORIENTED_EDGE('',*,*,#1571,.F.);
#2081=ORIENTED_EDGE('',*,*,#1589,.F.);
#2082=ORIENTED_EDGE('',*,*,#1583,.F.);
#2083=ORIENTED_EDGE('',*,*,#1587,.F.);
#2084=ORIENTED_EDGE('',*,*,#1578,.F.);
#2085=ORIENTED_EDGE('',*,*,#1575,.F.);
#2086=ORIENTED_EDGE('',*,*,#1572,.F.);
#2087=ORIENTED_EDGE('',*,*,#1590,.F.);
#2088=ORIENTED_EDGE('',*,*,#1517,.T.);
#2089=ORIENTED_EDGE('',*,*,#1525,.T.);
#2090=ORIENTED_EDGE('',*,*,#1591,.T.);
#2091=ORIENTED_EDGE('',*,*,#1592,.T.);
#2092=ORIENTED_EDGE('',*,*,#1593,.T.);
#2093=ORIENTED_EDGE('',*,*,#1594,.T.);
#2094=ORIENTED_EDGE('',*,*,#1595,.T.);
#2095=ORIENTED_EDGE('',*,*,#1538,.T.);
#2096=ORIENTED_EDGE('',*,*,#1546,.T.);
#2097=ORIENTED_EDGE('',*,*,#1596,.T.);
#2098=ORIENTED_EDGE('',*,*,#1597,.T.);
#2099=ORIENTED_EDGE('',*,*,#1598,.T.);
#2100=ORIENTED_EDGE('',*,*,#1599,.T.);
#2101=ORIENTED_EDGE('',*,*,#1600,.T.);
#2102=ORIENTED_EDGE('',*,*,#1562,.T.);
#2103=ORIENTED_EDGE('',*,*,#1549,.T.);
#2104=ORIENTED_EDGE('',*,*,#1553,.T.);
#2105=ORIENTED_EDGE('',*,*,#1556,.T.);
#2106=ORIENTED_EDGE('',*,*,#1559,.T.);
#2107=ORIENTED_EDGE('',*,*,#1567,.T.);
#2108=ORIENTED_EDGE('',*,*,#1601,.F.);
#2109=ORIENTED_EDGE('',*,*,#1602,.F.);
#2110=ORIENTED_EDGE('',*,*,#1603,.F.);
#2111=ORIENTED_EDGE('',*,*,#1604,.F.);
#2112=ORIENTED_EDGE('',*,*,#1605,.F.);
#2113=ORIENTED_EDGE('',*,*,#1606,.F.);
#2114=ORIENTED_EDGE('',*,*,#1607,.F.);
#2115=ORIENTED_EDGE('',*,*,#1608,.F.);
#2116=ORIENTED_EDGE('',*,*,#1580,.T.);
#2117=ORIENTED_EDGE('',*,*,#1586,.T.);
#2118=ORIENTED_EDGE('',*,*,#1609,.T.);
#2119=ORIENTED_EDGE('',*,*,#1610,.T.);
#2120=ORIENTED_EDGE('',*,*,#1611,.T.);
#2121=ORIENTED_EDGE('',*,*,#1612,.T.);
#2122=ORIENTED_EDGE('',*,*,#1613,.T.);
#2123=ORIENTED_EDGE('',*,*,#1614,.F.);
#2124=ORIENTED_EDGE('',*,*,#1615,.T.);
#2125=ORIENTED_EDGE('',*,*,#1548,.T.);
#2126=ORIENTED_EDGE('',*,*,#1615,.F.);
#2127=ORIENTED_EDGE('',*,*,#1616,.F.);
#2128=ORIENTED_EDGE('',*,*,#1617,.T.);
#2129=ORIENTED_EDGE('',*,*,#1527,.T.);
#2130=ORIENTED_EDGE('',*,*,#1617,.F.);
#2131=ORIENTED_EDGE('',*,*,#1618,.F.);
#2132=ORIENTED_EDGE('',*,*,#1619,.T.);
#2133=ORIENTED_EDGE('',*,*,#1590,.T.);
#2134=ORIENTED_EDGE('',*,*,#1619,.F.);
#2135=ORIENTED_EDGE('',*,*,#1620,.F.);
#2136=ORIENTED_EDGE('',*,*,#1621,.T.);
#2137=ORIENTED_EDGE('',*,*,#1569,.T.);
#2138=ORIENTED_EDGE('',*,*,#1621,.F.);
#2139=ORIENTED_EDGE('',*,*,#1622,.F.);
#2140=ORIENTED_EDGE('',*,*,#1623,.F.);
#2141=ORIENTED_EDGE('',*,*,#1624,.T.);
#2142=ORIENTED_EDGE('',*,*,#1625,.F.);
#2143=ORIENTED_EDGE('',*,*,#1626,.F.);
#2144=ORIENTED_EDGE('',*,*,#1627,.F.);
#2145=ORIENTED_EDGE('',*,*,#1628,.T.);
#2146=ORIENTED_EDGE('',*,*,#1623,.T.);
#2147=ORIENTED_EDGE('',*,*,#1626,.T.);
#2148=ORIENTED_EDGE('',*,*,#1622,.T.);
#2149=ORIENTED_EDGE('',*,*,#1629,.F.);
#2150=ORIENTED_EDGE('',*,*,#1471,.T.);
#2151=ORIENTED_EDGE('',*,*,#1630,.F.);
#2152=ORIENTED_EDGE('',*,*,#1631,.F.);
#2153=ORIENTED_EDGE('',*,*,#1632,.F.);
#2154=ORIENTED_EDGE('',*,*,#1633,.F.);
#2155=ORIENTED_EDGE('',*,*,#1634,.T.);
#2156=ORIENTED_EDGE('',*,*,#1635,.T.);
#2157=ORIENTED_EDGE('',*,*,#1632,.T.);
#2158=ORIENTED_EDGE('',*,*,#1636,.T.);
#2159=ORIENTED_EDGE('',*,*,#1637,.F.);
#2160=ORIENTED_EDGE('',*,*,#1638,.F.);
#2161=ORIENTED_EDGE('',*,*,#1467,.F.);
#2162=ORIENTED_EDGE('',*,*,#1639,.F.);
#2163=ORIENTED_EDGE('',*,*,#1640,.T.);
#2164=ORIENTED_EDGE('',*,*,#1641,.T.);
#2165=ORIENTED_EDGE('',*,*,#1642,.F.);
#2166=ORIENTED_EDGE('',*,*,#1637,.T.);
#2167=ORIENTED_EDGE('',*,*,#1643,.F.);
#2168=ORIENTED_EDGE('',*,*,#1644,.F.);
#2169=ORIENTED_EDGE('',*,*,#1645,.F.);
#2170=ORIENTED_EDGE('',*,*,#1646,.F.);
#2171=ORIENTED_EDGE('',*,*,#1647,.F.);
#2172=ORIENTED_EDGE('',*,*,#1648,.T.);
#2173=ORIENTED_EDGE('',*,*,#1649,.T.);
#2174=ORIENTED_EDGE('',*,*,#1650,.F.);
#2175=ORIENTED_EDGE('',*,*,#1651,.T.);
#2176=ORIENTED_EDGE('',*,*,#1652,.T.);
#2177=ORIENTED_EDGE('',*,*,#1648,.F.);
#2178=ORIENTED_EDGE('',*,*,#1653,.F.);
#2179=ORIENTED_EDGE('',*,*,#1650,.T.);
#2180=ORIENTED_EDGE('',*,*,#1654,.T.);
#2181=ORIENTED_EDGE('',*,*,#1633,.T.);
#2182=ORIENTED_EDGE('',*,*,#1639,.T.);
#2183=ORIENTED_EDGE('',*,*,#1466,.F.);
#2184=ORIENTED_EDGE('',*,*,#1655,.T.);
#2185=ORIENTED_EDGE('',*,*,#1646,.T.);
#2186=ORIENTED_EDGE('',*,*,#1656,.F.);
#2187=ORIENTED_EDGE('',*,*,#1657,.T.);
#2188=ORIENTED_EDGE('',*,*,#1658,.T.);
#2189=ORIENTED_EDGE('',*,*,#1659,.T.);
#2190=ORIENTED_EDGE('',*,*,#1660,.T.);
#2191=ORIENTED_EDGE('',*,*,#1661,.T.);
#2192=ORIENTED_EDGE('',*,*,#1662,.F.);
#2193=ORIENTED_EDGE('',*,*,#1663,.F.);
#2194=ORIENTED_EDGE('',*,*,#1664,.F.);
#2195=ORIENTED_EDGE('',*,*,#1665,.F.);
#2196=ORIENTED_EDGE('',*,*,#1666,.F.);
#2197=ORIENTED_EDGE('',*,*,#1667,.F.);
#2198=ORIENTED_EDGE('',*,*,#1668,.F.);
#2199=ORIENTED_EDGE('',*,*,#1669,.F.);
#2200=ORIENTED_EDGE('',*,*,#1664,.T.);
#2201=ORIENTED_EDGE('',*,*,#1670,.F.);
#2202=ORIENTED_EDGE('',*,*,#1671,.T.);
#2203=ORIENTED_EDGE('',*,*,#1603,.T.);
#2204=ORIENTED_EDGE('',*,*,#1672,.F.);
#2205=ORIENTED_EDGE('',*,*,#1673,.T.);
#2206=ORIENTED_EDGE('',*,*,#1672,.T.);
#2207=ORIENTED_EDGE('',*,*,#1602,.T.);
#2208=ORIENTED_EDGE('',*,*,#1674,.F.);
#2209=ORIENTED_EDGE('',*,*,#1604,.T.);
#2210=ORIENTED_EDGE('',*,*,#1671,.F.);
#2211=ORIENTED_EDGE('',*,*,#1674,.T.);
#2212=ORIENTED_EDGE('',*,*,#1670,.T.);
#2213=ORIENTED_EDGE('',*,*,#1675,.T.);
#2214=ORIENTED_EDGE('',*,*,#1501,.T.);
#2215=ORIENTED_EDGE('',*,*,#1676,.T.);
#2216=ORIENTED_EDGE('',*,*,#1605,.T.);
#2217=ORIENTED_EDGE('',*,*,#1666,.T.);
#2218=ORIENTED_EDGE('',*,*,#1677,.F.);
#2219=ORIENTED_EDGE('',*,*,#1678,.T.);
#2220=ORIENTED_EDGE('',*,*,#1679,.T.);
#2221=ORIENTED_EDGE('',*,*,#1680,.F.);
#2222=ORIENTED_EDGE('',*,*,#1681,.T.);
#2223=ORIENTED_EDGE('',*,*,#1625,.T.);
#2224=ORIENTED_EDGE('',*,*,#1682,.F.);
#2225=ORIENTED_EDGE('',*,*,#1668,.T.);
#2226=ORIENTED_EDGE('',*,*,#1683,.T.);
#2227=ORIENTED_EDGE('',*,*,#1472,.T.);
#2228=ORIENTED_EDGE('',*,*,#1629,.T.);
#2229=ORIENTED_EDGE('',*,*,#1657,.F.);
#2230=ORIENTED_EDGE('',*,*,#1684,.F.);
#2231=ORIENTED_EDGE('',*,*,#1685,.F.);
#2232=ORIENTED_EDGE('',*,*,#1686,.F.);
#2233=ORIENTED_EDGE('',*,*,#1658,.F.);
#2234=ORIENTED_EDGE('',*,*,#1686,.T.);
#2235=ORIENTED_EDGE('',*,*,#1687,.F.);
#2236=ORIENTED_EDGE('',*,*,#1688,.F.);
#2237=ORIENTED_EDGE('',*,*,#1659,.F.);
#2238=ORIENTED_EDGE('',*,*,#1688,.T.);
#2239=ORIENTED_EDGE('',*,*,#1689,.F.);
#2240=ORIENTED_EDGE('',*,*,#1690,.F.);
#2241=ORIENTED_EDGE('',*,*,#1661,.F.);
#2242=ORIENTED_EDGE('',*,*,#1691,.T.);
#2243=ORIENTED_EDGE('',*,*,#1692,.F.);
#2244=ORIENTED_EDGE('',*,*,#1693,.F.);
#2245=ORIENTED_EDGE('',*,*,#1660,.F.);
#2246=ORIENTED_EDGE('',*,*,#1690,.T.);
#2247=ORIENTED_EDGE('',*,*,#1694,.F.);
#2248=ORIENTED_EDGE('',*,*,#1691,.F.);
#2249=ORIENTED_EDGE('',*,*,#1692,.T.);
#2250=ORIENTED_EDGE('',*,*,#1694,.T.);
#2251=ORIENTED_EDGE('',*,*,#1689,.T.);
#2252=ORIENTED_EDGE('',*,*,#1687,.T.);
#2253=ORIENTED_EDGE('',*,*,#1685,.T.);
#2254=ORIENTED_EDGE('',*,*,#1695,.T.);
#2255=ORIENTED_EDGE('',*,*,#1696,.F.);
#2256=ORIENTED_EDGE('',*,*,#1593,.F.);
#2257=ORIENTED_EDGE('',*,*,#1697,.F.);
#2258=ORIENTED_EDGE('',*,*,#1598,.F.);
#2259=ORIENTED_EDGE('',*,*,#1698,.F.);
#2260=ORIENTED_EDGE('',*,*,#1699,.T.);
#2261=ORIENTED_EDGE('',*,*,#1684,.T.);
#2262=ORIENTED_EDGE('',*,*,#1656,.T.);
#2263=ORIENTED_EDGE('',*,*,#1645,.T.);
#2264=ORIENTED_EDGE('',*,*,#1700,.T.);
#2265=ORIENTED_EDGE('',*,*,#1701,.T.);
#2266=ORIENTED_EDGE('',*,*,#1702,.T.);
#2267=ORIENTED_EDGE('',*,*,#1703,.F.);
#2268=ORIENTED_EDGE('',*,*,#1704,.F.);
#2269=ORIENTED_EDGE('',*,*,#1705,.F.);
#2270=ORIENTED_EDGE('',*,*,#1695,.F.);
#2271=ORIENTED_EDGE('',*,*,#1616,.T.);
#2272=ORIENTED_EDGE('',*,*,#1706,.T.);
#2273=ORIENTED_EDGE('',*,*,#1477,.F.);
#2274=ORIENTED_EDGE('',*,*,#1707,.T.);
#2275=ORIENTED_EDGE('',*,*,#1706,.F.);
#2276=ORIENTED_EDGE('',*,*,#1707,.F.);
#2277=ORIENTED_EDGE('',*,*,#1708,.T.);
#2278=ORIENTED_EDGE('',*,*,#1478,.F.);
#2279=ORIENTED_EDGE('',*,*,#1709,.T.);
#2280=ORIENTED_EDGE('',*,*,#1708,.F.);
#2281=ORIENTED_EDGE('',*,*,#1709,.F.);
#2282=ORIENTED_EDGE('',*,*,#1710,.T.);
#2283=ORIENTED_EDGE('',*,*,#1479,.F.);
#2284=ORIENTED_EDGE('',*,*,#1711,.T.);
#2285=ORIENTED_EDGE('',*,*,#1710,.F.);
#2286=ORIENTED_EDGE('',*,*,#1711,.F.);
#2287=ORIENTED_EDGE('',*,*,#1712,.F.);
#2288=ORIENTED_EDGE('',*,*,#1713,.T.);
#2289=ORIENTED_EDGE('',*,*,#1480,.F.);
#2290=ORIENTED_EDGE('',*,*,#1713,.F.);
#2291=ORIENTED_EDGE('',*,*,#1712,.T.);
#2292=ORIENTED_EDGE('',*,*,#1714,.F.);
#2293=ORIENTED_EDGE('',*,*,#1715,.T.);
#2294=ORIENTED_EDGE('',*,*,#1481,.F.);
#2295=ORIENTED_EDGE('',*,*,#1715,.F.);
#2296=ORIENTED_EDGE('',*,*,#1714,.T.);
#2297=ORIENTED_EDGE('',*,*,#1716,.F.);
#2298=ORIENTED_EDGE('',*,*,#1717,.T.);
#2299=ORIENTED_EDGE('',*,*,#1482,.F.);
#2300=ORIENTED_EDGE('',*,*,#1717,.F.);
#2301=ORIENTED_EDGE('',*,*,#1716,.T.);
#2302=ORIENTED_EDGE('',*,*,#1718,.F.);
#2303=ORIENTED_EDGE('',*,*,#1719,.T.);
#2304=ORIENTED_EDGE('',*,*,#1483,.F.);
#2305=ORIENTED_EDGE('',*,*,#1719,.F.);
#2306=ORIENTED_EDGE('',*,*,#1718,.T.);
#2307=ORIENTED_EDGE('',*,*,#1720,.F.);
#2308=ORIENTED_EDGE('',*,*,#1721,.F.);
#2309=ORIENTED_EDGE('',*,*,#1612,.F.);
#2310=ORIENTED_EDGE('',*,*,#1722,.F.);
#2311=ORIENTED_EDGE('',*,*,#1723,.F.);
#2312=ORIENTED_EDGE('',*,*,#1724,.F.);
#2313=ORIENTED_EDGE('',*,*,#1725,.F.);
#2314=ORIENTED_EDGE('',*,*,#1726,.F.);
#2315=ORIENTED_EDGE('',*,*,#1727,.F.);
#2316=ORIENTED_EDGE('',*,*,#1721,.T.);
#2317=ORIENTED_EDGE('',*,*,#1728,.T.);
#2318=ORIENTED_EDGE('',*,*,#1726,.T.);
#2319=ORIENTED_EDGE('',*,*,#1729,.T.);
#2320=ORIENTED_EDGE('',*,*,#1730,.T.);
#2321=ORIENTED_EDGE('',*,*,#1731,.T.);
#2322=ORIENTED_EDGE('',*,*,#1727,.T.);
#2323=ORIENTED_EDGE('',*,*,#1732,.T.);
#2324=ORIENTED_EDGE('',*,*,#1610,.F.);
#2325=ORIENTED_EDGE('',*,*,#1733,.F.);
#2326=ORIENTED_EDGE('',*,*,#1734,.F.);
#2327=ORIENTED_EDGE('',*,*,#1735,.F.);
#2328=ORIENTED_EDGE('',*,*,#1736,.F.);
#2329=ORIENTED_EDGE('',*,*,#1737,.F.);
#2330=ORIENTED_EDGE('',*,*,#1738,.F.);
#2331=ORIENTED_EDGE('',*,*,#1675,.F.);
#2332=ORIENTED_EDGE('',*,*,#1673,.F.);
#2333=ORIENTED_EDGE('',*,*,#1739,.F.);
#2334=ORIENTED_EDGE('',*,*,#1740,.F.);
#2335=ORIENTED_EDGE('',*,*,#1741,.F.);
#2336=ORIENTED_EDGE('',*,*,#1742,.F.);
#2337=ORIENTED_EDGE('',*,*,#1733,.T.);
#2338=ORIENTED_EDGE('',*,*,#1743,.T.);
#2339=ORIENTED_EDGE('',*,*,#1741,.T.);
#2340=ORIENTED_EDGE('',*,*,#1503,.T.);
#2341=ORIENTED_EDGE('',*,*,#1742,.T.);
#2342=ORIENTED_EDGE('',*,*,#1744,.T.);
#2343=ORIENTED_EDGE('',*,*,#1725,.T.);
#2344=ORIENTED_EDGE('',*,*,#1745,.T.);
#2345=ORIENTED_EDGE('',*,*,#1746,.F.);
#2346=ORIENTED_EDGE('',*,*,#1747,.F.);
#2347=ORIENTED_EDGE('',*,*,#1748,.F.);
#2348=ORIENTED_EDGE('',*,*,#1749,.T.);
#2349=ORIENTED_EDGE('',*,*,#1750,.T.);
#2350=ORIENTED_EDGE('',*,*,#1747,.T.);
#2351=ORIENTED_EDGE('',*,*,#1751,.T.);
#2352=ORIENTED_EDGE('',*,*,#1752,.F.);
#2353=ORIENTED_EDGE('',*,*,#1676,.F.);
#2354=ORIENTED_EDGE('',*,*,#1753,.F.);
#2355=ORIENTED_EDGE('',*,*,#1754,.F.);
#2356=ORIENTED_EDGE('',*,*,#1755,.F.);
#2357=ORIENTED_EDGE('',*,*,#1756,.F.);
#2358=ORIENTED_EDGE('',*,*,#1757,.F.);
#2359=ORIENTED_EDGE('',*,*,#1758,.F.);
#2360=ORIENTED_EDGE('',*,*,#1759,.F.);
#2361=ORIENTED_EDGE('',*,*,#1746,.T.);
#2362=ORIENTED_EDGE('',*,*,#1760,.T.);
#2363=ORIENTED_EDGE('',*,*,#1758,.T.);
#2364=ORIENTED_EDGE('',*,*,#1761,.T.);
#2365=ORIENTED_EDGE('',*,*,#1597,.F.);
#2366=ORIENTED_EDGE('',*,*,#1762,.F.);
#2367=ORIENTED_EDGE('',*,*,#1763,.F.);
#2368=ORIENTED_EDGE('',*,*,#1748,.T.);
#2369=ORIENTED_EDGE('',*,*,#1764,.T.);
#2370=ORIENTED_EDGE('',*,*,#1762,.T.);
#2371=ORIENTED_EDGE('',*,*,#1765,.T.);
#2372=ORIENTED_EDGE('',*,*,#1766,.T.);
#2373=ORIENTED_EDGE('',*,*,#1698,.T.);
#2374=ORIENTED_EDGE('',*,*,#1763,.T.);
#2375=ORIENTED_EDGE('',*,*,#1767,.T.);
#2376=ORIENTED_EDGE('',*,*,#1768,.F.);
#2377=ORIENTED_EDGE('',*,*,#1769,.F.);
#2378=ORIENTED_EDGE('',*,*,#1594,.F.);
#2379=ORIENTED_EDGE('',*,*,#1769,.T.);
#2380=ORIENTED_EDGE('',*,*,#1770,.T.);
#2381=ORIENTED_EDGE('',*,*,#1755,.T.);
#2382=ORIENTED_EDGE('',*,*,#1771,.T.);
#2383=ORIENTED_EDGE('',*,*,#1772,.F.);
#2384=ORIENTED_EDGE('',*,*,#1773,.F.);
#2385=ORIENTED_EDGE('',*,*,#1774,.F.);
#2386=ORIENTED_EDGE('',*,*,#1773,.T.);
#2387=ORIENTED_EDGE('',*,*,#1775,.T.);
#2388=ORIENTED_EDGE('',*,*,#1754,.T.);
#2389=ORIENTED_EDGE('',*,*,#1776,.T.);
#2390=ORIENTED_EDGE('',*,*,#1777,.T.);
#2391=ORIENTED_EDGE('',*,*,#1498,.T.);
#2392=ORIENTED_EDGE('',*,*,#1774,.T.);
#2393=ORIENTED_EDGE('',*,*,#1778,.T.);
#2394=ORIENTED_EDGE('',*,*,#1779,.T.);
#2395=ORIENTED_EDGE('',*,*,#1499,.T.);
#2396=ORIENTED_EDGE('',*,*,#1777,.F.);
#2397=ORIENTED_EDGE('',*,*,#1780,.T.);
#2398=ORIENTED_EDGE('',*,*,#1753,.T.);
#2399=ORIENTED_EDGE('',*,*,#1500,.T.);
#2400=ORIENTED_EDGE('',*,*,#1779,.F.);
#2401=ORIENTED_EDGE('',*,*,#1781,.T.);
#2402=ORIENTED_EDGE('',*,*,#1782,.F.);
#2403=ORIENTED_EDGE('',*,*,#1783,.F.);
#2404=ORIENTED_EDGE('',*,*,#1599,.F.);
#2405=ORIENTED_EDGE('',*,*,#1759,.T.);
#2406=ORIENTED_EDGE('',*,*,#1784,.T.);
#2407=ORIENTED_EDGE('',*,*,#1783,.T.);
#2408=ORIENTED_EDGE('',*,*,#1495,.T.);
#2409=ORIENTED_EDGE('',*,*,#1592,.F.);
#2410=ORIENTED_EDGE('',*,*,#1651,.F.);
#2411=ORIENTED_EDGE('',*,*,#1785,.F.);
#2412=ORIENTED_EDGE('',*,*,#1786,.F.);
#2413=ORIENTED_EDGE('',*,*,#1653,.T.);
#2414=ORIENTED_EDGE('',*,*,#1787,.T.);
#2415=ORIENTED_EDGE('',*,*,#1772,.T.);
#2416=ORIENTED_EDGE('',*,*,#1497,.T.);
#2417=ORIENTED_EDGE('',*,*,#1785,.T.);
#2418=ORIENTED_EDGE('',*,*,#1647,.T.);
#2419=ORIENTED_EDGE('',*,*,#1782,.T.);
#2420=ORIENTED_EDGE('',*,*,#1697,.T.);
#2421=ORIENTED_EDGE('',*,*,#1786,.T.);
#2422=ORIENTED_EDGE('',*,*,#1496,.T.);
#2423=ORIENTED_EDGE('',*,*,#1705,.T.);
#2424=ORIENTED_EDGE('',*,*,#1788,.T.);
#2425=ORIENTED_EDGE('',*,*,#1768,.T.);
#2426=ORIENTED_EDGE('',*,*,#1696,.T.);
#2427=ORIENTED_EDGE('',*,*,#1789,.T.);
#2428=ORIENTED_EDGE('',*,*,#1504,.T.);
#2429=ORIENTED_EDGE('',*,*,#1740,.T.);
#2430=ORIENTED_EDGE('',*,*,#1790,.T.);
#2431=ORIENTED_EDGE('',*,*,#1791,.T.);
#2432=ORIENTED_EDGE('',*,*,#1505,.T.);
#2433=ORIENTED_EDGE('',*,*,#1789,.F.);
#2434=ORIENTED_EDGE('',*,*,#1792,.T.);
#2435=ORIENTED_EDGE('',*,*,#1757,.T.);
#2436=ORIENTED_EDGE('',*,*,#1506,.T.);
#2437=ORIENTED_EDGE('',*,*,#1791,.F.);
#2438=ORIENTED_EDGE('',*,*,#1793,.T.);
#2439=ORIENTED_EDGE('',*,*,#1703,.T.);
#2440=ORIENTED_EDGE('',*,*,#1794,.T.);
#2441=ORIENTED_EDGE('',*,*,#1756,.T.);
#2442=ORIENTED_EDGE('',*,*,#1795,.T.);
#2443=ORIENTED_EDGE('',*,*,#1736,.T.);
#2444=ORIENTED_EDGE('',*,*,#1606,.T.);
#2445=ORIENTED_EDGE('',*,*,#1752,.T.);
#2446=ORIENTED_EDGE('',*,*,#1796,.T.);
#2447=ORIENTED_EDGE('',*,*,#1563,.T.);
#2448=ORIENTED_EDGE('',*,*,#1608,.T.);
#2449=ORIENTED_EDGE('',*,*,#1722,.T.);
#2450=ORIENTED_EDGE('',*,*,#1797,.T.);
#2451=ORIENTED_EDGE('',*,*,#1739,.T.);
#2452=ORIENTED_EDGE('',*,*,#1601,.T.);
#2453=ORIENTED_EDGE('',*,*,#1566,.T.);
#2454=ORIENTED_EDGE('',*,*,#1738,.T.);
#2455=ORIENTED_EDGE('',*,*,#1798,.T.);
#2456=ORIENTED_EDGE('',*,*,#1734,.T.);
#2457=ORIENTED_EDGE('',*,*,#1502,.T.);
#2458=ORIENTED_EDGE('',*,*,#1799,.T.);
#2459=ORIENTED_EDGE('',*,*,#1800,.T.);
#2460=ORIENTED_EDGE('',*,*,#1737,.T.);
#2461=ORIENTED_EDGE('',*,*,#1801,.T.);
#2462=ORIENTED_EDGE('',*,*,#1735,.T.);
#2463=ORIENTED_EDGE('',*,*,#1802,.T.);
#2464=ORIENTED_EDGE('',*,*,#1723,.T.);
#2465=ORIENTED_EDGE('',*,*,#1607,.T.);
#2466=ORIENTED_EDGE('',*,*,#1803,.T.);
#2467=ORIENTED_EDGE('',*,*,#1804,.T.);
#2468=ORIENTED_EDGE('',*,*,#1724,.T.);
#2469=ORIENTED_EDGE('',*,*,#1805,.T.);
#2470=ORIENTED_EDGE('',*,*,#1806,.T.);
#2471=ORIENTED_EDGE('',*,*,#1807,.T.);
#2472=ORIENTED_EDGE('',*,*,#1720,.T.);
#2473=ORIENTED_EDGE('',*,*,#1808,.T.);
#2474=ORIENTED_EDGE('',*,*,#1767,.F.);
#2475=ORIENTED_EDGE('',*,*,#1764,.F.);
#2476=ORIENTED_EDGE('',*,*,#1750,.F.);
#2477=ORIENTED_EDGE('',*,*,#1809,.F.);
#2478=ORIENTED_EDGE('',*,*,#1751,.F.);
#2479=ORIENTED_EDGE('',*,*,#1761,.F.);
#2480=ORIENTED_EDGE('',*,*,#1793,.F.);
#2481=ORIENTED_EDGE('',*,*,#1810,.F.);
#2482=ORIENTED_EDGE('',*,*,#1811,.T.);
#2483=ORIENTED_EDGE('',*,*,#1812,.T.);
#2484=ORIENTED_EDGE('',*,*,#1813,.F.);
#2485=ORIENTED_EDGE('',*,*,#1792,.F.);
#2486=ORIENTED_EDGE('',*,*,#1814,.F.);
#2487=ORIENTED_EDGE('',*,*,#1815,.T.);
#2488=ORIENTED_EDGE('',*,*,#1810,.T.);
#2489=ORIENTED_EDGE('',*,*,#1790,.F.);
#2490=ORIENTED_EDGE('',*,*,#1745,.F.);
#2491=ORIENTED_EDGE('',*,*,#1731,.F.);
#2492=ORIENTED_EDGE('',*,*,#1816,.F.);
#2493=ORIENTED_EDGE('',*,*,#1817,.T.);
#2494=ORIENTED_EDGE('',*,*,#1818,.T.);
#2495=ORIENTED_EDGE('',*,*,#1814,.T.);
#2496=ORIENTED_EDGE('',*,*,#1732,.F.);
#2497=ORIENTED_EDGE('',*,*,#1728,.F.);
#2498=ORIENTED_EDGE('',*,*,#1807,.F.);
#2499=ORIENTED_EDGE('',*,*,#1819,.F.);
#2500=ORIENTED_EDGE('',*,*,#1577,.T.);
#2501=ORIENTED_EDGE('',*,*,#1613,.F.);
#2502=ORIENTED_EDGE('',*,*,#1729,.F.);
#2503=ORIENTED_EDGE('',*,*,#1744,.F.);
#2504=ORIENTED_EDGE('',*,*,#1743,.F.);
#2505=ORIENTED_EDGE('',*,*,#1609,.F.);
#2506=ORIENTED_EDGE('',*,*,#1585,.T.);
#2507=ORIENTED_EDGE('',*,*,#1581,.T.);
#2508=ORIENTED_EDGE('',*,*,#1588,.T.);
#2509=ORIENTED_EDGE('',*,*,#1570,.T.);
#2510=ORIENTED_EDGE('',*,*,#1574,.T.);
#2511=ORIENTED_EDGE('',*,*,#1535,.T.);
#2512=ORIENTED_EDGE('',*,*,#1600,.F.);
#2513=ORIENTED_EDGE('',*,*,#1784,.F.);
#2514=ORIENTED_EDGE('',*,*,#1760,.F.);
#2515=ORIENTED_EDGE('',*,*,#1765,.F.);
#2516=ORIENTED_EDGE('',*,*,#1596,.F.);
#2517=ORIENTED_EDGE('',*,*,#1545,.T.);
#2518=ORIENTED_EDGE('',*,*,#1542,.T.);
#2519=ORIENTED_EDGE('',*,*,#1539,.T.);
#2520=ORIENTED_EDGE('',*,*,#1528,.T.);
#2521=ORIENTED_EDGE('',*,*,#1532,.T.);
#2522=ORIENTED_EDGE('',*,*,#1514,.T.);
#2523=ORIENTED_EDGE('',*,*,#1595,.F.);
#2524=ORIENTED_EDGE('',*,*,#1771,.F.);
#2525=ORIENTED_EDGE('',*,*,#1775,.F.);
#2526=ORIENTED_EDGE('',*,*,#1787,.F.);
#2527=ORIENTED_EDGE('',*,*,#1654,.F.);
#2528=ORIENTED_EDGE('',*,*,#1649,.F.);
#2529=ORIENTED_EDGE('',*,*,#1652,.F.);
#2530=ORIENTED_EDGE('',*,*,#1591,.F.);
#2531=ORIENTED_EDGE('',*,*,#1524,.T.);
#2532=ORIENTED_EDGE('',*,*,#1521,.T.);
#2533=ORIENTED_EDGE('',*,*,#1518,.T.);
#2534=ORIENTED_EDGE('',*,*,#1507,.T.);
#2535=ORIENTED_EDGE('',*,*,#1511,.T.);
#2536=ORIENTED_EDGE('',*,*,#1820,.F.);
#2537=ORIENTED_EDGE('',*,*,#1701,.F.);
#2538=ORIENTED_EDGE('',*,*,#1821,.T.);
#2539=ORIENTED_EDGE('',*,*,#1822,.T.);
#2540=ORIENTED_EDGE('',*,*,#1823,.T.);
#2541=ORIENTED_EDGE('',*,*,#1824,.T.);
#2542=ORIENTED_EDGE('',*,*,#1825,.T.);
#2543=ORIENTED_EDGE('',*,*,#1640,.F.);
#2544=ORIENTED_EDGE('',*,*,#1636,.F.);
#2545=ORIENTED_EDGE('',*,*,#1635,.F.);
#2546=ORIENTED_EDGE('',*,*,#1826,.T.);
#2547=ORIENTED_EDGE('',*,*,#1821,.F.);
#2548=ORIENTED_EDGE('',*,*,#1700,.F.);
#2549=ORIENTED_EDGE('',*,*,#1644,.T.);
#2550=ORIENTED_EDGE('',*,*,#1827,.F.);
#2551=ORIENTED_EDGE('',*,*,#1828,.F.);
#2552=ORIENTED_EDGE('',*,*,#1829,.F.);
#2553=ORIENTED_EDGE('',*,*,#1830,.T.);
#2554=ORIENTED_EDGE('',*,*,#1831,.F.);
#2555=ORIENTED_EDGE('',*,*,#1832,.F.);
#2556=ORIENTED_EDGE('',*,*,#1817,.F.);
#2557=ORIENTED_EDGE('',*,*,#1833,.F.);
#2558=ORIENTED_EDGE('',*,*,#1831,.T.);
#2559=ORIENTED_EDGE('',*,*,#1834,.T.);
#2560=ORIENTED_EDGE('',*,*,#1641,.F.);
#2561=ORIENTED_EDGE('',*,*,#1825,.F.);
#2562=ORIENTED_EDGE('',*,*,#1835,.F.);
#2563=ORIENTED_EDGE('',*,*,#1811,.F.);
#2564=ORIENTED_EDGE('',*,*,#1815,.F.);
#2565=ORIENTED_EDGE('',*,*,#1818,.F.);
#2566=ORIENTED_EDGE('',*,*,#1834,.F.);
#2567=ORIENTED_EDGE('',*,*,#1830,.F.);
#2568=ORIENTED_EDGE('',*,*,#1836,.F.);
#2569=ORIENTED_EDGE('',*,*,#1837,.F.);
#2570=ORIENTED_EDGE('',*,*,#1838,.F.);
#2571=ORIENTED_EDGE('',*,*,#1839,.F.);
#2572=ORIENTED_EDGE('',*,*,#1679,.F.);
#2573=ORIENTED_EDGE('',*,*,#1840,.F.);
#2574=ORIENTED_EDGE('',*,*,#1841,.F.);
#2575=ORIENTED_EDGE('',*,*,#1842,.F.);
#2576=ORIENTED_EDGE('',*,*,#1843,.F.);
#2577=ORIENTED_EDGE('',*,*,#1844,.F.);
#2578=ORIENTED_EDGE('',*,*,#1822,.F.);
#2579=ORIENTED_EDGE('',*,*,#1826,.F.);
#2580=ORIENTED_EDGE('',*,*,#1845,.F.);
#2581=ORIENTED_EDGE('',*,*,#1846,.F.);
#2582=ORIENTED_EDGE('',*,*,#1847,.F.);
#2583=ORIENTED_EDGE('',*,*,#1848,.F.);
#2584=ORIENTED_EDGE('',*,*,#1678,.F.);
#2585=ORIENTED_EDGE('',*,*,#1849,.F.);
#2586=ORIENTED_EDGE('',*,*,#1850,.T.);
#2587=ORIENTED_EDGE('',*,*,#1840,.T.);
#2588=ORIENTED_EDGE('',*,*,#1851,.F.);
#2589=ORIENTED_EDGE('',*,*,#1841,.T.);
#2590=ORIENTED_EDGE('',*,*,#1850,.F.);
#2591=ORIENTED_EDGE('',*,*,#1852,.F.);
#2592=ORIENTED_EDGE('',*,*,#1812,.F.);
#2593=ORIENTED_EDGE('',*,*,#1835,.T.);
#2594=ORIENTED_EDGE('',*,*,#1824,.F.);
#2595=ORIENTED_EDGE('',*,*,#1853,.F.);
#2596=ORIENTED_EDGE('',*,*,#1847,.T.);
#2597=ORIENTED_EDGE('',*,*,#1854,.T.);
#2598=ORIENTED_EDGE('',*,*,#1475,.T.);
#2599=ORIENTED_EDGE('',*,*,#1855,.F.);
#2600=ORIENTED_EDGE('',*,*,#1846,.T.);
#2601=ORIENTED_EDGE('',*,*,#1856,.T.);
#2602=ORIENTED_EDGE('',*,*,#1857,.T.);
#2603=ORIENTED_EDGE('',*,*,#1476,.T.);
#2604=ORIENTED_EDGE('',*,*,#1854,.F.);
#2605=ORIENTED_EDGE('',*,*,#1828,.T.);
#2606=ORIENTED_EDGE('',*,*,#1858,.F.);
#2607=ORIENTED_EDGE('',*,*,#1856,.F.);
#2608=ORIENTED_EDGE('',*,*,#1845,.T.);
#2609=ORIENTED_EDGE('',*,*,#1794,.F.);
#2610=ORIENTED_EDGE('',*,*,#1702,.F.);
#2611=ORIENTED_EDGE('',*,*,#1820,.T.);
#2612=ORIENTED_EDGE('',*,*,#1844,.T.);
#2613=ORIENTED_EDGE('',*,*,#1859,.T.);
#2614=ORIENTED_EDGE('',*,*,#1778,.F.);
#2615=ORIENTED_EDGE('',*,*,#1776,.F.);
#2616=ORIENTED_EDGE('',*,*,#1838,.T.);
#2617=ORIENTED_EDGE('',*,*,#1860,.T.);
#2618=ORIENTED_EDGE('',*,*,#1469,.T.);
#2619=ORIENTED_EDGE('',*,*,#1861,.F.);
#2620=ORIENTED_EDGE('',*,*,#1837,.T.);
#2621=ORIENTED_EDGE('',*,*,#1862,.T.);
#2622=ORIENTED_EDGE('',*,*,#1630,.T.);
#2623=ORIENTED_EDGE('',*,*,#1470,.T.);
#2624=ORIENTED_EDGE('',*,*,#1860,.F.);
#2625=ORIENTED_EDGE('',*,*,#1627,.T.);
#2626=ORIENTED_EDGE('',*,*,#1631,.T.);
#2627=ORIENTED_EDGE('',*,*,#1862,.F.);
#2628=ORIENTED_EDGE('',*,*,#1836,.T.);
#2629=ORIENTED_EDGE('',*,*,#1829,.T.);
#2630=ORIENTED_EDGE('',*,*,#1863,.F.);
#2631=ORIENTED_EDGE('',*,*,#1693,.T.);
#2632=ORIENTED_EDGE('',*,*,#1699,.F.);
#2633=ORIENTED_EDGE('',*,*,#1766,.F.);
#2634=ORIENTED_EDGE('',*,*,#1809,.T.);
#2635=ORIENTED_EDGE('',*,*,#1749,.F.);
#2636=ORIENTED_EDGE('',*,*,#1813,.T.);
#2637=ORIENTED_EDGE('',*,*,#1853,.T.);
#2638=ORIENTED_EDGE('',*,*,#1823,.F.);
#2639=ORIENTED_EDGE('',*,*,#1634,.F.);
#2640=ORIENTED_EDGE('',*,*,#1662,.T.);
#2641=ORIENTED_EDGE('',*,*,#1614,.T.);
#2642=ORIENTED_EDGE('',*,*,#1663,.T.);
#2643=ORIENTED_EDGE('',*,*,#1681,.F.);
#2644=ORIENTED_EDGE('',*,*,#1864,.F.);
#2645=ORIENTED_EDGE('',*,*,#1473,.F.);
#2646=ORIENTED_EDGE('',*,*,#1683,.F.);
#2647=ORIENTED_EDGE('',*,*,#1667,.T.);
#2648=ORIENTED_EDGE('',*,*,#1643,.T.);
#2649=ORIENTED_EDGE('',*,*,#1655,.F.);
#2650=ORIENTED_EDGE('',*,*,#1465,.F.);
#2651=ORIENTED_EDGE('',*,*,#1857,.F.);
#2652=ORIENTED_EDGE('',*,*,#1858,.T.);
#2653=ORIENTED_EDGE('',*,*,#1827,.T.);
#2654=ORIENTED_EDGE('',*,*,#1839,.T.);
#2655=ORIENTED_EDGE('',*,*,#1861,.T.);
#2656=ORIENTED_EDGE('',*,*,#1468,.T.);
#2657=ORIENTED_EDGE('',*,*,#1638,.T.);
#2658=ORIENTED_EDGE('',*,*,#1642,.T.);
#2659=ORIENTED_EDGE('',*,*,#1848,.T.);
#2660=ORIENTED_EDGE('',*,*,#1855,.T.);
#2661=ORIENTED_EDGE('',*,*,#1474,.T.);
#2662=ORIENTED_EDGE('',*,*,#1864,.T.);
#2663=ORIENTED_EDGE('',*,*,#1680,.T.);
#2664=ORIENTED_EDGE('',*,*,#1780,.F.);
#2665=ORIENTED_EDGE('',*,*,#1859,.F.);
#2666=ORIENTED_EDGE('',*,*,#1843,.T.);
#2667=ORIENTED_EDGE('',*,*,#1865,.T.);
#2668=ORIENTED_EDGE('',*,*,#1781,.F.);
#2669=ORIENTED_EDGE('',*,*,#1865,.F.);
#2670=ORIENTED_EDGE('',*,*,#1842,.T.);
#2671=ORIENTED_EDGE('',*,*,#1851,.T.);
#2672=ORIENTED_EDGE('',*,*,#1866,.F.);
#2673=ORIENTED_EDGE('',*,*,#1801,.F.);
#2674=ORIENTED_EDGE('',*,*,#1796,.F.);
#2675=ORIENTED_EDGE('',*,*,#1788,.F.);
#2676=ORIENTED_EDGE('',*,*,#1704,.T.);
#2677=ORIENTED_EDGE('',*,*,#1795,.F.);
#2678=ORIENTED_EDGE('',*,*,#1770,.F.);
#2679=ORIENTED_EDGE('',*,*,#1799,.F.);
#2680=ORIENTED_EDGE('',*,*,#1866,.T.);
#2681=ORIENTED_EDGE('',*,*,#1852,.T.);
#2682=ORIENTED_EDGE('',*,*,#1849,.T.);
#2683=ORIENTED_EDGE('',*,*,#1677,.T.);
#2684=ORIENTED_EDGE('',*,*,#1665,.T.);
#2685=ORIENTED_EDGE('',*,*,#1669,.T.);
#2686=ORIENTED_EDGE('',*,*,#1682,.T.);
#2687=ORIENTED_EDGE('',*,*,#1624,.F.);
#2688=ORIENTED_EDGE('',*,*,#1628,.F.);
#2689=ORIENTED_EDGE('',*,*,#1863,.T.);
#2690=ORIENTED_EDGE('',*,*,#1832,.T.);
#2691=ORIENTED_EDGE('',*,*,#1833,.T.);
#2692=ORIENTED_EDGE('',*,*,#1816,.T.);
#2693=ORIENTED_EDGE('',*,*,#1730,.F.);
#2694=ORIENTED_EDGE('',*,*,#1819,.T.);
#2695=ORIENTED_EDGE('',*,*,#1806,.F.);
#2696=ORIENTED_EDGE('',*,*,#1867,.F.);
#2697=ORIENTED_EDGE('',*,*,#1803,.F.);
#2698=ORIENTED_EDGE('',*,*,#1868,.F.);
#2699=ORIENTED_EDGE('',*,*,#1618,.T.);
#2700=ORIENTED_EDGE('',*,*,#1620,.T.);
#2701=ORIENTED_EDGE('',*,*,#1800,.F.);
#2702=ORIENTED_EDGE('',*,*,#1868,.T.);
#2703=ORIENTED_EDGE('',*,*,#1805,.F.);
#2704=ORIENTED_EDGE('',*,*,#1802,.F.);
#2705=ORIENTED_EDGE('',*,*,#1804,.F.);
#2706=ORIENTED_EDGE('',*,*,#1867,.T.);
#2707=ORIENTED_EDGE('',*,*,#1808,.F.);
#2708=ORIENTED_EDGE('',*,*,#1611,.F.);
#2709=ORIENTED_EDGE('',*,*,#1798,.F.);
#2710=ORIENTED_EDGE('',*,*,#1797,.F.);
#2711=PLANE('',#3000);
#2712=PLANE('',#3001);
#2713=PLANE('',#3002);
#2714=PLANE('',#3003);
#2715=PLANE('',#3004);
#2716=PLANE('',#3005);
#2717=PLANE('',#3006);
#2718=PLANE('',#3016);
#2719=PLANE('',#3017);
#2720=PLANE('',#3018);
#2721=PLANE('',#3019);
#2722=PLANE('',#3020);
#2723=PLANE('',#3021);
#2724=PLANE('',#3024);
#2725=PLANE('',#3025);
#2726=PLANE('',#3026);
#2727=PLANE('',#3027);
#2728=PLANE('',#3029);
#2729=PLANE('',#3030);
#2730=PLANE('',#3031);
#2731=PLANE('',#3033);
#2732=PLANE('',#3035);
#2733=PLANE('',#3036);
#2734=PLANE('',#3037);
#2735=PLANE('',#3039);
#2736=PLANE('',#3040);
#2737=PLANE('',#3041);
#2738=PLANE('',#3043);
#2739=PLANE('',#3045);
#2740=PLANE('',#3046);
#2741=PLANE('',#3047);
#2742=PLANE('',#3048);
#2743=PLANE('',#3049);
#2744=PLANE('',#3051);
#2745=PLANE('',#3053);
#2746=PLANE('',#3055);
#2747=PLANE('',#3056);
#2748=PLANE('',#3057);
#2749=PLANE('',#3059);
#2750=PLANE('',#3060);
#2751=PLANE('',#3062);
#2752=PLANE('',#3063);
#2753=PLANE('',#3071);
#2754=PLANE('',#3083);
#2755=PLANE('',#3084);
#2756=PLANE('',#3085);
#2757=PLANE('',#3086);
#2758=PLANE('',#3087);
#2759=PLANE('',#3088);
#2760=PLANE('',#3089);
#2761=PLANE('',#3090);
#2762=PLANE('',#3091);
#2763=PLANE('',#3093);
#2764=PLANE('',#3095);
#2765=PLANE('',#3098);
#2766=PLANE('',#3099);
#2767=PLANE('',#3100);
#2768=PLANE('',#3101);
#2769=PLANE('',#3103);
#2770=PLANE('',#3108);
#2771=PLANE('',#3109);
#2772=PLANE('',#3110);
#2773=PLANE('',#3113);
#2774=PLANE('',#3114);
#2775=PLANE('',#3117);
#2776=PLANE('',#3118);
#2777=PLANE('',#3121);
#2778=PLANE('',#3124);
#2779=PLANE('',#3127);
#2780=PLANE('',#3132);
#2781=PLANE('',#3135);
#2782=PLANE('',#3138);
#2783=PLANE('',#3141);
#2784=PLANE('',#3238);
#2785=PLANE('',#3239);
#2786=PLANE('',#3242);
#2787=PLANE('',#3243);
#2788=PLANE('',#3244);
#2789=PLANE('',#3245);
#2790=PLANE('',#3246);
#2791=PLANE('',#3247);
#2792=PLANE('',#3248);
#2793=PLANE('',#3249);
#2794=PLANE('',#3250);
#2795=PLANE('',#3251);
#2796=PLANE('',#3252);
#2797=PLANE('',#3254);
#2798=PLANE('',#3257);
#2799=PLANE('',#3258);
#2800=PLANE('',#3259);
#2801=PLANE('',#3261);
#2802=PLANE('',#3262);
#2803=PLANE('',#3263);
#2804=PLANE('',#3265);
#2805=PLANE('',#3266);
#2806=PLANE('',#3267);
#2807=PLANE('',#3268);
#2808=PLANE('',#3269);
#2809=PLANE('',#3270);
#2810=PLANE('',#3271);
#2811=PLANE('',#3273);
#2812=PLANE('',#3274);
#2813=PLANE('',#3275);
#2814=PLANE('',#3276);
#2815=PLANE('',#3277);
#2816=ADVANCED_FACE('',(#205),#2711,.T.);
#2817=ADVANCED_FACE('',(#206),#2712,.T.);
#2818=ADVANCED_FACE('',(#207),#2713,.T.);
#2819=ADVANCED_FACE('',(#208),#2714,.T.);
#2820=ADVANCED_FACE('',(#209),#2715,.F.);
#2821=ADVANCED_FACE('',(#210),#2716,.F.);
#2822=ADVANCED_FACE('',(#211,#88,#89,#90,#91,#92,#93,#94,#95),#2717,.F.);
#2823=ADVANCED_FACE('',(#212),#2718,.T.);
#2824=ADVANCED_FACE('',(#213),#2719,.T.);
#2825=ADVANCED_FACE('',(#214),#2720,.T.);
#2826=ADVANCED_FACE('',(#215),#2721,.T.);
#2827=ADVANCED_FACE('',(#216),#2722,.F.);
#2828=ADVANCED_FACE('',(#217,#96),#2723,.T.);
#2829=ADVANCED_FACE('',(#218),#2724,.F.);
#2830=ADVANCED_FACE('',(#219),#2725,.F.);
#2831=ADVANCED_FACE('',(#220),#2726,.F.);
#2832=ADVANCED_FACE('',(#221),#2727,.F.);
#2833=ADVANCED_FACE('',(#222),#2728,.F.);
#2834=ADVANCED_FACE('',(#223),#2729,.F.);
#2835=ADVANCED_FACE('',(#224),#2730,.F.);
#2836=ADVANCED_FACE('',(#225,#97),#2731,.F.);
#2837=ADVANCED_FACE('',(#226),#2732,.F.);
#2838=ADVANCED_FACE('',(#227),#2733,.F.);
#2839=ADVANCED_FACE('',(#228),#2734,.F.);
#2840=ADVANCED_FACE('',(#229),#2735,.F.);
#2841=ADVANCED_FACE('',(#230),#2736,.F.);
#2842=ADVANCED_FACE('',(#231),#2737,.F.);
#2843=ADVANCED_FACE('',(#232,#98),#2738,.F.);
#2844=ADVANCED_FACE('',(#233),#2739,.F.);
#2845=ADVANCED_FACE('',(#234),#2740,.F.);
#2846=ADVANCED_FACE('',(#235),#2741,.F.);
#2847=ADVANCED_FACE('',(#236),#2742,.F.);
#2848=ADVANCED_FACE('',(#237),#2743,.F.);
#2849=ADVANCED_FACE('',(#238),#2744,.F.);
#2850=ADVANCED_FACE('',(#239,#99),#2745,.F.);
#2851=ADVANCED_FACE('',(#240),#2746,.F.);
#2852=ADVANCED_FACE('',(#241),#2747,.F.);
#2853=ADVANCED_FACE('',(#242),#2748,.F.);
#2854=ADVANCED_FACE('',(#243),#2749,.F.);
#2855=ADVANCED_FACE('',(#244),#2750,.F.);
#2856=ADVANCED_FACE('',(#245),#2751,.F.);
#2857=ADVANCED_FACE('',(#246,#100),#2752,.F.);
#2858=ADVANCED_FACE('',(#247),#33,.T.);
#2859=ADVANCED_FACE('',(#248),#34,.T.);
#2860=ADVANCED_FACE('',(#249),#2753,.T.);
#2861=ADVANCED_FACE('',(#250),#35,.T.);
#2862=ADVANCED_FACE('',(#251),#36,.F.);
#2863=ADVANCED_FACE('',(#252),#37,.F.);
#2864=ADVANCED_FACE('',(#253),#38,.F.);
#2865=ADVANCED_FACE('',(#254),#39,.F.);
#2866=ADVANCED_FACE('',(#255),#2754,.T.);
#2867=ADVANCED_FACE('',(#256),#2755,.T.);
#2868=ADVANCED_FACE('',(#257),#2756,.F.);
#2869=ADVANCED_FACE('',(#258),#2757,.T.);
#2870=ADVANCED_FACE('',(#259),#2758,.F.);
#2871=ADVANCED_FACE('',(#260),#2759,.F.);
#2872=ADVANCED_FACE('',(#261),#2760,.T.);
#2873=ADVANCED_FACE('',(#262),#2761,.T.);
#2874=ADVANCED_FACE('',(#263),#2762,.T.);
#2875=ADVANCED_FACE('',(#264),#2763,.T.);
#2876=ADVANCED_FACE('',(#265),#2764,.F.);
#2877=ADVANCED_FACE('',(#266),#2765,.T.);
#2878=ADVANCED_FACE('',(#267),#2766,.T.);
#2879=ADVANCED_FACE('',(#268),#2767,.T.);
#2880=ADVANCED_FACE('',(#269),#2768,.T.);
#2881=ADVANCED_FACE('',(#270),#2769,.T.);
#2882=ADVANCED_FACE('',(#271),#40,.T.);
#2883=ADVANCED_FACE('',(#272),#2770,.F.);
#2884=ADVANCED_FACE('',(#273),#2771,.F.);
#2885=ADVANCED_FACE('',(#274),#2772,.F.);
#2886=ADVANCED_FACE('',(#275),#41,.F.);
#2887=ADVANCED_FACE('',(#276),#2773,.F.);
#2888=ADVANCED_FACE('',(#277),#2774,.F.);
#2889=ADVANCED_FACE('',(#278),#42,.F.);
#2890=ADVANCED_FACE('',(#279),#2775,.T.);
#2891=ADVANCED_FACE('',(#280,#101),#2776,.T.);
#2892=ADVANCED_FACE('',(#281),#2777,.T.);
#2893=ADVANCED_FACE('',(#282),#43,.T.);
#2894=ADVANCED_FACE('',(#283),#2778,.T.);
#2895=ADVANCED_FACE('',(#284),#44,.T.);
#2896=ADVANCED_FACE('',(#285),#2779,.T.);
#2897=ADVANCED_FACE('',(#286),#45,.T.);
#2898=ADVANCED_FACE('',(#287),#46,.T.);
#2899=ADVANCED_FACE('',(#288),#2780,.F.);
#2900=ADVANCED_FACE('',(#289),#47,.T.);
#2901=ADVANCED_FACE('',(#290),#2781,.F.);
#2902=ADVANCED_FACE('',(#291),#48,.T.);
#2903=ADVANCED_FACE('',(#292),#2782,.F.);
#2904=ADVANCED_FACE('',(#293),#49,.T.);
#2905=ADVANCED_FACE('',(#294),#2783,.F.);
#2906=ADVANCED_FACE('',(#295),#17,.T.);
#2907=ADVANCED_FACE('',(#296),#18,.T.);
#2908=ADVANCED_FACE('',(#297),#19,.T.);
#2909=ADVANCED_FACE('',(#298),#50,.T.);
#2910=ADVANCED_FACE('',(#299),#51,.T.);
#2911=ADVANCED_FACE('',(#300),#20,.T.);
#2912=ADVANCED_FACE('',(#301),#21,.T.);
#2913=ADVANCED_FACE('',(#302),#22,.T.);
#2914=ADVANCED_FACE('',(#303),#23,.T.);
#2915=ADVANCED_FACE('',(#304),#52,.T.);
#2916=ADVANCED_FACE('',(#305),#53,.T.);
#2917=ADVANCED_FACE('',(#306),#24,.T.);
#2918=ADVANCED_FACE('',(#307),#54,.T.);
#2919=ADVANCED_FACE('',(#308),#25,.T.);
#2920=ADVANCED_FACE('',(#309),#26,.T.);
#2921=ADVANCED_FACE('',(#310),#27,.T.);
#2922=ADVANCED_FACE('',(#311),#55,.T.);
#2923=ADVANCED_FACE('',(#312),#28,.T.);
#2924=ADVANCED_FACE('',(#313),#56,.T.);
#2925=ADVANCED_FACE('',(#314),#57,.T.);
#2926=ADVANCED_FACE('',(#315),#29,.T.);
#2927=ADVANCED_FACE('',(#316),#58,.T.);
#2928=ADVANCED_FACE('',(#317),#30,.T.);
#2929=ADVANCED_FACE('',(#318),#59,.T.);
#2930=ADVANCED_FACE('',(#319),#60,.T.);
#2931=ADVANCED_FACE('',(#320),#15,.T.);
#2932=ADVANCED_FACE('',(#321),#61,.T.);
#2933=ADVANCED_FACE('',(#322),#31,.T.);
#2934=ADVANCED_FACE('',(#323),#62,.T.);
#2935=ADVANCED_FACE('',(#324),#32,.T.);
#2936=ADVANCED_FACE('',(#325),#63,.T.);
#2937=ADVANCED_FACE('',(#326),#64,.T.);
#2938=ADVANCED_FACE('',(#327),#65,.T.);
#2939=ADVANCED_FACE('',(#328),#66,.T.);
#2940=ADVANCED_FACE('',(#329),#16,.T.);
#2941=ADVANCED_FACE('',(#330),#67,.T.);
#2942=ADVANCED_FACE('',(#331),#68,.T.);
#2943=ADVANCED_FACE('',(#332),#69,.T.);
#2944=ADVANCED_FACE('',(#333),#70,.T.);
#2945=ADVANCED_FACE('',(#334),#71,.T.);
#2946=ADVANCED_FACE('',(#335),#72,.T.);
#2947=ADVANCED_FACE('',(#336),#73,.T.);
#2948=ADVANCED_FACE('',(#337),#74,.T.);
#2949=ADVANCED_FACE('',(#338),#75,.T.);
#2950=ADVANCED_FACE('',(#339),#2784,.T.);
#2951=ADVANCED_FACE('',(#340),#2785,.F.);
#2952=ADVANCED_FACE('',(#341),#76,.F.);
#2953=ADVANCED_FACE('',(#342),#2786,.F.);
#2954=ADVANCED_FACE('',(#343),#2787,.T.);
#2955=ADVANCED_FACE('',(#344),#2788,.T.);
#2956=ADVANCED_FACE('',(#345),#2789,.T.);
#2957=ADVANCED_FACE('',(#346),#2790,.T.);
#2958=ADVANCED_FACE('',(#347),#2791,.F.);
#2959=ADVANCED_FACE('',(#348),#2792,.F.);
#2960=ADVANCED_FACE('',(#349),#2793,.F.);
#2961=ADVANCED_FACE('',(#350),#2794,.F.);
#2962=ADVANCED_FACE('',(#351),#2795,.F.);
#2963=ADVANCED_FACE('',(#352),#2796,.F.);
#2964=ADVANCED_FACE('',(#353),#2797,.F.);
#2965=ADVANCED_FACE('',(#354),#2798,.F.);
#2966=ADVANCED_FACE('',(#355),#2799,.F.);
#2967=ADVANCED_FACE('',(#356),#2800,.F.);
#2968=ADVANCED_FACE('',(#357),#77,.T.);
#2969=ADVANCED_FACE('',(#358),#2801,.T.);
#2970=ADVANCED_FACE('',(#359),#2802,.F.);
#2971=ADVANCED_FACE('',(#360),#2803,.F.);
#2972=ADVANCED_FACE('',(#361),#78,.T.);
#2973=ADVANCED_FACE('',(#362),#2804,.T.);
#2974=ADVANCED_FACE('',(#363),#2805,.F.);
#2975=ADVANCED_FACE('',(#364,#102),#2806,.T.);
#2976=ADVANCED_FACE('',(#365),#2807,.F.);
#2977=ADVANCED_FACE('',(#366),#2808,.F.);
#2978=ADVANCED_FACE('',(#367),#2809,.T.);
#2979=ADVANCED_FACE('',(#368),#2810,.T.);
#2980=ADVANCED_FACE('',(#369),#79,.F.);
#2981=ADVANCED_FACE('',(#370),#2811,.F.);
#2982=ADVANCED_FACE('',(#371),#2812,.T.);
#2983=ADVANCED_FACE('',(#372,#103,#104),#2813,.T.);
#2984=ADVANCED_FACE('',(#373),#2814,.T.);
#2985=ADVANCED_FACE('',(#374),#2815,.T.);
#2986=CLOSED_SHELL('',(#2816,#2817,#2818,#2819,#2820,#2821,#2822,#2823,
#2824,#2825,#2826,#2827,#2828,#2829,#2830,#2831,#2832,#2833,#2834,#2835,
#2836,#2837,#2838,#2839,#2840,#2841,#2842,#2843,#2844,#2845,#2846,#2847,
#2848,#2849,#2850,#2851,#2852,#2853,#2854,#2855,#2856,#2857,#2858,#2859,
#2860,#2861,#2862,#2863,#2864,#2865,#2866,#2867,#2868,#2869,#2870,#2871,
#2872,#2873,#2874,#2875,#2876,#2877,#2878,#2879,#2880,#2881,#2882,#2883,
#2884,#2885,#2886,#2887,#2888,#2889,#2890,#2891,#2892,#2893,#2894,#2895,
#2896,#2897,#2898,#2899,#2900,#2901,#2902,#2903,#2904,#2905,#2906,#2907,
#2908,#2909,#2910,#2911,#2912,#2913,#2914,#2915,#2916,#2917,#2918,#2919,
#2920,#2921,#2922,#2923,#2924,#2925,#2926,#2927,#2928,#2929,#2930,#2931,
#2932,#2933,#2934,#2935,#2936,#2937,#2938,#2939,#2940,#2941,#2942,#2943,
#2944,#2945,#2946,#2947,#2948,#2949,#2950,#2951,#2952,#2953,#2954,#2955,
#2956,#2957,#2958,#2959,#2960,#2961,#2962,#2963,#2964,#2965,#2966,#2967,
#2968,#2969,#2970,#2971,#2972,#2973,#2974,#2975,#2976,#2977,#2978,#2979,
#2980,#2981,#2982,#2983,#2984,#2985));
#2987=DERIVED_UNIT_ELEMENT(#2989,1.);
#2988=DERIVED_UNIT_ELEMENT(#5006,-3.);
#2989=(
MASS_UNIT()
NAMED_UNIT(*)
SI_UNIT(.KILO.,.GRAM.)
);
#2990=DERIVED_UNIT((#2987,#2988));
#2991=MEASURE_REPRESENTATION_ITEM('density measure',
POSITIVE_RATIO_MEASURE(7850.),#2990);
#2992=PROPERTY_DEFINITION_REPRESENTATION(#2997,#2994);
#2993=PROPERTY_DEFINITION_REPRESENTATION(#2998,#2995);
#2994=REPRESENTATION('material name',(#2996),#5003);
#2995=REPRESENTATION('density',(#2991),#5003);
#2996=DESCRIPTIVE_REPRESENTATION_ITEM('Steel','Steel');
#2997=PROPERTY_DEFINITION('material property','material name',#5013);
#2998=PROPERTY_DEFINITION('material property','density of part',#5013);
#2999=AXIS2_PLACEMENT_3D('',#4149,#3278,#3279);
#3000=AXIS2_PLACEMENT_3D('',#4150,#3280,#3281);
#3001=AXIS2_PLACEMENT_3D('',#4159,#3286,#3287);
#3002=AXIS2_PLACEMENT_3D('',#4165,#3291,#3292);
#3003=AXIS2_PLACEMENT_3D('',#4171,#3296,#3297);
#3004=AXIS2_PLACEMENT_3D('',#4174,#3300,#3301);
#3005=AXIS2_PLACEMENT_3D('',#4180,#3305,#3306);
#3006=AXIS2_PLACEMENT_3D('',#4184,#3309,#3310);
#3007=AXIS2_PLACEMENT_3D('',#4195,#3315,#3316);
#3008=AXIS2_PLACEMENT_3D('',#4207,#3322,#3323);
#3009=AXIS2_PLACEMENT_3D('',#4210,#3325,#3326);
#3010=AXIS2_PLACEMENT_3D('',#4212,#3327,#3328);
#3011=AXIS2_PLACEMENT_3D('',#4214,#3329,#3330);
#3012=AXIS2_PLACEMENT_3D('',#4216,#3331,#3332);
#3013=AXIS2_PLACEMENT_3D('',#4218,#3333,#3334);
#3014=AXIS2_PLACEMENT_3D('',#4220,#3335,#3336);
#3015=AXIS2_PLACEMENT_3D('',#4222,#3337,#3338);
#3016=AXIS2_PLACEMENT_3D('',#4223,#3339,#3340);
#3017=AXIS2_PLACEMENT_3D('',#4229,#3344,#3345);
#3018=AXIS2_PLACEMENT_3D('',#4235,#3349,#3350);
#3019=AXIS2_PLACEMENT_3D('',#4240,#3354,#3355);
#3020=AXIS2_PLACEMENT_3D('',#4242,#3357,#3358);
#3021=AXIS2_PLACEMENT_3D('',#4244,#3360,#3361);
#3022=AXIS2_PLACEMENT_3D('',#4255,#3366,#3367);
#3023=AXIS2_PLACEMENT_3D('',#4267,#3373,#3374);
#3024=AXIS2_PLACEMENT_3D('',#4269,#3376,#3377);
#3025=AXIS2_PLACEMENT_3D('',#4270,#3378,#3379);
#3026=AXIS2_PLACEMENT_3D('',#4279,#3384,#3385);
#3027=AXIS2_PLACEMENT_3D('',#4285,#3389,#3390);
#3028=AXIS2_PLACEMENT_3D('',#4292,#3394,#3395);
#3029=AXIS2_PLACEMENT_3D('',#4293,#3396,#3397);
#3030=AXIS2_PLACEMENT_3D('',#4299,#3401,#3402);
#3031=AXIS2_PLACEMENT_3D('',#4305,#3406,#3407);
#3032=AXIS2_PLACEMENT_3D('',#4308,#3409,#3410);
#3033=AXIS2_PLACEMENT_3D('',#4310,#3412,#3413);
#3034=AXIS2_PLACEMENT_3D('',#4312,#3414,#3415);
#3035=AXIS2_PLACEMENT_3D('',#4313,#3416,#3417);
#3036=AXIS2_PLACEMENT_3D('',#4322,#3422,#3423);
#3037=AXIS2_PLACEMENT_3D('',#4328,#3427,#3428);
#3038=AXIS2_PLACEMENT_3D('',#4335,#3432,#3433);
#3039=AXIS2_PLACEMENT_3D('',#4336,#3434,#3435);
#3040=AXIS2_PLACEMENT_3D('',#4342,#3439,#3440);
#3041=AXIS2_PLACEMENT_3D('',#4348,#3444,#3445);
#3042=AXIS2_PLACEMENT_3D('',#4351,#3447,#3448);
#3043=AXIS2_PLACEMENT_3D('',#4353,#3450,#3451);
#3044=AXIS2_PLACEMENT_3D('',#4355,#3452,#3453);
#3045=AXIS2_PLACEMENT_3D('',#4356,#3454,#3455);
#3046=AXIS2_PLACEMENT_3D('',#4365,#3460,#3461);
#3047=AXIS2_PLACEMENT_3D('',#4371,#3465,#3466);
#3048=AXIS2_PLACEMENT_3D('',#4377,#3470,#3471);
#3049=AXIS2_PLACEMENT_3D('',#4383,#3475,#3476);
#3050=AXIS2_PLACEMENT_3D('',#4387,#3478,#3479);
#3051=AXIS2_PLACEMENT_3D('',#4391,#3482,#3483);
#3052=AXIS2_PLACEMENT_3D('',#4393,#3484,#3485);
#3053=AXIS2_PLACEMENT_3D('',#4396,#3488,#3489);
#3054=AXIS2_PLACEMENT_3D('',#4398,#3490,#3491);
#3055=AXIS2_PLACEMENT_3D('',#4399,#3492,#3493);
#3056=AXIS2_PLACEMENT_3D('',#4408,#3498,#3499);
#3057=AXIS2_PLACEMENT_3D('',#4414,#3503,#3504);
#3058=AXIS2_PLACEMENT_3D('',#4421,#3508,#3509);
#3059=AXIS2_PLACEMENT_3D('',#4422,#3510,#3511);
#3060=AXIS2_PLACEMENT_3D('',#4431,#3516,#3517);
#3061=AXIS2_PLACEMENT_3D('',#4434,#3519,#3520);
#3062=AXIS2_PLACEMENT_3D('',#4436,#3522,#3523);
#3063=AXIS2_PLACEMENT_3D('',#4439,#3526,#3527);
#3064=AXIS2_PLACEMENT_3D('',#4441,#3528,#3529);
#3065=AXIS2_PLACEMENT_3D('',#4442,#3530,#3531);
#3066=AXIS2_PLACEMENT_3D('',#4446,#3533,#3534);
#3067=AXIS2_PLACEMENT_3D('',#4450,#3536,#3537);
#3068=AXIS2_PLACEMENT_3D('',#4452,#3539,#3540);
#3069=AXIS2_PLACEMENT_3D('',#4456,#3542,#3543);
#3070=AXIS2_PLACEMENT_3D('',#4460,#3545,#3546);
#3071=AXIS2_PLACEMENT_3D('',#4462,#3548,#3549);
#3072=AXIS2_PLACEMENT_3D('',#4478,#3558,#3559);
#3073=AXIS2_PLACEMENT_3D('',#4482,#3561,#3562);
#3074=AXIS2_PLACEMENT_3D('',#4486,#3564,#3565);
#3075=AXIS2_PLACEMENT_3D('',#4488,#3567,#3568);
#3076=AXIS2_PLACEMENT_3D('',#4490,#3569,#3570);
#3077=AXIS2_PLACEMENT_3D('',#4492,#3572,#3573);
#3078=AXIS2_PLACEMENT_3D('',#4494,#3574,#3575);
#3079=AXIS2_PLACEMENT_3D('',#4496,#3577,#3578);
#3080=AXIS2_PLACEMENT_3D('',#4498,#3579,#3580);
#3081=AXIS2_PLACEMENT_3D('',#4500,#3582,#3583);
#3082=AXIS2_PLACEMENT_3D('',#4502,#3584,#3585);
#3083=AXIS2_PLACEMENT_3D('',#4504,#3587,#3588);
#3084=AXIS2_PLACEMENT_3D('',#4513,#3593,#3594);
#3085=AXIS2_PLACEMENT_3D('',#4519,#3598,#3599);
#3086=AXIS2_PLACEMENT_3D('',#4524,#3603,#3604);
#3087=AXIS2_PLACEMENT_3D('',#4533,#3609,#3610);
#3088=AXIS2_PLACEMENT_3D('',#4540,#3615,#3616);
#3089=AXIS2_PLACEMENT_3D('',#4546,#3620,#3621);
#3090=AXIS2_PLACEMENT_3D('',#4555,#3626,#3627);
#3091=AXIS2_PLACEMENT_3D('',#4564,#3632,#3633);
#3092=AXIS2_PLACEMENT_3D('',#4565,#3634,#3635);
#3093=AXIS2_PLACEMENT_3D('',#4567,#3637,#3638);
#3094=AXIS2_PLACEMENT_3D('',#4569,#3639,#3640);
#3095=AXIS2_PLACEMENT_3D('',#4571,#3642,#3643);
#3096=AXIS2_PLACEMENT_3D('',#4578,#3647,#3648);
#3097=AXIS2_PLACEMENT_3D('',#4582,#3650,#3651);
#3098=AXIS2_PLACEMENT_3D('',#4586,#3654,#3655);
#3099=AXIS2_PLACEMENT_3D('',#4595,#3660,#3661);
#3100=AXIS2_PLACEMENT_3D('',#4601,#3665,#3666);
#3101=AXIS2_PLACEMENT_3D('',#4607,#3670,#3671);
#3102=AXIS2_PLACEMENT_3D('',#4608,#3672,#3673);
#3103=AXIS2_PLACEMENT_3D('',#4609,#3674,#3675);
#3104=AXIS2_PLACEMENT_3D('',#4610,#3676,#3677);
#3105=AXIS2_PLACEMENT_3D('',#4611,#3678,#3679);
#3106=AXIS2_PLACEMENT_3D('',#4612,#3680,#3681);
#3107=AXIS2_PLACEMENT_3D('',#4613,#3682,#3683);
#3108=AXIS2_PLACEMENT_3D('',#4614,#3684,#3685);
#3109=AXIS2_PLACEMENT_3D('',#4624,#3691,#3692);
#3110=AXIS2_PLACEMENT_3D('',#4627,#3695,#3696);
#3111=AXIS2_PLACEMENT_3D('',#4633,#3700,#3701);
#3112=AXIS2_PLACEMENT_3D('',#4635,#3702,#3703);
#3113=AXIS2_PLACEMENT_3D('',#4637,#3705,#3706);
#3114=AXIS2_PLACEMENT_3D('',#4641,#3709,#3710);
#3115=AXIS2_PLACEMENT_3D('',#4647,#3714,#3715);
#3116=AXIS2_PLACEMENT_3D('',#4648,#3716,#3717);
#3117=AXIS2_PLACEMENT_3D('',#4649,#3718,#3719);
#3118=AXIS2_PLACEMENT_3D('',#4657,#3725,#3726);
#3119=AXIS2_PLACEMENT_3D('',#4665,#3730,#3731);
#3120=AXIS2_PLACEMENT_3D('',#4668,#3733,#3734);
#3121=AXIS2_PLACEMENT_3D('',#4669,#3735,#3736);
#3122=AXIS2_PLACEMENT_3D('',#4671,#3737,#3738);
#3123=AXIS2_PLACEMENT_3D('',#4672,#3739,#3740);
#3124=AXIS2_PLACEMENT_3D('',#4674,#3742,#3743);
#3125=AXIS2_PLACEMENT_3D('',#4676,#3744,#3745);
#3126=AXIS2_PLACEMENT_3D('',#4677,#3746,#3747);
#3127=AXIS2_PLACEMENT_3D('',#4679,#3749,#3750);
#3128=AXIS2_PLACEMENT_3D('',#4681,#3751,#3752);
#3129=AXIS2_PLACEMENT_3D('',#4682,#3753,#3754);
#3130=AXIS2_PLACEMENT_3D('',#4684,#3756,#3757);
#3131=AXIS2_PLACEMENT_3D('',#4686,#3758,#3759);
#3132=AXIS2_PLACEMENT_3D('',#4688,#3761,#3762);
#3133=AXIS2_PLACEMENT_3D('',#4689,#3763,#3764);
#3134=AXIS2_PLACEMENT_3D('',#4691,#3765,#3766);
#3135=AXIS2_PLACEMENT_3D('',#4693,#3768,#3769);
#3136=AXIS2_PLACEMENT_3D('',#4694,#3770,#3771);
#3137=AXIS2_PLACEMENT_3D('',#4696,#3772,#3773);
#3138=AXIS2_PLACEMENT_3D('',#4698,#3775,#3776);
#3139=AXIS2_PLACEMENT_3D('',#4699,#3777,#3778);
#3140=AXIS2_PLACEMENT_3D('',#4701,#3779,#3780);
#3141=AXIS2_PLACEMENT_3D('',#4703,#3782,#3783);
#3142=AXIS2_PLACEMENT_3D('',#4704,#3784,#3785);
#3143=AXIS2_PLACEMENT_3D('',#4706,#3786,#3787);
#3144=AXIS2_PLACEMENT_3D('',#4707,#3788,#3789);
#3145=AXIS2_PLACEMENT_3D('',#4708,#3790,#3791);
#3146=AXIS2_PLACEMENT_3D('',#4710,#3792,#3793);
#3147=AXIS2_PLACEMENT_3D('',#4712,#3794,#3795);
#3148=AXIS2_PLACEMENT_3D('',#4713,#3796,#3797);
#3149=AXIS2_PLACEMENT_3D('',#4714,#3798,#3799);
#3150=AXIS2_PLACEMENT_3D('',#4717,#3800,#3801);
#3151=AXIS2_PLACEMENT_3D('',#4719,#3802,#3803);
#3152=AXIS2_PLACEMENT_3D('',#4720,#3804,#3805);
#3153=AXIS2_PLACEMENT_3D('',#4721,#3806,#3807);
#3154=AXIS2_PLACEMENT_3D('',#4724,#3810,#3811);
#3155=AXIS2_PLACEMENT_3D('',#4727,#3812,#3813);
#3156=AXIS2_PLACEMENT_3D('',#4730,#3816,#3817);
#3157=AXIS2_PLACEMENT_3D('',#4731,#3818,#3819);
#3158=AXIS2_PLACEMENT_3D('',#4732,#3820,#3821);
#3159=AXIS2_PLACEMENT_3D('',#4733,#3822,#3823);
#3160=AXIS2_PLACEMENT_3D('',#4735,#3824,#3825);
#3161=AXIS2_PLACEMENT_3D('',#4737,#3826,#3827);
#3162=AXIS2_PLACEMENT_3D('',#4738,#3828,#3829);
#3163=AXIS2_PLACEMENT_3D('',#4739,#3830,#3831);
#3164=AXIS2_PLACEMENT_3D('',#4741,#3832,#3833);
#3165=AXIS2_PLACEMENT_3D('',#4742,#3834,#3835);
#3166=AXIS2_PLACEMENT_3D('',#4743,#3836,#3837);
#3167=AXIS2_PLACEMENT_3D('',#4745,#3838,#3839);
#3168=AXIS2_PLACEMENT_3D('',#4747,#3840,#3841);
#3169=AXIS2_PLACEMENT_3D('',#4748,#3842,#3843);
#3170=AXIS2_PLACEMENT_3D('',#4749,#3844,#3845);
#3171=AXIS2_PLACEMENT_3D('',#4751,#3847,#3848);
#3172=AXIS2_PLACEMENT_3D('',#4754,#3851,#3852);
#3173=AXIS2_PLACEMENT_3D('',#4757,#3853,#3854);
#3174=AXIS2_PLACEMENT_3D('',#4759,#3855,#3856);
#3175=AXIS2_PLACEMENT_3D('',#4760,#3857,#3858);
#3176=AXIS2_PLACEMENT_3D('',#4761,#3859,#3860);
#3177=AXIS2_PLACEMENT_3D('',#4764,#3861,#3862);
#3178=AXIS2_PLACEMENT_3D('',#4767,#3865,#3866);
#3179=AXIS2_PLACEMENT_3D('',#4769,#3867,#3868);
#3180=AXIS2_PLACEMENT_3D('',#4770,#3869,#3870);
#3181=AXIS2_PLACEMENT_3D('',#4771,#3871,#3872);
#3182=AXIS2_PLACEMENT_3D('',#4774,#3873,#3874);
#3183=AXIS2_PLACEMENT_3D('',#4776,#3875,#3876);
#3184=AXIS2_PLACEMENT_3D('',#4777,#3877,#3878);
#3185=AXIS2_PLACEMENT_3D('',#4778,#3879,#3880);
#3186=AXIS2_PLACEMENT_3D('',#4780,#3881,#3882);
#3187=AXIS2_PLACEMENT_3D('',#4782,#3883,#3884);
#3188=AXIS2_PLACEMENT_3D('',#4783,#3885,#3886);
#3189=AXIS2_PLACEMENT_3D('',#4784,#3887,#3888);
#3190=AXIS2_PLACEMENT_3D('',#4787,#3891,#3892);
#3191=AXIS2_PLACEMENT_3D('',#4789,#3893,#3894);
#3192=AXIS2_PLACEMENT_3D('',#4790,#3895,#3896);
#3193=AXIS2_PLACEMENT_3D('',#4791,#3897,#3898);
#3194=AXIS2_PLACEMENT_3D('',#4794,#3901,#3902);
#3195=AXIS2_PLACEMENT_3D('',#4796,#3903,#3904);
#3196=AXIS2_PLACEMENT_3D('',#4798,#3906,#3907);
#3197=AXIS2_PLACEMENT_3D('',#4800,#3908,#3909);
#3198=AXIS2_PLACEMENT_3D('',#4801,#3910,#3911);
#3199=AXIS2_PLACEMENT_3D('',#4802,#3912,#3913);
#3200=AXIS2_PLACEMENT_3D('',#4805,#3916,#3917);
#3201=AXIS2_PLACEMENT_3D('',#4807,#3918,#3919);
#3202=AXIS2_PLACEMENT_3D('',#4809,#3920,#3921);
#3203=AXIS2_PLACEMENT_3D('',#4810,#3922,#3923);
#3204=AXIS2_PLACEMENT_3D('',#4811,#3924,#3925);
#3205=AXIS2_PLACEMENT_3D('',#4814,#3928,#3929);
#3206=AXIS2_PLACEMENT_3D('',#4816,#3930,#3931);
#3207=AXIS2_PLACEMENT_3D('',#4818,#3933,#3934);
#3208=AXIS2_PLACEMENT_3D('',#4820,#3935,#3936);
#3209=AXIS2_PLACEMENT_3D('',#4821,#3937,#3938);
#3210=AXIS2_PLACEMENT_3D('',#4822,#3939,#3940);
#3211=AXIS2_PLACEMENT_3D('',#4824,#3942,#3943);
#3212=AXIS2_PLACEMENT_3D('',#4825,#3944,#3945);
#3213=AXIS2_PLACEMENT_3D('',#4826,#3946,#3947);
#3214=AXIS2_PLACEMENT_3D('',#4827,#3948,#3949);
#3215=AXIS2_PLACEMENT_3D('',#4829,#3951,#3952);
#3216=AXIS2_PLACEMENT_3D('',#4830,#3953,#3954);
#3217=AXIS2_PLACEMENT_3D('',#4831,#3955,#3956);
#3218=AXIS2_PLACEMENT_3D('',#4832,#3957,#3958);
#3219=AXIS2_PLACEMENT_3D('',#4834,#3960,#3961);
#3220=AXIS2_PLACEMENT_3D('',#4835,#3962,#3963);
#3221=AXIS2_PLACEMENT_3D('',#4837,#3965,#3966);
#3222=AXIS2_PLACEMENT_3D('',#4839,#3967,#3968);
#3223=AXIS2_PLACEMENT_3D('',#4841,#3970,#3971);
#3224=AXIS2_PLACEMENT_3D('',#4843,#3972,#3973);
#3225=AXIS2_PLACEMENT_3D('',#4844,#3974,#3975);
#3226=AXIS2_PLACEMENT_3D('',#4845,#3976,#3977);
#3227=AXIS2_PLACEMENT_3D('',#4847,#3979,#3980);
#3228=AXIS2_PLACEMENT_3D('',#4850,#3983,#3984);
#3229=AXIS2_PLACEMENT_3D('',#4852,#3986,#3987);
#3230=AXIS2_PLACEMENT_3D('',#4854,#3989,#3990);
#3231=AXIS2_PLACEMENT_3D('',#4856,#3992,#3993);
#3232=AXIS2_PLACEMENT_3D('',#4859,#3994,#3995);
#3233=AXIS2_PLACEMENT_3D('',#4862,#3998,#3999);
#3234=AXIS2_PLACEMENT_3D('',#4864,#4001,#4002);
#3235=AXIS2_PLACEMENT_3D('',#4867,#4003,#4004);
#3236=AXIS2_PLACEMENT_3D('',#4870,#4007,#4008);
#3237=AXIS2_PLACEMENT_3D('',#4873,#4009,#4010);
#3238=AXIS2_PLACEMENT_3D('',#4876,#4013,#4014);
#3239=AXIS2_PLACEMENT_3D('',#4878,#4016,#4017);
#3240=AXIS2_PLACEMENT_3D('',#4886,#4022,#4023);
#3241=AXIS2_PLACEMENT_3D('',#4889,#4025,#4026);
#3242=AXIS2_PLACEMENT_3D('',#4890,#4027,#4028);
#3243=AXIS2_PLACEMENT_3D('',#4896,#4032,#4033);
#3244=AXIS2_PLACEMENT_3D('',#4898,#4035,#4036);
#3245=AXIS2_PLACEMENT_3D('',#4899,#4037,#4038);
#3246=AXIS2_PLACEMENT_3D('',#4900,#4039,#4040);
#3247=AXIS2_PLACEMENT_3D('',#4901,#4041,#4042);
#3248=AXIS2_PLACEMENT_3D('',#4907,#4046,#4047);
#3249=AXIS2_PLACEMENT_3D('',#4913,#4051,#4052);
#3250=AXIS2_PLACEMENT_3D('',#4919,#4056,#4057);
#3251=AXIS2_PLACEMENT_3D('',#4928,#4062,#4063);
#3252=AXIS2_PLACEMENT_3D('',#4931,#4066,#4067);
#3253=AXIS2_PLACEMENT_3D('',#4938,#4071,#4072);
#3254=AXIS2_PLACEMENT_3D('',#4940,#4074,#4075);
#3255=AXIS2_PLACEMENT_3D('',#4948,#4079,#4080);
#3256=AXIS2_PLACEMENT_3D('',#4955,#4084,#4085);
#3257=AXIS2_PLACEMENT_3D('',#4957,#4087,#4088);
#3258=AXIS2_PLACEMENT_3D('',#4961,#4091,#4092);
#3259=AXIS2_PLACEMENT_3D('',#4965,#4095,#4096);
#3260=AXIS2_PLACEMENT_3D('',#4967,#4098,#4099);
#3261=AXIS2_PLACEMENT_3D('',#4970,#4102,#4103);
#3262=AXIS2_PLACEMENT_3D('',#4974,#4106,#4107);
#3263=AXIS2_PLACEMENT_3D('',#4976,#4109,#4110);
#3264=AXIS2_PLACEMENT_3D('',#4978,#4112,#4113);
#3265=AXIS2_PLACEMENT_3D('',#4981,#4116,#4117);
#3266=AXIS2_PLACEMENT_3D('',#4983,#4119,#4120);
#3267=AXIS2_PLACEMENT_3D('',#4985,#4122,#4123);
#3268=AXIS2_PLACEMENT_3D('',#4986,#4124,#4125);
#3269=AXIS2_PLACEMENT_3D('',#4988,#4127,#4128);
#3270=AXIS2_PLACEMENT_3D('',#4989,#4129,#4130);
#3271=AXIS2_PLACEMENT_3D('',#4990,#4131,#4132);
#3272=AXIS2_PLACEMENT_3D('',#4991,#4133,#4134);
#3273=AXIS2_PLACEMENT_3D('',#4993,#4136,#4137);
#3274=AXIS2_PLACEMENT_3D('',#4995,#4139,#4140);
#3275=AXIS2_PLACEMENT_3D('',#4996,#4141,#4142);
#3276=AXIS2_PLACEMENT_3D('',#4999,#4145,#4146);
#3277=AXIS2_PLACEMENT_3D('',#5000,#4147,#4148);
#3278=DIRECTION('axis',(0.,0.,1.));
#3279=DIRECTION('refdir',(1.,0.,0.));
#3280=DIRECTION('center_axis',(0.707106781186555,-1.69720067905189E-13,
-0.70710678118654));
#3281=DIRECTION('ref_axis',(-0.70710678118654,0.,-0.707106781186555));
#3282=DIRECTION('',(0.,1.,-2.40020421838404E-13));
#3283=DIRECTION('',(0.577350269189567,-0.577350269189593,0.577350269189718));
#3284=DIRECTION('',(0.,-1.,2.40020421838404E-13));
#3285=DIRECTION('',(-0.57735026918966,-0.577350269189686,-0.577350269189532));
#3286=DIRECTION('center_axis',(0.,-0.707106781186624,-0.707106781186471));
#3287=DIRECTION('ref_axis',(-1.,0.,0.));
#3288=DIRECTION('',(1.,0.,0.));
#3289=DIRECTION('',(-0.577350269189567,-0.577350269189593,0.577350269189718));
#3290=DIRECTION('',(-1.,0.,0.));
#3291=DIRECTION('center_axis',(-0.707106781186555,-1.69720067905189E-13,
-0.70710678118654));
#3292=DIRECTION('ref_axis',(-0.70710678118654,0.,0.707106781186555));
#3293=DIRECTION('',(0.,1.,-2.40020421838404E-13));
#3294=DIRECTION('',(0.,-1.,2.40020421838404E-13));
#3295=DIRECTION('',(-0.577350269189659,0.577350269189685,0.577350269189534));
#3296=DIRECTION('center_axis',(0.,0.707106781186455,-0.70710678118664));
#3297=DIRECTION('ref_axis',(-1.,0.,0.));
#3298=DIRECTION('',(-1.,0.,0.));
#3299=DIRECTION('',(1.,0.,0.));
#3300=DIRECTION('center_axis',(0.,-1.,0.));
#3301=DIRECTION('ref_axis',(1.,0.,0.));
#3302=DIRECTION('',(0.,0.,1.));
#3303=DIRECTION('',(-1.,0.,0.));
#3304=DIRECTION('',(0.,0.,1.));
#3305=DIRECTION('center_axis',(-1.,0.,0.));
#3306=DIRECTION('ref_axis',(0.,-1.,0.));
#3307=DIRECTION('',(0.,0.,1.));
#3308=DIRECTION('',(0.,1.,-2.40020421838404E-13));
#3309=DIRECTION('center_axis',(0.,2.40020421838404E-13,1.));
#3310=DIRECTION('ref_axis',(0.,-1.,2.40020421838404E-13));
#3311=DIRECTION('',(-1.,0.,0.));
#3312=DIRECTION('',(0.,1.,-2.40020421838404E-13));
#3313=DIRECTION('',(1.,0.,0.));
#3314=DIRECTION('',(-0.482183709660471,0.876070128550258,-2.10274721814658E-13));
#3315=DIRECTION('center_axis',(0.,-2.40020421838404E-13,-1.));
#3316=DIRECTION('ref_axis',(-1.,0.,0.));
#3317=DIRECTION('',(-0.482183709660472,-0.876070128550258,2.10274721814658E-13));
#3318=DIRECTION('',(-1.,0.,0.));
#3319=DIRECTION('',(0.,1.,-2.40020421838404E-13));
#3320=DIRECTION('',(-1.,0.,0.));
#3321=DIRECTION('',(0.482183709660471,-0.876070128550258,2.10274721814658E-13));
#3322=DIRECTION('center_axis',(0.,-2.40020421838404E-13,-1.));
#3323=DIRECTION('ref_axis',(1.,0.,0.));
#3324=DIRECTION('',(0.482183709660471,0.876070128550258,-2.10274721814658E-13));
#3325=DIRECTION('center_axis',(0.,2.40020421838404E-13,1.));
#3326=DIRECTION('ref_axis',(1.,0.,0.));
#3327=DIRECTION('center_axis',(0.,2.40020421838404E-13,1.));
#3328=DIRECTION('ref_axis',(1.,0.,0.));
#3329=DIRECTION('center_axis',(0.,2.40020421838404E-13,1.));
#3330=DIRECTION('ref_axis',(1.,0.,0.));
#3331=DIRECTION('center_axis',(0.,2.40020421838404E-13,1.));
#3332=DIRECTION('ref_axis',(1.,0.,0.));
#3333=DIRECTION('center_axis',(0.,2.40020421838404E-13,1.));
#3334=DIRECTION('ref_axis',(0.,-1.,2.40001363271052E-13));
#3335=DIRECTION('center_axis',(0.,2.40020421838404E-13,1.));
#3336=DIRECTION('ref_axis',(1.,0.,0.));
#3337=DIRECTION('center_axis',(0.,2.40020421838404E-13,1.));
#3338=DIRECTION('ref_axis',(1.,0.,0.));
#3339=DIRECTION('center_axis',(0.707106781186555,1.69720067905189E-13,0.70710678118654));
#3340=DIRECTION('ref_axis',(0.70710678118654,0.,-0.707106781186555));
#3341=DIRECTION('',(-0.577350269189677,0.577350269189651,0.577350269189549));
#3342=DIRECTION('',(0.,-1.,2.40020421838404E-13));
#3343=DIRECTION('',(0.577350269189583,0.577350269189557,-0.577350269189737));
#3344=DIRECTION('center_axis',(0.,-0.707106781186485,0.70710678118661));
#3345=DIRECTION('ref_axis',(1.,0.,0.));
#3346=DIRECTION('',(-1.,0.,0.));
#3347=DIRECTION('',(1.,0.,0.));
#3348=DIRECTION('',(0.577350269189677,0.577350269189651,0.577350269189549));
#3349=DIRECTION('center_axis',(-0.707106781186555,1.69720067905189E-13,
0.70710678118654));
#3350=DIRECTION('ref_axis',(0.70710678118654,0.,0.707106781186555));
#3351=DIRECTION('',(0.,1.,-2.40020421838404E-13));
#3352=DIRECTION('',(0.,-1.,2.40020421838404E-13));
#3353=DIRECTION('',(0.577350269189584,-0.577350269189558,0.577350269189735));
#3354=DIRECTION('center_axis',(0.,0.707106781186657,0.707106781186438));
#3355=DIRECTION('ref_axis',(1.,0.,0.));
#3356=DIRECTION('',(1.,0.,0.));
#3357=DIRECTION('center_axis',(0.,1.,0.));
#3358=DIRECTION('ref_axis',(-1.,0.,0.));
#3359=DIRECTION('',(0.,0.,1.));
#3360=DIRECTION('center_axis',(0.,2.40020421838404E-13,1.));
#3361=DIRECTION('ref_axis',(0.,-1.,2.40020421838404E-13));
#3362=DIRECTION('',(1.,0.,0.));
#3363=DIRECTION('',(0.,1.,-2.40020421838404E-13));
#3364=DIRECTION('',(-1.,0.,0.));
#3365=DIRECTION('',(-0.482183709660471,-0.876070128550258,2.10274721814658E-13));
#3366=DIRECTION('center_axis',(0.,2.40020421838404E-13,1.));
#3367=DIRECTION('ref_axis',(-5.55111512312611E-16,1.,-2.40020421838404E-13));
#3368=DIRECTION('',(-0.482183709660471,0.876070128550258,-2.10274721814658E-13));
#3369=DIRECTION('',(-1.,0.,0.));
#3370=DIRECTION('',(0.,-1.,2.40020421838404E-13));
#3371=DIRECTION('',(1.,0.,0.));
#3372=DIRECTION('',(0.482183709660472,0.876070128550258,-2.10274721814658E-13));
#3373=DIRECTION('center_axis',(0.,2.40020421838404E-13,1.));
#3374=DIRECTION('ref_axis',(1.11022302462509E-15,-1.,2.40020421838404E-13));
#3375=DIRECTION('',(0.482183709660471,-0.876070128550258,2.10274721814658E-13));
#3376=DIRECTION('center_axis',(1.,0.,0.));
#3377=DIRECTION('ref_axis',(0.,1.,0.));
#3378=DIRECTION('center_axis',(0.866025403784442,-0.499999999999993,0.));
#3379=DIRECTION('ref_axis',(-0.499999999999993,-0.866025403784443,0.));
#3380=DIRECTION('',(-0.377964473009222,-0.65465367070798,-0.654653670707978));
#3381=DIRECTION('',(0.,0.,-1.));
#3382=DIRECTION('',(-0.499999999999993,-0.866025403784443,0.));
#3383=DIRECTION('',(0.,0.,-1.));
#3384=DIRECTION('center_axis',(1.11881465389589E-14,-1.,0.));
#3385=DIRECTION('ref_axis',(-1.,-1.11881465389589E-14,0.));
#3386=DIRECTION('',(-1.,-1.11881465389589E-14,-1.11881465389589E-14));
#3387=DIRECTION('',(-1.,-1.11881465389589E-14,0.));
#3388=DIRECTION('',(0.,0.,-1.));
#3389=DIRECTION('center_axis',(-0.866025403784435,-0.500000000000006,0.));
#3390=DIRECTION('ref_axis',(-0.500000000000006,0.866025403784435,0.));
#3391=DIRECTION('',(-0.377964473009233,0.654653670707976,0.654653670707975));
#3392=DIRECTION('',(-0.500000000000006,0.866025403784435,0.));
#3393=DIRECTION('',(0.,0.,-1.));
#3394=DIRECTION('center_axis',(-0.866025403784435,-0.500000000000006,0.));
#3395=DIRECTION('ref_axis',(-0.327326835353992,0.566946709513838,0.755928946018455));
#3396=DIRECTION('center_axis',(0.866025403784434,0.500000000000009,0.));
#3397=DIRECTION('ref_axis',(0.500000000000009,-0.866025403784434,0.));
#3398=DIRECTION('',(0.377964473009235,-0.654653670707976,-0.654653670707974));
#3399=DIRECTION('',(0.,0.,-1.));
#3400=DIRECTION('',(0.500000000000009,-0.866025403784434,0.));
#3401=DIRECTION('center_axis',(-9.78962822158905E-15,1.,0.));
#3402=DIRECTION('ref_axis',(1.,9.78962822158905E-15,0.));
#3403=DIRECTION('',(1.,9.78962822158905E-15,9.78962822158902E-15));
#3404=DIRECTION('',(0.,0.,-1.));
#3405=DIRECTION('',(1.,9.78962822158905E-15,0.));
#3406=DIRECTION('center_axis',(-0.866025403784444,0.499999999999991,0.));
#3407=DIRECTION('ref_axis',(0.499999999999991,0.866025403784444,0.));
#3408=DIRECTION('',(0.37796447300922,0.65465367070798,0.654653670707978));
#3409=DIRECTION('center_axis',(-0.866025403784444,0.499999999999991,0.));
#3410=DIRECTION('ref_axis',(-0.327326835353984,-0.566946709513847,-0.755928946018452));
#3411=DIRECTION('',(0.499999999999991,0.866025403784444,0.));
#3412=DIRECTION('center_axis',(0.,0.,-1.));
#3413=DIRECTION('ref_axis',(-1.,0.,0.));
#3414=DIRECTION('center_axis',(0.,0.,1.));
#3415=DIRECTION('ref_axis',(1.,0.,0.));
#3416=DIRECTION('center_axis',(0.866025403784442,-0.499999999999993,0.));
#3417=DIRECTION('ref_axis',(-0.499999999999993,-0.866025403784443,0.));
#3418=DIRECTION('',(-0.377964473009222,-0.654653670707979,0.654653670707978));
#3419=DIRECTION('',(0.,0.,-1.));
#3420=DIRECTION('',(-0.499999999999993,-0.866025403784443,0.));
#3421=DIRECTION('',(0.,0.,-1.));
#3422=DIRECTION('center_axis',(1.11881465389589E-14,-1.,0.));
#3423=DIRECTION('ref_axis',(-1.,-1.11881465389589E-14,0.));
#3424=DIRECTION('',(-1.,-1.11881465389589E-14,1.11881465389589E-14));
#3425=DIRECTION('',(-1.,-1.11881465389589E-14,0.));
#3426=DIRECTION('',(0.,0.,-1.));
#3427=DIRECTION('center_axis',(-0.866025403784435,-0.500000000000006,0.));
#3428=DIRECTION('ref_axis',(-0.500000000000006,0.866025403784435,0.));
#3429=DIRECTION('',(-0.377964473009233,0.654653670707976,-0.654653670707975));
#3430=DIRECTION('',(-0.500000000000006,0.866025403784435,0.));
#3431=DIRECTION('',(0.,0.,-1.));
#3432=DIRECTION('center_axis',(-0.866025403784435,-0.500000000000006,0.));
#3433=DIRECTION('ref_axis',(-0.327326835353992,0.566946709513838,-0.755928946018455));
#3434=DIRECTION('center_axis',(0.866025403784434,0.500000000000008,0.));
#3435=DIRECTION('ref_axis',(0.500000000000008,-0.866025403784434,0.));
#3436=DIRECTION('',(0.377964473009235,-0.654653670707975,0.654653670707975));
#3437=DIRECTION('',(0.,0.,-1.));
#3438=DIRECTION('',(0.500000000000008,-0.866025403784434,0.));
#3439=DIRECTION('center_axis',(-1.11881465389589E-14,1.,0.));
#3440=DIRECTION('ref_axis',(1.,1.11881465389589E-14,0.));
#3441=DIRECTION('',(1.,1.11881465389589E-14,-1.11881465389589E-14));
#3442=DIRECTION('',(0.,0.,-1.));
#3443=DIRECTION('',(1.,1.11881465389589E-14,0.));
#3444=DIRECTION('center_axis',(-0.866025403784444,0.499999999999991,0.));
#3445=DIRECTION('ref_axis',(0.499999999999991,0.866025403784444,0.));
#3446=DIRECTION('',(0.37796447300922,0.65465367070798,-0.654653670707979));
#3447=DIRECTION('center_axis',(-0.866025403784444,0.499999999999991,0.));
#3448=DIRECTION('ref_axis',(-0.327326835353984,-0.566946709513846,0.755928946018452));
#3449=DIRECTION('',(0.499999999999991,0.866025403784444,0.));
#3450=DIRECTION('center_axis',(0.,0.,-1.));
#3451=DIRECTION('ref_axis',(-1.,0.,0.));
#3452=DIRECTION('center_axis',(0.,0.,1.));
#3453=DIRECTION('ref_axis',(1.,0.,0.));
#3454=DIRECTION('center_axis',(1.11881465389589E-14,-1.,0.));
#3455=DIRECTION('ref_axis',(-1.,-1.11881465389589E-14,0.));
#3456=DIRECTION('',(-1.,-1.11881465389589E-14,-1.11881465389589E-14));
#3457=DIRECTION('',(0.,0.,-1.));
#3458=DIRECTION('',(-1.,-1.11881465389589E-14,0.));
#3459=DIRECTION('',(0.,0.,-1.));
#3460=DIRECTION('center_axis',(-0.866025403784435,-0.500000000000006,0.));
#3461=DIRECTION('ref_axis',(-0.500000000000006,0.866025403784435,0.));
#3462=DIRECTION('',(-0.377964473009233,0.654653670707976,0.654653670707975));
#3463=DIRECTION('',(-0.500000000000006,0.866025403784435,0.));
#3464=DIRECTION('',(0.,0.,-1.));
#3465=DIRECTION('center_axis',(-0.866025403784444,0.499999999999991,0.));
#3466=DIRECTION('ref_axis',(0.499999999999991,0.866025403784444,0.));
#3467=DIRECTION('',(0.37796447300922,0.65465367070798,0.654653670707978));
#3468=DIRECTION('',(0.499999999999991,0.866025403784444,0.));
#3469=DIRECTION('',(0.,0.,-1.));
#3470=DIRECTION('center_axis',(-9.78962822158905E-15,1.,0.));
#3471=DIRECTION('ref_axis',(1.,9.78962822158905E-15,0.));
#3472=DIRECTION('',(1.,9.78962822158905E-15,9.78962822158902E-15));
#3473=DIRECTION('',(1.,9.78962822158905E-15,0.));
#3474=DIRECTION('',(0.,0.,-1.));
#3475=DIRECTION('center_axis',(0.866025403784442,-0.499999999999993,0.));
#3476=DIRECTION('ref_axis',(-0.499999999999993,-0.866025403784443,0.));
#3477=DIRECTION('',(-0.377964473009222,-0.65465367070798,-0.654653670707978));
#3478=DIRECTION('center_axis',(0.866025403784442,-0.499999999999993,0.));
#3479=DIRECTION('ref_axis',(0.327326835353986,0.566946709513846,0.755928946018452));
#3480=DIRECTION('',(0.,0.,-1.));
#3481=DIRECTION('',(-0.499999999999993,-0.866025403784443,0.));
#3482=DIRECTION('center_axis',(0.866025403784434,0.500000000000009,0.));
#3483=DIRECTION('ref_axis',(0.500000000000009,-0.866025403784434,0.));
#3484=DIRECTION('center_axis',(0.866025403784434,0.500000000000009,0.));
#3485=DIRECTION('ref_axis',(0.327326835353994,-0.566946709513837,-0.755928946018455));
#3486=DIRECTION('',(0.377964473009235,-0.654653670707976,-0.654653670707974));
#3487=DIRECTION('',(0.500000000000009,-0.866025403784434,0.));
#3488=DIRECTION('center_axis',(0.,0.,-1.));
#3489=DIRECTION('ref_axis',(-1.,0.,0.));
#3490=DIRECTION('center_axis',(0.,0.,1.));
#3491=DIRECTION('ref_axis',(1.,0.,0.));
#3492=DIRECTION('center_axis',(-0.866025403784444,0.499999999999991,0.));
#3493=DIRECTION('ref_axis',(0.499999999999991,0.866025403784444,0.));
#3494=DIRECTION('',(0.37796447300922,0.65465367070798,-0.654653670707979));
#3495=DIRECTION('',(0.,0.,-1.));
#3496=DIRECTION('',(0.499999999999991,0.866025403784444,0.));
#3497=DIRECTION('',(0.,0.,-1.));
#3498=DIRECTION('center_axis',(-1.11881465389589E-14,1.,0.));
#3499=DIRECTION('ref_axis',(1.,1.11881465389589E-14,0.));
#3500=DIRECTION('',(1.,1.11881465389589E-14,-1.11881465389589E-14));
#3501=DIRECTION('',(1.,1.11881465389589E-14,0.));
#3502=DIRECTION('',(0.,0.,-1.));
#3503=DIRECTION('center_axis',(0.866025403784434,0.500000000000008,0.));
#3504=DIRECTION('ref_axis',(0.500000000000008,-0.866025403784434,0.));
#3505=DIRECTION('',(0.377964473009235,-0.654653670707975,0.654653670707975));
#3506=DIRECTION('',(0.500000000000008,-0.866025403784434,0.));
#3507=DIRECTION('',(0.,0.,-1.));
#3508=DIRECTION('center_axis',(0.866025403784434,0.500000000000008,0.));
#3509=DIRECTION('ref_axis',(0.327326835353993,-0.566946709513836,0.755928946018456));
#3510=DIRECTION('center_axis',(1.11881465389589E-14,-1.,0.));
#3511=DIRECTION('ref_axis',(-1.,-1.11881465389589E-14,0.));
#3512=DIRECTION('',(-1.,-1.11881465389589E-14,1.11881465389589E-14));
#3513=DIRECTION('',(0.,0.,-1.));
#3514=DIRECTION('',(-1.,-1.11881465389589E-14,0.));
#3515=DIRECTION('',(0.,0.,-1.));
#3516=DIRECTION('center_axis',(0.866025403784442,-0.499999999999993,0.));
#3517=DIRECTION('ref_axis',(-0.499999999999993,-0.866025403784443,0.));
#3518=DIRECTION('',(-0.377964473009222,-0.654653670707979,0.654653670707978));
#3519=DIRECTION('center_axis',(0.866025403784442,-0.499999999999993,0.));
#3520=DIRECTION('ref_axis',(0.327326835353985,0.566946709513845,-0.755928946018453));
#3521=DIRECTION('',(-0.499999999999993,-0.866025403784443,0.));
#3522=DIRECTION('center_axis',(-0.866025403784435,-0.500000000000006,0.));
#3523=DIRECTION('ref_axis',(-0.500000000000006,0.866025403784435,0.));
#3524=DIRECTION('',(-0.377964473009233,0.654653670707976,-0.654653670707975));
#3525=DIRECTION('',(-0.500000000000006,0.866025403784435,0.));
#3526=DIRECTION('center_axis',(0.,0.,-1.));
#3527=DIRECTION('ref_axis',(-1.,0.,0.));
#3528=DIRECTION('center_axis',(0.,0.,1.));
#3529=DIRECTION('ref_axis',(1.,0.,0.));
#3530=DIRECTION('center_axis',(0.,0.707106781186549,0.707106781186546));
#3531=DIRECTION('ref_axis',(-0.707106781186548,-0.499999999999999,0.500000000000001));
#3532=DIRECTION('',(0.,0.707106781186549,0.707106781186546));
#3533=DIRECTION('center_axis',(0.,0.707106781186549,0.707106781186546));
#3534=DIRECTION('ref_axis',(0.,-0.707106781186546,0.707106781186549));
#3535=DIRECTION('',(0.,-0.707106781186549,-0.707106781186546));
#3536=DIRECTION('center_axis',(0.,-0.707106781186549,-0.707106781186546));
#3537=DIRECTION('ref_axis',(-1.,0.,0.));
#3538=DIRECTION('',(0.,0.707106781186549,0.707106781186546));
#3539=DIRECTION('center_axis',(0.,0.707106781186548,-0.707106781186547));
#3540=DIRECTION('ref_axis',(-0.707106781186548,0.499999999999999,0.499999999999999));
#3541=DIRECTION('',(0.,0.707106781186548,-0.707106781186547));
#3542=DIRECTION('center_axis',(0.,0.707106781186547,-0.707106781186548));
#3543=DIRECTION('ref_axis',(0.,0.707106781186548,0.707106781186547));
#3544=DIRECTION('',(0.,-0.707106781186548,0.707106781186547));
#3545=DIRECTION('center_axis',(0.,-0.707106781186551,0.707106781186544));
#3546=DIRECTION('ref_axis',(-1.,0.,0.));
#3547=DIRECTION('',(0.,0.707106781186548,-0.707106781186547));
#3548=DIRECTION('center_axis',(0.,-0.707106781186546,0.707106781186549));
#3549=DIRECTION('ref_axis',(0.,-0.707106781186549,-0.707106781186546));
#3550=DIRECTION('',(0.,-0.707106781186549,-0.707106781186546));
#3551=DIRECTION('',(0.,-0.707106781186549,-0.707106781186546));
#3552=DIRECTION('',(1.,0.,0.));
#3553=DIRECTION('',(0.,0.707106781186549,0.707106781186546));
#3554=DIRECTION('',(1.,0.,0.));
#3555=DIRECTION('',(-0.362687811942554,0.658960374783008,0.658960374783006));
#3556=DIRECTION('',(-1.,0.,0.));
#3557=DIRECTION('',(0.,-0.707106781186549,-0.707106781186546));
#3558=DIRECTION('center_axis',(0.,-0.707106781186548,0.707106781186547));
#3559=DIRECTION('ref_axis',(0.70710678118655,0.499999999999998,0.499999999999998));
#3560=DIRECTION('',(0.,-0.707106781186548,0.707106781186547));
#3561=DIRECTION('center_axis',(5.88784672006415E-15,-0.707106781186547,
0.707106781186548));
#3562=DIRECTION('ref_axis',(0.,0.707106781186548,0.707106781186547));
#3563=DIRECTION('',(0.,0.707106781186548,-0.707106781186547));
#3564=DIRECTION('center_axis',(0.,0.707106781186547,-0.707106781186548));
#3565=DIRECTION('ref_axis',(1.,0.,0.));
#3566=DIRECTION('',(0.,-0.707106781186548,0.707106781186547));
#3567=DIRECTION('center_axis',(0.,0.,1.));
#3568=DIRECTION('ref_axis',(1.,0.,0.));
#3569=DIRECTION('center_axis',(0.,0.,1.));
#3570=DIRECTION('ref_axis',(1.,0.,0.));
#3571=DIRECTION('',(0.,0.,1.));
#3572=DIRECTION('center_axis',(0.,0.,1.));
#3573=DIRECTION('ref_axis',(1.,0.,0.));
#3574=DIRECTION('center_axis',(0.,0.,1.));
#3575=DIRECTION('ref_axis',(1.,0.,0.));
#3576=DIRECTION('',(0.,0.,1.));
#3577=DIRECTION('center_axis',(0.,0.,1.));
#3578=DIRECTION('ref_axis',(1.,0.,0.));
#3579=DIRECTION('center_axis',(0.,0.,1.));
#3580=DIRECTION('ref_axis',(1.,0.,0.));
#3581=DIRECTION('',(0.,0.,1.));
#3582=DIRECTION('center_axis',(0.,0.,1.));
#3583=DIRECTION('ref_axis',(1.,0.,0.));
#3584=DIRECTION('center_axis',(0.,0.,1.));
#3585=DIRECTION('ref_axis',(1.,0.,0.));
#3586=DIRECTION('',(0.,0.,1.));
#3587=DIRECTION('center_axis',(0.,-1.,0.));
#3588=DIRECTION('ref_axis',(1.,0.,0.));
#3589=DIRECTION('',(1.,0.,0.));
#3590=DIRECTION('',(0.,0.,1.));
#3591=DIRECTION('',(1.,0.,0.));
#3592=DIRECTION('',(0.,0.,-1.));
#3593=DIRECTION('center_axis',(-1.,0.,0.));
#3594=DIRECTION('ref_axis',(0.,-1.,0.));
#3595=DIRECTION('',(0.,-0.707106781186548,0.707106781186547));
#3596=DIRECTION('',(0.,0.,1.));
#3597=DIRECTION('',(0.,-1.,0.));
#3598=DIRECTION('center_axis',(0.,0.707106781186547,0.707106781186548));
#3599=DIRECTION('ref_axis',(0.,-0.707106781186548,0.707106781186547));
#3600=DIRECTION('',(0.,0.707106781186548,-0.707106781186547));
#3601=DIRECTION('',(-0.362687811942554,-0.658960374783008,0.658960374783007));
#3602=DIRECTION('',(-1.,0.,0.));
#3603=DIRECTION('center_axis',(0.,-1.,0.));
#3604=DIRECTION('ref_axis',(1.,0.,0.));
#3605=DIRECTION('',(1.,0.,0.));
#3606=DIRECTION('',(0.,0.,1.));
#3607=DIRECTION('',(1.,0.,0.));
#3608=DIRECTION('',(0.,0.,1.));
#3609=DIRECTION('center_axis',(0.,0.707106781186547,0.707106781186548));
#3610=DIRECTION('ref_axis',(0.,-0.707106781186548,0.707106781186547));
#3611=DIRECTION('',(0.,0.707106781186548,-0.707106781186547));
#3612=DIRECTION('',(-1.,0.,0.));
#3613=DIRECTION('',(-0.362687811942554,0.658960374783008,-0.658960374783007));
#3614=DIRECTION('',(0.,-0.707106781186548,0.707106781186547));
#3615=DIRECTION('center_axis',(0.,1.,0.));
#3616=DIRECTION('ref_axis',(0.,0.,1.));
#3617=DIRECTION('',(0.,0.,-1.));
#3618=DIRECTION('',(1.,0.,0.));
#3619=DIRECTION('',(0.,0.,-1.));
#3620=DIRECTION('center_axis',(0.,1.,0.));
#3621=DIRECTION('ref_axis',(-1.,0.,0.));
#3622=DIRECTION('',(-1.,0.,0.));
#3623=DIRECTION('',(0.,0.,1.));
#3624=DIRECTION('',(1.,0.,0.));
#3625=DIRECTION('',(0.,0.,-1.));
#3626=DIRECTION('center_axis',(0.,1.,0.));
#3627=DIRECTION('ref_axis',(-1.,0.,0.));
#3628=DIRECTION('',(1.,0.,0.));
#3629=DIRECTION('',(0.,0.,1.));
#3630=DIRECTION('',(1.,0.,0.));
#3631=DIRECTION('',(0.,0.,1.));
#3632=DIRECTION('center_axis',(-1.,0.,0.));
#3633=DIRECTION('ref_axis',(0.,-1.,0.));
#3634=DIRECTION('center_axis',(-1.,0.,0.));
#3635=DIRECTION('ref_axis',(0.,2.39808173319034E-13,1.));
#3636=DIRECTION('',(0.,0.707106781186549,0.707106781186546));
#3637=DIRECTION('center_axis',(1.,0.,0.));
#3638=DIRECTION('ref_axis',(0.,1.,0.));
#3639=DIRECTION('center_axis',(1.,0.,0.));
#3640=DIRECTION('ref_axis',(0.,-0.382683432364979,0.923879532511333));
#3641=DIRECTION('',(0.,-0.707106781186549,-0.707106781186546));
#3642=DIRECTION('center_axis',(-1.,0.,0.));
#3643=DIRECTION('ref_axis',(0.,0.,1.));
#3644=DIRECTION('',(0.,-0.707106781186549,-0.707106781186546));
#3645=DIRECTION('',(0.,-1.,0.));
#3646=DIRECTION('',(0.,7.24058494320754E-16,1.));
#3647=DIRECTION('center_axis',(-1.,0.,0.));
#3648=DIRECTION('ref_axis',(0.,0.,1.));
#3649=DIRECTION('',(0.,1.,1.38777876010354E-16));
#3650=DIRECTION('center_axis',(-1.,0.,0.));
#3651=DIRECTION('ref_axis',(0.,0.,-1.));
#3652=DIRECTION('',(0.,0.,-1.));
#3653=DIRECTION('',(0.,-1.,0.));
#3654=DIRECTION('center_axis',(-1.,0.,0.));
#3655=DIRECTION('ref_axis',(0.,-1.,0.));
#3656=DIRECTION('',(0.,-0.707106781186549,-0.707106781186546));
#3657=DIRECTION('',(0.,0.,1.));
#3658=DIRECTION('',(0.,1.,0.));
#3659=DIRECTION('',(0.,0.,-1.));
#3660=DIRECTION('center_axis',(0.,1.,0.));
#3661=DIRECTION('ref_axis',(-1.,0.,0.));
#3662=DIRECTION('',(-1.,0.,0.));
#3663=DIRECTION('',(0.,0.,1.));
#3664=DIRECTION('',(1.,0.,0.));
#3665=DIRECTION('center_axis',(0.,1.,0.));
#3666=DIRECTION('ref_axis',(-1.,0.,0.));
#3667=DIRECTION('',(1.,0.,0.));
#3668=DIRECTION('',(0.,0.,1.));
#3669=DIRECTION('',(0.,0.,1.));
#3670=DIRECTION('center_axis',(1.,0.,0.));
#3671=DIRECTION('ref_axis',(0.,1.,0.));
#3672=DIRECTION('center_axis',(1.,0.,0.));
#3673=DIRECTION('ref_axis',(0.,-0.707106781186546,0.707106781186549));
#3674=DIRECTION('center_axis',(-1.,0.,0.));
#3675=DIRECTION('ref_axis',(0.,-1.,0.));
#3676=DIRECTION('center_axis',(-1.,0.,0.));
#3677=DIRECTION('ref_axis',(0.,-0.382683432364979,0.923879532511333));
#3678=DIRECTION('center_axis',(1.,0.,0.));
#3679=DIRECTION('ref_axis',(0.,-0.382683432364979,0.923879532511333));
#3680=DIRECTION('center_axis',(1.,0.,0.));
#3681=DIRECTION('ref_axis',(0.,-0.707106781186546,0.707106781186549));
#3682=DIRECTION('center_axis',(-1.,-6.28036983473359E-15,1.50608401783542E-27));
#3683=DIRECTION('ref_axis',(0.,2.39808173319034E-13,1.));
#3684=DIRECTION('center_axis',(0.,-1.,0.));
#3685=DIRECTION('ref_axis',(0.,0.,-1.));
#3686=DIRECTION('',(1.,0.,0.));
#3687=DIRECTION('',(0.,0.,1.));
#3688=DIRECTION('',(-1.,0.,0.));
#3689=DIRECTION('',(0.,0.,-1.));
#3690=DIRECTION('',(1.,0.,0.));
#3691=DIRECTION('center_axis',(1.,0.,0.));
#3692=DIRECTION('ref_axis',(0.,0.,-1.));
#3693=DIRECTION('',(0.,1.,0.));
#3694=DIRECTION('',(0.,0.707106781186549,0.707106781186546));
#3695=DIRECTION('center_axis',(0.,-1.,7.24058494320754E-16));
#3696=DIRECTION('ref_axis',(0.,7.24058494320754E-16,1.));
#3697=DIRECTION('',(1.,0.,0.));
#3698=DIRECTION('',(0.,-7.24058494320754E-16,-1.));
#3699=DIRECTION('',(-1.,0.,0.));
#3700=DIRECTION('center_axis',(-1.,0.,0.));
#3701=DIRECTION('ref_axis',(0.,0.,1.));
#3702=DIRECTION('center_axis',(1.,0.,0.));
#3703=DIRECTION('ref_axis',(0.,0.,1.));
#3704=DIRECTION('',(-1.,0.,0.));
#3705=DIRECTION('center_axis',(0.,-1.38777876010354E-16,1.));
#3706=DIRECTION('ref_axis',(0.,1.,1.38777876010354E-16));
#3707=DIRECTION('',(0.,-1.,-1.38777876010354E-16));
#3708=DIRECTION('',(-1.,0.,0.));
#3709=DIRECTION('center_axis',(0.,1.,0.));
#3710=DIRECTION('ref_axis',(0.,0.,-1.));
#3711=DIRECTION('',(-1.,0.,0.));
#3712=DIRECTION('',(0.,0.,1.));
#3713=DIRECTION('',(-1.,0.,0.));
#3714=DIRECTION('center_axis',(-1.,0.,0.));
#3715=DIRECTION('ref_axis',(0.,0.,-1.));
#3716=DIRECTION('center_axis',(1.,0.,0.));
#3717=DIRECTION('ref_axis',(0.,0.,-1.));
#3718=DIRECTION('center_axis',(-1.,0.,0.));
#3719=DIRECTION('ref_axis',(0.,0.,1.));
#3720=DIRECTION('',(0.,-1.,0.));
#3721=DIRECTION('',(0.,0.,-1.));
#3722=DIRECTION('',(0.,-1.,2.40020421838404E-13));
#3723=DIRECTION('',(0.,0.,1.));
#3724=DIRECTION('',(0.,-1.,0.));
#3725=DIRECTION('center_axis',(0.,0.,-1.));
#3726=DIRECTION('ref_axis',(0.,1.,0.));
#3727=DIRECTION('',(0.,-1.,0.));
#3728=DIRECTION('',(1.,0.,0.));
#3729=DIRECTION('',(-0.482183709660471,-0.876070128550258,0.));
#3730=DIRECTION('center_axis',(0.,0.,1.));
#3731=DIRECTION('ref_axis',(0.508830173210831,-0.860866920511083,0.));
#3732=DIRECTION('',(1.,0.,0.));
#3733=DIRECTION('center_axis',(0.,0.,1.));
#3734=DIRECTION('ref_axis',(-0.707106781186547,-0.707106781186548,0.));
#3735=DIRECTION('center_axis',(0.,0.,-1.));
#3736=DIRECTION('ref_axis',(1.,0.,0.));
#3737=DIRECTION('center_axis',(0.,0.,-1.));
#3738=DIRECTION('ref_axis',(1.,0.,0.));
#3739=DIRECTION('center_axis',(0.,0.,1.));
#3740=DIRECTION('ref_axis',(1.,0.,0.));
#3741=DIRECTION('',(0.,0.,-1.));
#3742=DIRECTION('center_axis',(0.,0.,-1.));
#3743=DIRECTION('ref_axis',(1.,0.,0.));
#3744=DIRECTION('center_axis',(0.,0.,-1.));
#3745=DIRECTION('ref_axis',(1.,0.,0.));
#3746=DIRECTION('center_axis',(0.,0.,1.));
#3747=DIRECTION('ref_axis',(1.,0.,0.));
#3748=DIRECTION('',(0.,0.,-1.));
#3749=DIRECTION('center_axis',(0.,0.,-1.));
#3750=DIRECTION('ref_axis',(1.,0.,0.));
#3751=DIRECTION('center_axis',(0.,0.,-1.));
#3752=DIRECTION('ref_axis',(1.,0.,0.));
#3753=DIRECTION('center_axis',(0.,0.,1.));
#3754=DIRECTION('ref_axis',(1.,0.,0.));
#3755=DIRECTION('',(0.,0.,-1.));
#3756=DIRECTION('center_axis',(0.,-2.40001363271052E-13,-1.));
#3757=DIRECTION('ref_axis',(1.,0.,0.));
#3758=DIRECTION('center_axis',(0.,0.,-1.));
#3759=DIRECTION('ref_axis',(1.,0.,0.));
#3760=DIRECTION('',(0.,2.40001363271052E-13,1.));
#3761=DIRECTION('center_axis',(0.,0.,1.));
#3762=DIRECTION('ref_axis',(1.,0.,0.));
#3763=DIRECTION('center_axis',(0.,-2.40001363271052E-13,-1.));
#3764=DIRECTION('ref_axis',(0.,-1.,2.40001363271052E-13));
#3765=DIRECTION('center_axis',(0.,0.,-1.));
#3766=DIRECTION('ref_axis',(0.,-1.,2.40001363271052E-13));
#3767=DIRECTION('',(0.,2.40001363271052E-13,1.));
#3768=DIRECTION('center_axis',(0.,0.,1.));
#3769=DIRECTION('ref_axis',(1.,0.,0.));
#3770=DIRECTION('center_axis',(0.,-2.40032323199094E-13,-1.));
#3771=DIRECTION('ref_axis',(1.,0.,0.));
#3772=DIRECTION('center_axis',(0.,0.,-1.));
#3773=DIRECTION('ref_axis',(1.,0.,0.));
#3774=DIRECTION('',(0.,2.40032323199094E-13,1.));
#3775=DIRECTION('center_axis',(0.,0.,1.));
#3776=DIRECTION('ref_axis',(1.,0.,0.));
#3777=DIRECTION('center_axis',(0.,-2.40032323199094E-13,-1.));
#3778=DIRECTION('ref_axis',(1.,0.,0.));
#3779=DIRECTION('center_axis',(0.,0.,-1.));
#3780=DIRECTION('ref_axis',(1.,0.,0.));
#3781=DIRECTION('',(0.,2.40032323199094E-13,1.));
#3782=DIRECTION('center_axis',(0.,0.,1.));
#3783=DIRECTION('ref_axis',(1.,0.,0.));
#3784=DIRECTION('center_axis',(0.,0.,1.));
#3785=DIRECTION('ref_axis',(1.,0.,0.));
#3786=DIRECTION('center_axis',(-4.71844785465691E-15,0.,1.));
#3787=DIRECTION('ref_axis',(0.,1.,0.));
#3788=DIRECTION('center_axis',(1.,0.,0.));
#3789=DIRECTION('ref_axis',(0.,0.707106781186547,0.707106781186548));
#3790=DIRECTION('center_axis',(0.,0.,1.));
#3791=DIRECTION('ref_axis',(1.,0.,0.));
#3792=DIRECTION('center_axis',(0.,-0.707106781186549,-0.707106781186546));
#3793=DIRECTION('ref_axis',(0.,-0.707106781186546,0.707106781186549));
#3794=DIRECTION('center_axis',(1.,0.,0.));
#3795=DIRECTION('ref_axis',(0.,-1.,0.));
#3796=DIRECTION('center_axis',(0.,-1.38777878078144E-16,1.));
#3797=DIRECTION('ref_axis',(1.,0.,0.));
#3798=DIRECTION('center_axis',(0.,0.,1.));
#3799=DIRECTION('ref_axis',(1.,0.,0.));
#3800=DIRECTION('center_axis',(0.362687811942555,0.658960374783008,-0.658960374783007));
#3801=DIRECTION('ref_axis',(0.,0.707106781186547,0.707106781186548));
#3802=DIRECTION('center_axis',(-1.,0.,0.));
#3803=DIRECTION('ref_axis',(0.,1.,0.));
#3804=DIRECTION('center_axis',(-3.05530025005021E-16,-5.55111512312578E-16,
1.));
#3805=DIRECTION('ref_axis',(-0.876070128550259,0.482183709660471,0.));
#3806=DIRECTION('center_axis',(1.,0.,0.));
#3807=DIRECTION('ref_axis',(0.,0.923879532511286,0.382683432365091));
#3808=DIRECTION('',(-1.,0.,0.));
#3809=DIRECTION('',(1.,0.,0.));
#3810=DIRECTION('center_axis',(0.,0.,1.));
#3811=DIRECTION('ref_axis',(-0.50883017321083,0.860866920511084,0.));
#3812=DIRECTION('center_axis',(0.,0.,1.));
#3813=DIRECTION('ref_axis',(-0.50883017321083,0.860866920511084,0.));
#3814=DIRECTION('',(0.,0.,1.));
#3815=DIRECTION('',(0.,0.,-1.));
#3816=DIRECTION('center_axis',(0.170112439679166,-0.941663177664624,0.290400099340488));
#3817=DIRECTION('ref_axis',(0.475963149477949,0.336556770590882,0.812519920068713));
#3818=DIRECTION('center_axis',(1.,0.,0.));
#3819=DIRECTION('ref_axis',(0.,2.39808173319034E-13,1.));
#3820=DIRECTION('center_axis',(0.,1.,-2.35367281220533E-13));
#3821=DIRECTION('ref_axis',(1.,0.,0.));
#3822=DIRECTION('center_axis',(0.,0.,1.));
#3823=DIRECTION('ref_axis',(1.,0.,0.));
#3824=DIRECTION('center_axis',(-1.,0.,0.));
#3825=DIRECTION('ref_axis',(0.,-0.707106781186546,0.707106781186549));
#3826=DIRECTION('center_axis',(0.362687811942554,-0.658960374783006,-0.658960374783008));
#3827=DIRECTION('ref_axis',(-0.876070128550258,-0.482183709660472,-5.55111512312577E-16));
#3828=DIRECTION('center_axis',(1.58409553705247E-15,0.,1.));
#3829=DIRECTION('ref_axis',(0.,-1.,0.));
#3830=DIRECTION('center_axis',(-0.170112439679062,-0.941663177664697,-0.290400099340313));
#3831=DIRECTION('ref_axis',(0.475963149477986,-0.336556770590678,0.812519920068776));
#3832=DIRECTION('center_axis',(-4.44089209850062E-15,-1.,2.39808173319034E-13));
#3833=DIRECTION('ref_axis',(0.,2.39808173319034E-13,1.));
#3834=DIRECTION('center_axis',(0.,0.707106781186551,0.707106781186544));
#3835=DIRECTION('ref_axis',(1.,0.,0.));
#3836=DIRECTION('center_axis',(-0.240536994649066,-0.849972599586839,0.468709434678657));
#3837=DIRECTION('ref_axis',(-0.388077859351377,0.526826897520991,0.756206979027343));
#3838=DIRECTION('center_axis',(0.482183709660471,0.876070128550259,-2.10088777227009E-13));
#3839=DIRECTION('ref_axis',(0.,2.39808173319034E-13,1.));
#3840=DIRECTION('center_axis',(-1.,2.22044604925085E-15,-2.22044604925085E-15));
#3841=DIRECTION('ref_axis',(0.,0.707106781186547,0.707106781186548));
#3842=DIRECTION('center_axis',(-0.362687811942553,-0.658960374783008,0.658960374783007));
#3843=DIRECTION('ref_axis',(-0.876070128550259,0.482183709660471,0.));
#3844=DIRECTION('center_axis',(1.,0.,0.));
#3845=DIRECTION('ref_axis',(0.,0.3826834323652,0.923879532511241));
#3846=DIRECTION('',(-1.,0.,0.));
#3847=DIRECTION('center_axis',(-0.362687811942554,-0.658960374783008,0.658960374783007));
#3848=DIRECTION('ref_axis',(-0.534954336673468,0.726215955674637,0.431780318446573));
#3849=DIRECTION('',(0.362687811942554,0.658960374783008,-0.658960374783007));
#3850=DIRECTION('',(-0.362687811942554,-0.658960374783008,0.658960374783007));
#3851=DIRECTION('center_axis',(0.,0.,1.));
#3852=DIRECTION('ref_axis',(1.,0.,0.));
#3853=DIRECTION('center_axis',(-0.362687811942554,0.658960374783008,-0.658960374783006));
#3854=DIRECTION('ref_axis',(0.876070128550259,0.482183709660471,0.));
#3855=DIRECTION('center_axis',(1.90091464446296E-15,0.,1.));
#3856=DIRECTION('ref_axis',(0.,1.,0.));
#3857=DIRECTION('center_axis',(1.,0.,0.));
#3858=DIRECTION('ref_axis',(0.,0.707106781186547,0.707106781186548));
#3859=DIRECTION('center_axis',(0.,0.,-1.));
#3860=DIRECTION('ref_axis',(0.508830173210831,0.860866920511083,0.));
#3861=DIRECTION('center_axis',(0.,0.,1.));
#3862=DIRECTION('ref_axis',(0.508830173210831,0.860866920511083,0.));
#3863=DIRECTION('',(0.,0.,1.));
#3864=DIRECTION('',(0.,0.,-1.));
#3865=DIRECTION('center_axis',(0.240536994648995,-0.849972599586931,-0.468709434678527));
#3866=DIRECTION('ref_axis',(-0.388077859351412,-0.52682689752084,0.75620697902743));
#3867=DIRECTION('center_axis',(-0.362687811942558,0.658960374783007,0.658960374783005));
#3868=DIRECTION('ref_axis',(0.,-0.707106781186546,0.707106781186549));
#3869=DIRECTION('center_axis',(0.482183709660472,-0.876070128550258,2.16995239507554E-13));
#3870=DIRECTION('ref_axis',(-0.876070128550258,-0.482183709660472,0.));
#3871=DIRECTION('center_axis',(0.,0.,1.));
#3872=DIRECTION('ref_axis',(1.,0.,0.));
#3873=DIRECTION('center_axis',(-0.362687811942555,-0.658960374783008,-0.658960374783006));
#3874=DIRECTION('ref_axis',(0.,-0.707106781186546,0.707106781186549));
#3875=DIRECTION('center_axis',(1.,0.,-1.57009245868377E-15));
#3876=DIRECTION('ref_axis',(0.,-1.,0.));
#3877=DIRECTION('center_axis',(0.,0.,1.));
#3878=DIRECTION('ref_axis',(0.876070128550259,-0.482183709660471,0.));
#3879=DIRECTION('center_axis',(0.240536994649064,-0.849972599586839,0.468709434678657));
#3880=DIRECTION('ref_axis',(0.388077859351374,0.526826897520988,0.756206979027347));
#3881=DIRECTION('center_axis',(-0.482183709660471,0.876070128550259,-2.10356442955291E-13));
#3882=DIRECTION('ref_axis',(0.876070128550259,0.482183709660471,0.));
#3883=DIRECTION('center_axis',(0.36268781194255,-0.658960374783009,0.658960374783007));
#3884=DIRECTION('ref_axis',(0.,0.707106781186546,0.707106781186549));
#3885=DIRECTION('center_axis',(1.,0.,0.));
#3886=DIRECTION('ref_axis',(0.,2.39808173319034E-13,1.));
#3887=DIRECTION('center_axis',(-0.362687811942554,0.658960374783008,-0.658960374783007));
#3888=DIRECTION('ref_axis',(0.534954336673466,0.726215955674639,0.431780318446572));
#3889=DIRECTION('',(0.362687811942554,-0.658960374783008,0.658960374783007));
#3890=DIRECTION('',(-0.362687811942554,0.658960374783008,-0.658960374783007));
#3891=DIRECTION('center_axis',(0.,0.,1.));
#3892=DIRECTION('ref_axis',(1.,0.,0.));
#3893=DIRECTION('center_axis',(-1.,0.,0.));
#3894=DIRECTION('ref_axis',(0.,1.,0.));
#3895=DIRECTION('center_axis',(0.,4.44089209850062E-15,1.));
#3896=DIRECTION('ref_axis',(-1.,0.,0.));
#3897=DIRECTION('center_axis',(1.,0.,0.));
#3898=DIRECTION('ref_axis',(0.,0.923879532511286,0.382683432365091));
#3899=DIRECTION('',(-1.,0.,0.));
#3900=DIRECTION('',(1.,0.,0.));
#3901=DIRECTION('center_axis',(0.,0.,-1.));
#3902=DIRECTION('ref_axis',(-0.707106781186549,0.707106781186546,0.));
#3903=DIRECTION('center_axis',(0.,0.,1.));
#3904=DIRECTION('ref_axis',(-0.707106781186549,0.707106781186546,0.));
#3905=DIRECTION('',(0.,0.,-1.));
#3906=DIRECTION('center_axis',(0.,0.,1.));
#3907=DIRECTION('ref_axis',(1.,0.,0.));
#3908=DIRECTION('center_axis',(2.77555756156289E-16,0.,1.));
#3909=DIRECTION('ref_axis',(0.,-1.,0.));
#3910=DIRECTION('center_axis',(-1.,0.,0.));
#3911=DIRECTION('ref_axis',(0.,-0.707106781186546,0.707106781186549));
#3912=DIRECTION('center_axis',(-1.,0.,0.));
#3913=DIRECTION('ref_axis',(0.,-0.923879532511287,0.382683432365091));
#3914=DIRECTION('',(1.,0.,0.));
#3915=DIRECTION('',(-1.,0.,0.));
#3916=DIRECTION('center_axis',(-0.240536994648994,-0.849972599586934,-0.468709434678522));
#3917=DIRECTION('ref_axis',(0.388077859351416,-0.526826897520836,0.756206979027431));
#3918=DIRECTION('center_axis',(1.,2.77555756156224E-15,2.77555756156223E-15));
#3919=DIRECTION('ref_axis',(0.,-0.707106781186546,0.707106781186549));
#3920=DIRECTION('center_axis',(0.362687811942555,0.65896037478301,0.658960374783004));
#3921=DIRECTION('ref_axis',(0.876070128550259,-0.482183709660471,0.));
#3922=DIRECTION('center_axis',(-0.482183709660474,-0.876070128550257,2.10088777227008E-13));
#3923=DIRECTION('ref_axis',(0.,2.39808173319034E-13,1.));
#3924=DIRECTION('center_axis',(0.362687811942554,0.658960374783008,0.658960374783006));
#3925=DIRECTION('ref_axis',(0.534954336673466,-0.726215955674638,0.431780318446573));
#3926=DIRECTION('',(-0.362687811942554,-0.658960374783008,-0.658960374783006));
#3927=DIRECTION('',(0.362687811942554,0.658960374783008,0.658960374783006));
#3928=DIRECTION('center_axis',(0.482183709660472,0.876070128550258,-2.10274721814658E-13));
#3929=DIRECTION('ref_axis',(0.619475128692895,-0.340955370878455,0.707106781186587));
#3930=DIRECTION('center_axis',(-0.48218370966047,-0.876070128550259,2.10088777227009E-13));
#3931=DIRECTION('ref_axis',(0.876070128550259,-0.48218370966047,-5.55111512312578E-16));
#3932=DIRECTION('',(0.482183709660471,0.876070128550258,-2.10274721814658E-13));
#3933=DIRECTION('center_axis',(0.,-2.40020421838404E-13,-1.));
#3934=DIRECTION('ref_axis',(-1.,0.,0.));
#3935=DIRECTION('center_axis',(-0.482183709660472,0.876070128550258,-2.10088777225464E-13));
#3936=DIRECTION('ref_axis',(-0.876070128550258,-0.482183709660472,1.15463194561016E-13));
#3937=DIRECTION('center_axis',(0.,-2.40020421838404E-13,-1.));
#3938=DIRECTION('ref_axis',(-5.55111512312611E-16,1.,-2.40016340136165E-13));
#3939=DIRECTION('center_axis',(0.482183709660472,-0.876070128550258,2.10274721814658E-13));
#3940=DIRECTION('ref_axis',(-0.619475128692893,-0.340955370878456,0.707106781186588));
#3941=DIRECTION('',(0.482183709660471,-0.876070128550258,2.10274721814658E-13));
#3942=DIRECTION('center_axis',(-0.170112439679164,-0.941663177664624,0.290400099340488));
#3943=DIRECTION('ref_axis',(-0.47596314947795,0.336556770590879,0.812519920068714));
#3944=DIRECTION('center_axis',(4.44089209850063E-15,1.,-2.39808173319034E-13));
#3945=DIRECTION('ref_axis',(0.,2.39808173319034E-13,1.));
#3946=DIRECTION('center_axis',(-1.,0.,0.));
#3947=DIRECTION('ref_axis',(0.,0.707106781186547,0.707106781186548));
#3948=DIRECTION('center_axis',(1.,0.,0.));
#3949=DIRECTION('ref_axis',(0.,0.3826834323652,0.923879532511241));
#3950=DIRECTION('',(-1.,0.,0.));
#3951=DIRECTION('center_axis',(0.170112439679061,-0.941663177664697,-0.290400099340312));
#3952=DIRECTION('ref_axis',(-0.475963149477985,-0.336556770590677,0.812519920068777));
#3953=DIRECTION('center_axis',(-1.,0.,0.));
#3954=DIRECTION('ref_axis',(0.,2.39808173319034E-13,1.));
#3955=DIRECTION('center_axis',(0.,-1.,2.39808173319034E-13));
#3956=DIRECTION('ref_axis',(-1.,0.,0.));
#3957=DIRECTION('center_axis',(1.,0.,0.));
#3958=DIRECTION('ref_axis',(0.,-0.382683432364979,0.923879532511333));
#3959=DIRECTION('',(1.,0.,0.));
#3960=DIRECTION('center_axis',(0.,1.,-2.40020421838404E-13));
#3961=DIRECTION('ref_axis',(-0.707106781186548,1.69569985537848E-13,0.707106781186547));
#3962=DIRECTION('center_axis',(0.,0.,1.));
#3963=DIRECTION('ref_axis',(-0.707106781186547,-0.707106781186548,0.));
#3964=DIRECTION('',(0.,0.,1.));
#3965=DIRECTION('center_axis',(-0.482183709660472,-0.876070128550258,2.10274721814658E-13));
#3966=DIRECTION('ref_axis',(-0.619475128692822,0.340955370878757,0.707106781186506));
#3967=DIRECTION('center_axis',(0.482183709660472,0.876070128550258,-2.10088777227009E-13));
#3968=DIRECTION('ref_axis',(-0.876070128550258,0.482183709660472,0.));
#3969=DIRECTION('',(-0.482183709660472,-0.876070128550258,2.10274721814658E-13));
#3970=DIRECTION('center_axis',(0.,-2.40020421838404E-13,-1.));
#3971=DIRECTION('ref_axis',(-1.,0.,0.));
#3972=DIRECTION('center_axis',(0.482183709660473,-0.876070128550257,2.10088777226838E-13));
#3973=DIRECTION('ref_axis',(0.876070128550257,0.482183709660473,-1.15463194561016E-13));
#3974=DIRECTION('center_axis',(0.,-2.40020421838404E-13,-1.));
#3975=DIRECTION('ref_axis',(1.11022302462509E-15,-1.,2.40016340136137E-13));
#3976=DIRECTION('center_axis',(-0.482183709660471,0.876070128550258,-2.10274721814658E-13));
#3977=DIRECTION('ref_axis',(0.619475128692824,0.340955370878751,0.707106781186507));
#3978=DIRECTION('',(-0.482183709660471,0.876070128550258,-2.10274721814658E-13));
#3979=DIRECTION('center_axis',(0.,0.,1.));
#3980=DIRECTION('ref_axis',(0.508830173210831,-0.860866920511083,0.));
#3981=DIRECTION('',(0.,0.,1.));
#3982=DIRECTION('',(0.,0.,-1.));
#3983=DIRECTION('center_axis',(0.362687811942554,-0.658960374783008,-0.658960374783006));
#3984=DIRECTION('ref_axis',(-0.534954336673466,-0.726215955674638,0.431780318446573));
#3985=DIRECTION('',(0.362687811942554,-0.658960374783008,-0.658960374783006));
#3986=DIRECTION('center_axis',(0.,-0.707106781186549,-0.707106781186546));
#3987=DIRECTION('ref_axis',(0.70710678118655,-0.499999999999998,0.499999999999999));
#3988=DIRECTION('',(0.,0.707106781186549,0.707106781186546));
#3989=DIRECTION('center_axis',(0.,-1.,2.40020421838404E-13));
#3990=DIRECTION('ref_axis',(0.707106781186549,1.69569985537847E-13,0.707106781186546));
#3991=DIRECTION('',(0.,1.,-2.40020421838404E-13));
#3992=DIRECTION('center_axis',(0.,0.,-1.));
#3993=DIRECTION('ref_axis',(-0.50883017321083,-0.860866920511084,0.));
#3994=DIRECTION('center_axis',(0.,0.,1.));
#3995=DIRECTION('ref_axis',(-0.50883017321083,-0.860866920511084,0.));
#3996=DIRECTION('',(0.,0.,1.));
#3997=DIRECTION('',(0.,0.,-1.));
#3998=DIRECTION('center_axis',(-1.,0.,0.));
#3999=DIRECTION('ref_axis',(0.,-0.923879532511287,0.382683432365091));
#4000=DIRECTION('',(1.,0.,0.));
#4001=DIRECTION('center_axis',(0.,0.,-1.));
#4002=DIRECTION('ref_axis',(0.707106781186549,-0.707106781186546,0.));
#4003=DIRECTION('center_axis',(0.,0.,1.));
#4004=DIRECTION('ref_axis',(0.707106781186549,-0.707106781186546,0.));
#4005=DIRECTION('',(0.,0.,1.));
#4006=DIRECTION('',(0.,0.,-1.));
#4007=DIRECTION('center_axis',(0.,0.,1.));
#4008=DIRECTION('ref_axis',(0.707106781186551,0.707106781186544,0.));
#4009=DIRECTION('center_axis',(0.,0.,1.));
#4010=DIRECTION('ref_axis',(0.707106781186551,0.707106781186544,0.));
#4011=DIRECTION('',(0.,0.,1.));
#4012=DIRECTION('',(0.,0.,-1.));
#4013=DIRECTION('center_axis',(0.,1.,0.));
#4014=DIRECTION('ref_axis',(0.,0.,1.));
#4015=DIRECTION('',(1.,0.,0.));
#4016=DIRECTION('center_axis',(-0.876070128550258,-0.482183709660471,0.));
#4017=DIRECTION('ref_axis',(0.482183709660471,-0.876070128550258,0.));
#4018=DIRECTION('',(0.,0.,1.));
#4019=DIRECTION('',(-0.482183709660471,0.876070128550258,0.));
#4020=DIRECTION('',(0.,0.,-1.));
#4021=DIRECTION('',(0.482183709660471,-0.876070128550258,0.));
#4022=DIRECTION('center_axis',(0.,0.,1.));
#4023=DIRECTION('ref_axis',(-1.,0.,0.));
#4024=DIRECTION('',(0.,0.,1.));
#4025=DIRECTION('center_axis',(0.,0.,-1.));
#4026=DIRECTION('ref_axis',(-1.,0.,0.));
#4027=DIRECTION('center_axis',(0.876070128550258,-0.482183709660472,0.));
#4028=DIRECTION('ref_axis',(0.482183709660472,0.876070128550258,0.));
#4029=DIRECTION('',(0.482183709660472,0.876070128550258,0.));
#4030=DIRECTION('',(0.,0.,1.));
#4031=DIRECTION('',(-0.482183709660472,-0.876070128550258,0.));
#4032=DIRECTION('center_axis',(0.,1.,0.));
#4033=DIRECTION('ref_axis',(0.,0.,1.));
#4034=DIRECTION('',(1.,0.,0.));
#4035=DIRECTION('center_axis',(0.,0.707106781186547,0.707106781186548));
#4036=DIRECTION('ref_axis',(0.,-0.707106781186548,0.707106781186547));
#4037=DIRECTION('center_axis',(0.,0.707106781186547,0.707106781186548));
#4038=DIRECTION('ref_axis',(0.,-0.707106781186548,0.707106781186547));
#4039=DIRECTION('center_axis',(0.,-0.707106781186546,0.707106781186549));
#4040=DIRECTION('ref_axis',(0.,-0.707106781186549,-0.707106781186546));
#4041=DIRECTION('center_axis',(0.,-1.,0.));
#4042=DIRECTION('ref_axis',(1.,0.,0.));
#4043=DIRECTION('',(0.,0.,1.));
#4044=DIRECTION('',(0.,0.,1.));
#4045=DIRECTION('',(1.,0.,0.));
#4046=DIRECTION('center_axis',(-1.,0.,0.));
#4047=DIRECTION('ref_axis',(0.,-1.,0.));
#4048=DIRECTION('',(0.,1.,0.));
#4049=DIRECTION('',(0.,0.,1.));
#4050=DIRECTION('',(0.,-1.,0.));
#4051=DIRECTION('center_axis',(-1.,0.,0.));
#4052=DIRECTION('ref_axis',(0.,-1.,0.));
#4053=DIRECTION('',(0.,-1.,0.));
#4054=DIRECTION('',(0.,0.707106781186549,0.707106781186546));
#4055=DIRECTION('',(0.,0.,1.));
#4056=DIRECTION('center_axis',(1.,0.,0.));
#4057=DIRECTION('ref_axis',(0.,1.,0.));
#4058=DIRECTION('',(0.,0.,-1.));
#4059=DIRECTION('',(0.,1.,0.));
#4060=DIRECTION('',(0.,0.,1.));
#4061=DIRECTION('',(0.,1.,0.));
#4062=DIRECTION('center_axis',(0.,1.,0.));
#4063=DIRECTION('ref_axis',(-1.,0.,0.));
#4064=DIRECTION('',(-1.,0.,0.));
#4065=DIRECTION('',(-1.,0.,0.));
#4066=DIRECTION('center_axis',(0.,0.,1.));
#4067=DIRECTION('ref_axis',(1.,0.,0.));
#4068=DIRECTION('',(-1.,0.,0.));
#4069=DIRECTION('',(1.,0.,0.));
#4070=DIRECTION('',(0.482183709660472,0.876070128550258,0.));
#4071=DIRECTION('center_axis',(0.,0.,1.));
#4072=DIRECTION('ref_axis',(-1.,0.,0.));
#4073=DIRECTION('',(0.482183709660471,-0.876070128550258,0.));
#4074=DIRECTION('center_axis',(0.,0.,1.));
#4075=DIRECTION('ref_axis',(1.,0.,0.));
#4076=DIRECTION('',(0.,1.,0.));
#4077=DIRECTION('',(1.,0.,0.));
#4078=DIRECTION('',(0.482183709660471,-0.876070128550258,0.));
#4079=DIRECTION('center_axis',(0.,0.,-1.));
#4080=DIRECTION('ref_axis',(1.,0.,0.));
#4081=DIRECTION('',(0.482183709660471,0.876070128550258,0.));
#4082=DIRECTION('',(-1.,0.,0.));
#4083=DIRECTION('',(-0.482183709660471,-0.876070128550258,0.));
#4084=DIRECTION('center_axis',(0.,0.,1.));
#4085=DIRECTION('ref_axis',(1.,0.,0.));
#4086=DIRECTION('',(-0.482183709660471,0.876070128550258,0.));
#4087=DIRECTION('center_axis',(1.,0.,0.));
#4088=DIRECTION('ref_axis',(0.,1.,0.));
#4089=DIRECTION('',(0.,1.,0.));
#4090=DIRECTION('',(0.,0.,1.));
#4091=DIRECTION('center_axis',(0.,-1.,0.));
#4092=DIRECTION('ref_axis',(1.,0.,0.));
#4093=DIRECTION('',(0.,0.,-1.));
#4094=DIRECTION('',(1.,0.,0.));
#4095=DIRECTION('center_axis',(0.,1.,0.));
#4096=DIRECTION('ref_axis',(-1.,0.,0.));
#4097=DIRECTION('',(-1.,0.,0.));
#4098=DIRECTION('center_axis',(0.,0.,1.));
#4099=DIRECTION('ref_axis',(1.,0.,0.));
#4100=DIRECTION('',(0.,0.,1.));
#4101=DIRECTION('',(0.,0.,1.));
#4102=DIRECTION('center_axis',(-0.876070128550258,0.482183709660472,0.));
#4103=DIRECTION('ref_axis',(-0.482183709660471,-0.876070128550258,0.));
#4104=DIRECTION('',(0.,0.,1.));
#4105=DIRECTION('',(0.362687811942554,0.658960374783008,0.658960374783006));
#4106=DIRECTION('center_axis',(0.,-1.,0.));
#4107=DIRECTION('ref_axis',(0.,0.,-1.));
#4108=DIRECTION('',(-1.,0.,0.));
#4109=DIRECTION('center_axis',(-0.876070128550258,0.482183709660472,0.));
#4110=DIRECTION('ref_axis',(-0.482183709660471,-0.876070128550258,0.));
#4111=DIRECTION('',(0.,0.,1.));
#4112=DIRECTION('center_axis',(0.,0.,1.));
#4113=DIRECTION('ref_axis',(-1.,0.,0.));
#4114=DIRECTION('',(0.,0.,1.));
#4115=DIRECTION('',(0.,0.,1.));
#4116=DIRECTION('center_axis',(0.876070128550258,-0.482183709660472,0.));
#4117=DIRECTION('ref_axis',(0.482183709660472,0.876070128550258,0.));
#4118=DIRECTION('',(0.,0.,1.));
#4119=DIRECTION('center_axis',(0.,1.,0.));
#4120=DIRECTION('ref_axis',(0.,0.,1.));
#4121=DIRECTION('',(-1.,0.,0.));
#4122=DIRECTION('center_axis',(0.,0.,-1.));
#4123=DIRECTION('ref_axis',(0.,1.,0.));
#4124=DIRECTION('center_axis',(0.,-0.707106781186546,0.707106781186549));
#4125=DIRECTION('ref_axis',(0.,-0.707106781186549,-0.707106781186546));
#4126=DIRECTION('',(0.362687811942554,-0.658960374783008,-0.658960374783006));
#4127=DIRECTION('center_axis',(0.,-0.707106781186546,0.707106781186549));
#4128=DIRECTION('ref_axis',(0.,-0.707106781186549,-0.707106781186546));
#4129=DIRECTION('center_axis',(-0.876070128550258,-0.482183709660471,0.));
#4130=DIRECTION('ref_axis',(0.482183709660471,-0.876070128550258,0.));
#4131=DIRECTION('center_axis',(0.876070128550258,0.482183709660472,0.));
#4132=DIRECTION('ref_axis',(-0.482183709660471,0.876070128550258,0.));
#4133=DIRECTION('center_axis',(0.,0.,1.));
#4134=DIRECTION('ref_axis',(1.,0.,0.));
#4135=DIRECTION('',(0.,0.,1.));
#4136=DIRECTION('center_axis',(0.876070128550258,0.482183709660472,0.));
#4137=DIRECTION('ref_axis',(-0.482183709660471,0.876070128550258,0.));
#4138=DIRECTION('',(-0.482183709660471,0.876070128550258,0.));
#4139=DIRECTION('center_axis',(0.,-1.,0.));
#4140=DIRECTION('ref_axis',(0.,0.,-1.));
#4141=DIRECTION('center_axis',(0.,0.,-1.));
#4142=DIRECTION('ref_axis',(0.,1.,0.));
#4143=DIRECTION('',(0.,1.,0.));
#4144=DIRECTION('',(1.,0.,0.));
#4145=DIRECTION('center_axis',(0.,-1.,0.));
#4146=DIRECTION('ref_axis',(0.,0.,-1.));
#4147=DIRECTION('center_axis',(1.,0.,0.));
#4148=DIRECTION('ref_axis',(0.,0.,-1.));
#4149=CARTESIAN_POINT('',(0.,0.,0.));
#4150=CARTESIAN_POINT('Origin',(45.4,48.6857864376403,6.39999999998613));
#4151=CARTESIAN_POINT('',(45.3,40.6715728752665,6.29999999998805));
#4152=CARTESIAN_POINT('',(45.3,47.0715728752665,6.29999999998652));
#4153=CARTESIAN_POINT('',(45.3,48.6857864376402,6.29999999998613));
#4154=CARTESIAN_POINT('',(45.5,46.8715728752665,6.49999999998657));
#4155=CARTESIAN_POINT('',(45.3,47.0715728752665,6.29999999998652));
#4156=CARTESIAN_POINT('',(45.5,40.8715728752665,6.49999999998801));
#4157=CARTESIAN_POINT('',(45.5,48.6857864376403,6.49999999998613));
#4158=CARTESIAN_POINT('',(45.5,40.8715728752665,6.49999999998801));
#4159=CARTESIAN_POINT('Origin',(24.5,46.9715728752665,6.39999999998654));
#4160=CARTESIAN_POINT('',(49.2,47.0715728752665,6.29999999998652));
#4161=CARTESIAN_POINT('',(24.5,47.0715728752665,6.29999999998652));
#4162=CARTESIAN_POINT('',(49.,46.8715728752665,6.49999999998657));
#4163=CARTESIAN_POINT('',(49.2,47.0715728752665,6.29999999998652));
#4164=CARTESIAN_POINT('',(24.5,46.8715728752665,6.49999999998657));
#4165=CARTESIAN_POINT('Origin',(49.1,45.6857864376403,6.39999999998685));
#4166=CARTESIAN_POINT('',(49.,40.8715728752665,6.49999999998801));
#4167=CARTESIAN_POINT('',(49.,45.6857864376403,6.49999999998685));
#4168=CARTESIAN_POINT('',(49.2,40.6715728752665,6.29999999998805));
#4169=CARTESIAN_POINT('',(49.2,45.6857864376402,6.29999999998685));
#4170=CARTESIAN_POINT('',(49.2,40.6715728752665,6.29999999998805));
#4171=CARTESIAN_POINT('Origin',(22.75,40.7715728752665,6.39999999998803));
#4172=CARTESIAN_POINT('',(22.75,40.6715728752665,6.29999999998805));
#4173=CARTESIAN_POINT('',(22.75,40.8715728752665,6.49999999998801));
#4174=CARTESIAN_POINT('Origin',(45.5,40.8715728752665,6.29999999999385));
#4175=CARTESIAN_POINT('',(45.5,40.8715728752665,8.099999999988));
#4176=CARTESIAN_POINT('',(45.5,40.8715728752665,6.29999999999385));
#4177=CARTESIAN_POINT('',(49.,40.8715728752665,8.099999999988));
#4178=CARTESIAN_POINT('',(22.75,40.8715728752665,8.099999999988));
#4179=CARTESIAN_POINT('',(49.,40.8715728752665,6.29999999999385));
#4180=CARTESIAN_POINT('Origin',(45.5,46.8715728752665,6.29999999999385));
#4181=CARTESIAN_POINT('',(45.5,46.8715728752665,8.09999999998657));
#4182=CARTESIAN_POINT('',(45.5,46.8715728752665,6.29999999999385));
#4183=CARTESIAN_POINT('',(45.5,48.6857864376407,8.09999999998613));
#4184=CARTESIAN_POINT('Origin',(0.,50.500000000014,6.29999999998569));
#4185=CARTESIAN_POINT('',(8.07619072712015,-16.671572875252,6.30000000000182));
#4186=CARTESIAN_POINT('',(-3.,-16.671572875252,6.30000000000182));
#4187=CARTESIAN_POINT('',(0.,-16.671572875252,6.30000000000182));
#4188=CARTESIAN_POINT('',(-3.,49.671572875268,6.29999999998589));
#4189=CARTESIAN_POINT('',(-3.,33.5000000000075,6.29999999998978));
#4190=CARTESIAN_POINT('',(8.0761907271113,49.671572875268,6.29999999998589));
#4191=CARTESIAN_POINT('',(0.,49.671572875268,6.29999999998589));
#4192=CARTESIAN_POINT('',(13.9892987144974,38.9281629033953,6.29999999998847));
#4193=CARTESIAN_POINT('',(4.79818861380401,55.6273106475277,6.29999999998446));
#4194=CARTESIAN_POINT('',(31.5107012855026,38.9281629033953,6.29999999998847));
#4195=CARTESIAN_POINT('Origin',(22.75,43.75,6.2999999999857));
#4196=CARTESIAN_POINT('',(37.4238092728887,49.6715728752681,6.29999999998589));
#4197=CARTESIAN_POINT('',(30.291691196038,36.7133673713495,6.29999999998901));
#4198=CARTESIAN_POINT('',(52.,49.671572875268,6.29999999998589));
#4199=CARTESIAN_POINT('',(0.,49.671572875268,6.29999999998589));
#4200=CARTESIAN_POINT('',(52.,-16.671572875252,6.30000000000182));
#4201=CARTESIAN_POINT('',(52.,33.5000000000075,6.29999999998978));
#4202=CARTESIAN_POINT('',(37.4238092728799,-16.671572875252,6.30000000000182));
#4203=CARTESIAN_POINT('',(0.,-16.671572875252,6.30000000000182));
#4204=CARTESIAN_POINT('',(31.5107012855026,-5.92816290339528,6.29999999999924));
#4205=CARTESIAN_POINT('',(21.0499013685889,13.0778593747156,6.29999999999468));
#4206=CARTESIAN_POINT('',(13.9892987144974,-5.92816290339528,6.29999999999924));
#4207=CARTESIAN_POINT('Origin',(22.75,-10.75,6.2999999999857));
#4208=CARTESIAN_POINT('',(24.2814174128511,12.7713857758212,6.29999999999475));
#4209=CARTESIAN_POINT('',(1.9,27.,6.29999999999134));
#4210=CARTESIAN_POINT('Origin',(3.,27.,6.29999999998569));
#4211=CARTESIAN_POINT('',(40.8999976540254,3.000001172987,6.2999999999971));
#4212=CARTESIAN_POINT('Origin',(41.999998827013,3.000001172987,6.29999999998569));
#4213=CARTESIAN_POINT('',(1.9,3.,6.2999999999971));
#4214=CARTESIAN_POINT('Origin',(3.,3.,6.29999999998569));
#4215=CARTESIAN_POINT('',(0.,36.1000000000016,6.29999999998915));
#4216=CARTESIAN_POINT('Origin',(3.,36.1000000000016,6.29999999998915));
#4217=CARTESIAN_POINT('',(42.5,39.1000000000016,6.29999999998843));
#4218=CARTESIAN_POINT('Origin',(42.5,36.1000000000016,6.29999999998915));
#4219=CARTESIAN_POINT('',(39.5,-3.89999999999836,6.29999999999875));
#4220=CARTESIAN_POINT('Origin',(42.5,-3.89999999999836,6.29999999999875));
#4221=CARTESIAN_POINT('',(0.,-3.89999999999836,6.29999999999875));
#4222=CARTESIAN_POINT('Origin',(3.,-3.89999999999836,6.29999999999875));
#4223=CARTESIAN_POINT('Origin',(45.4,48.6857864376407,8.19999999998613));
#4224=CARTESIAN_POINT('',(45.3,47.0715728752665,8.29999999998652));
#4225=CARTESIAN_POINT('',(45.5,46.8715728752665,8.09999999998657));
#4226=CARTESIAN_POINT('',(45.3,40.6715728752665,8.29999999998805));
#4227=CARTESIAN_POINT('',(45.3,48.6857864376407,8.29999999998613));
#4228=CARTESIAN_POINT('',(45.3,40.6715728752665,8.29999999998805));
#4229=CARTESIAN_POINT('Origin',(24.5,46.9715728752665,8.19999999998654));
#4230=CARTESIAN_POINT('',(49.2,47.0715728752665,8.29999999998652));
#4231=CARTESIAN_POINT('',(24.5,47.0715728752665,8.29999999998652));
#4232=CARTESIAN_POINT('',(49.,46.8715728752665,8.09999999998657));
#4233=CARTESIAN_POINT('',(24.5,46.8715728752665,8.09999999998657));
#4234=CARTESIAN_POINT('',(49.,46.8715728752665,8.09999999998657));
#4235=CARTESIAN_POINT('Origin',(49.1,45.6857864376407,8.19999999998685));
#4236=CARTESIAN_POINT('',(49.2,40.6715728752665,8.29999999998805));
#4237=CARTESIAN_POINT('',(49.2,45.6857864376407,8.29999999998685));
#4238=CARTESIAN_POINT('',(49.,45.6857864376407,8.09999999998685));
#4239=CARTESIAN_POINT('',(49.,40.8715728752665,8.09999999998801));
#4240=CARTESIAN_POINT('Origin',(22.75,40.7715728752665,8.19999999998803));
#4241=CARTESIAN_POINT('',(22.75,40.6715728752665,8.29999999998805));
#4242=CARTESIAN_POINT('Origin',(49.,46.8715728752665,6.29999999999385));
#4243=CARTESIAN_POINT('',(49.,46.8715728752665,6.29999999999385));
#4244=CARTESIAN_POINT('Origin',(0.,50.5000000000144,8.29999999998569));
#4245=CARTESIAN_POINT('',(-3.,49.6715728752685,8.29999999998589));
#4246=CARTESIAN_POINT('',(8.0761907271113,49.6715728752685,8.29999999998589));
#4247=CARTESIAN_POINT('',(0.,49.6715728752685,8.29999999998589));
#4248=CARTESIAN_POINT('',(-3.,-16.6715728752515,8.30000000000182));
#4249=CARTESIAN_POINT('',(-3.,33.500000000008,8.29999999998977));
#4250=CARTESIAN_POINT('',(8.07619072712015,-16.6715728752515,8.30000000000182));
#4251=CARTESIAN_POINT('',(0.,-16.6715728752515,8.30000000000182));
#4252=CARTESIAN_POINT('',(13.9892987144974,-5.9281629033948,8.29999999999924));
#4253=CARTESIAN_POINT('',(24.2814174128511,12.7713857758217,8.29999999999475));
#4254=CARTESIAN_POINT('',(31.5107012855026,-5.9281629033948,8.29999999999924));
#4255=CARTESIAN_POINT('Origin',(22.75,-10.7499999999995,8.3000000000004));
#4256=CARTESIAN_POINT('',(37.4238092728798,-16.6715728752515,8.30000000000182));
#4257=CARTESIAN_POINT('',(21.0499013685889,13.0778593747161,8.29999999999468));
#4258=CARTESIAN_POINT('',(52.,-16.6715728752515,8.30000000000182));
#4259=CARTESIAN_POINT('',(0.,-16.6715728752515,8.30000000000182));
#4260=CARTESIAN_POINT('',(52.,49.6715728752685,8.29999999998589));
#4261=CARTESIAN_POINT('',(52.,33.500000000008,8.29999999998977));
#4262=CARTESIAN_POINT('',(37.4238092728887,49.6715728752685,8.29999999998589));
#4263=CARTESIAN_POINT('',(0.,49.6715728752685,8.29999999998589));
#4264=CARTESIAN_POINT('',(31.5107012855026,38.9281629033958,8.29999999998847));
#4265=CARTESIAN_POINT('',(30.291691196038,36.71336737135,8.299999999989));
#4266=CARTESIAN_POINT('',(13.9892987144974,38.9281629033958,8.29999999998847));
#4267=CARTESIAN_POINT('Origin',(22.75,43.7500000000005,8.29999999998731));
#4268=CARTESIAN_POINT('',(4.798188613804,55.6273106475282,8.29999999998446));
#4269=CARTESIAN_POINT('Origin',(49.,40.8715728752665,6.29999999999385));
#4270=CARTESIAN_POINT('Origin',(2.02542648054295,-21.6499999999998,8.29999999999385));
#4271=CARTESIAN_POINT('',(2.02542648054295,-21.6499999999998,4.15000000000014));
#4272=CARTESIAN_POINT('',(0.437713240271504,-24.3999999999999,1.40000000000014));
#4273=CARTESIAN_POINT('',(3.42104120009188,-19.2327243979501,6.56727560204991));
#4274=CARTESIAN_POINT('',(2.02542648054295,-21.6499999999998,-0.300000000006145));
#4275=CARTESIAN_POINT('',(2.02542648054295,-21.6499999999998,8.29999999999385));
#4276=CARTESIAN_POINT('',(0.437713240271504,-24.3999999999999,-0.300000000006145));
#4277=CARTESIAN_POINT('',(0.437713240271504,-24.3999999999999,-0.300000000006145));
#4278=CARTESIAN_POINT('',(0.437713240271504,-24.3999999999999,8.29999999999385));
#4279=CARTESIAN_POINT('Origin',(0.437713240271504,-24.3999999999999,8.29999999999385));
#4280=CARTESIAN_POINT('',(-2.73771324027144,-24.3999999999999,1.40000000000011));
#4281=CARTESIAN_POINT('',(0.218856620135868,-24.3999999999999,1.40000000000014));
#4282=CARTESIAN_POINT('',(-2.73771324027144,-24.3999999999999,-0.300000000006145));
#4283=CARTESIAN_POINT('',(-2.73771324027144,-24.3999999999999,-0.300000000006145));
#4284=CARTESIAN_POINT('',(-2.73771324027144,-24.3999999999999,8.29999999999385));
#4285=CARTESIAN_POINT('Origin',(-2.73771324027144,-24.3999999999999,8.29999999999385));
#4286=CARTESIAN_POINT('',(-3.,-23.9457060059974,1.85429399400258));
#4287=CARTESIAN_POINT('',(-5.1031231314429,-20.302989887765,5.49701011223497));
#4288=CARTESIAN_POINT('',(-4.32542648054293,-21.6499999999999,-0.300000000006145));
#4289=CARTESIAN_POINT('',(-4.32542648054293,-21.6499999999999,-0.300000000006145));
#4290=CARTESIAN_POINT('',(-4.32542648054293,-21.6499999999999,3.43970631990539));
#4291=CARTESIAN_POINT('',(-4.32542648054293,-21.6499999999999,8.29999999999385));
#4292=CARTESIAN_POINT('Origin',(-3.,-23.9457060059974,-0.974133130743606));
#4293=CARTESIAN_POINT('Origin',(0.437713240271451,-18.8999999999999,8.29999999999385));
#4294=CARTESIAN_POINT('',(0.437713240271451,-18.8999999999999,6.90000000000011));
#4295=CARTESIAN_POINT('',(-0.11316723344688,-17.9458470306221,7.85415296937785));
#4296=CARTESIAN_POINT('',(0.437713240271451,-18.8999999999999,-0.300000000006145));
#4297=CARTESIAN_POINT('',(0.437713240271451,-18.8999999999999,8.29999999999385));
#4298=CARTESIAN_POINT('',(2.02542648054295,-21.6499999999998,-0.300000000006145));
#4299=CARTESIAN_POINT('Origin',(-2.73771324027149,-18.8999999999999,8.29999999999385));
#4300=CARTESIAN_POINT('',(-2.73771324027149,-18.8999999999999,6.90000000000008));
#4301=CARTESIAN_POINT('',(-1.36885662013573,-18.8999999999999,6.9000000000001));
#4302=CARTESIAN_POINT('',(-2.73771324027149,-18.8999999999999,-0.300000000006145));
#4303=CARTESIAN_POINT('',(-2.73771324027149,-18.8999999999999,8.29999999999385));
#4304=CARTESIAN_POINT('',(0.437713240271451,-18.8999999999999,-0.300000000006145));
#4305=CARTESIAN_POINT('Origin',(-4.32542648054293,-21.6499999999999,8.29999999999385));
#4306=CARTESIAN_POINT('',(-3.,-19.3542939940023,6.44570600599768));
#4307=CARTESIAN_POINT('',(-2.47617940663072,-18.4470101122358,7.35298988776417));
#4308=CARTESIAN_POINT('Origin',(-3.,-19.3542939940023,3.6172788812515));
#4309=CARTESIAN_POINT('',(-2.73771324027149,-18.8999999999999,-0.300000000006145));
#4310=CARTESIAN_POINT('Origin',(-1.14999999999999,-21.6499999999999,-0.300000000006145));
#4311=CARTESIAN_POINT('',(-2.65,-21.65,-0.300000000006144));
#4312=CARTESIAN_POINT('Origin',(-1.15,-21.65,-0.300000000006144));
#4313=CARTESIAN_POINT('Origin',(2.02542648054295,54.6500000000001,8.29999999999385));
#4314=CARTESIAN_POINT('',(2.02542648054295,54.6500000000001,4.14999999999998));
#4315=CARTESIAN_POINT('',(0.437713240271504,51.9000000000001,6.89999999999998));
#4316=CARTESIAN_POINT('',(2.31995175813842,55.1601327449089,3.63986725509128));
#4317=CARTESIAN_POINT('',(2.02542648054295,54.6500000000001,-0.300000000006145));
#4318=CARTESIAN_POINT('',(2.02542648054295,54.6500000000001,8.29999999999385));
#4319=CARTESIAN_POINT('',(0.437713240271504,51.9000000000001,-0.300000000006145));
#4320=CARTESIAN_POINT('',(0.437713240271504,51.9000000000001,-0.300000000006145));
#4321=CARTESIAN_POINT('',(0.437713240271504,51.9000000000001,8.29999999999385));
#4322=CARTESIAN_POINT('Origin',(0.437713240271504,51.9000000000001,8.29999999999385));
#4323=CARTESIAN_POINT('',(-2.73771324027144,51.9000000000001,6.90000000000002));
#4324=CARTESIAN_POINT('',(0.218856620135818,51.9000000000001,6.89999999999998));
#4325=CARTESIAN_POINT('',(-2.73771324027144,51.9000000000001,-0.300000000006145));
#4326=CARTESIAN_POINT('',(-2.73771324027144,51.9000000000001,-0.300000000006145));
#4327=CARTESIAN_POINT('',(-2.73771324027144,51.9000000000001,8.29999999999385));
#4328=CARTESIAN_POINT('Origin',(-2.73771324027144,51.9000000000001,8.29999999999385));
#4329=CARTESIAN_POINT('',(-3.,52.3542939940026,6.44570600599755));
#4330=CARTESIAN_POINT('',(-4.00203368948942,54.0898672550939,4.7101327449062));
#4331=CARTESIAN_POINT('',(-4.32542648054293,54.6500000000001,-0.300000000006145));
#4332=CARTESIAN_POINT('',(-4.32542648054293,54.6500000000001,-0.300000000006145));
#4333=CARTESIAN_POINT('',(-4.32542648054293,54.6500000000001,3.43970631990535));
#4334=CARTESIAN_POINT('',(-4.32542648054293,54.6500000000001,8.29999999999385));
#4335=CARTESIAN_POINT('Origin',(-3.,52.3542939940026,3.61727888125137));
#4336=CARTESIAN_POINT('Origin',(0.437713240271451,57.4000000000001,8.29999999999385));
#4337=CARTESIAN_POINT('',(0.437713240271451,57.4000000000001,1.4));
#4338=CARTESIAN_POINT('',(0.987922208506608,56.4470101122368,2.35298988776332));
#4339=CARTESIAN_POINT('',(0.437713240271451,57.4000000000001,-0.300000000006145));
#4340=CARTESIAN_POINT('',(0.437713240271451,57.4000000000001,8.29999999999385));
#4341=CARTESIAN_POINT('',(2.02542648054295,54.6500000000001,-0.300000000006145));
#4342=CARTESIAN_POINT('Origin',(-2.73771324027149,57.4000000000001,8.29999999999385));
#4343=CARTESIAN_POINT('',(-2.73771324027149,57.4000000000001,1.40000000000003));
#4344=CARTESIAN_POINT('',(-1.36885662013577,57.4000000000001,1.40000000000002));
#4345=CARTESIAN_POINT('',(-2.73771324027149,57.4000000000001,-0.300000000006145));
#4346=CARTESIAN_POINT('',(-2.73771324027149,57.4000000000001,8.29999999999385));
#4347=CARTESIAN_POINT('',(0.437713240271451,57.4000000000001,-0.300000000006145));
#4348=CARTESIAN_POINT('Origin',(-4.32542648054293,54.6500000000001,8.29999999999385));
#4349=CARTESIAN_POINT('',(-3.,56.9457060059977,1.85429399400244));
#4350=CARTESIAN_POINT('',(-3.57726884858417,55.9458470306231,2.85415296937703));
#4351=CARTESIAN_POINT('Origin',(-3.,56.9457060059977,-0.974133130743744));
#4352=CARTESIAN_POINT('',(-2.73771324027149,57.4000000000001,-0.300000000006145));
#4353=CARTESIAN_POINT('Origin',(-1.14999999999999,54.6500000000001,-0.300000000006145));
#4354=CARTESIAN_POINT('',(-2.65,54.65,-0.300000000006144));
#4355=CARTESIAN_POINT('Origin',(-1.15,54.65,-0.300000000006144));
#4356=CARTESIAN_POINT('Origin',(51.7377132402715,-24.3999999999999,8.29999999999385));
#4357=CARTESIAN_POINT('',(51.7377132402715,-24.3999999999999,1.40000000000014));
#4358=CARTESIAN_POINT('',(48.5622867597286,-24.3999999999999,1.40000000000011));
#4359=CARTESIAN_POINT('',(25.8688566201359,-24.4000000000001,1.39999999999985));
#4360=CARTESIAN_POINT('',(51.7377132402715,-24.3999999999999,-0.300000000006145));
#4361=CARTESIAN_POINT('',(51.7377132402715,-24.3999999999999,8.29999999999385));
#4362=CARTESIAN_POINT('',(48.5622867597286,-24.3999999999999,-0.300000000006145));
#4363=CARTESIAN_POINT('',(48.5622867597286,-24.3999999999999,-0.300000000006145));
#4364=CARTESIAN_POINT('',(48.5622867597286,-24.3999999999999,8.29999999999385));
#4365=CARTESIAN_POINT('Origin',(48.5622867597286,-24.3999999999999,8.29999999999385));
#4366=CARTESIAN_POINT('',(46.9745735194571,-21.6499999999999,4.15000000000008));
#4367=CARTESIAN_POINT('',(42.5325911542713,-13.9562608571732,11.8437391428267));
#4368=CARTESIAN_POINT('',(46.9745735194571,-21.6499999999999,-0.300000000006145));
#4369=CARTESIAN_POINT('',(46.9745735194571,-21.6499999999999,-0.300000000006145));
#4370=CARTESIAN_POINT('',(46.9745735194571,-21.6499999999999,8.29999999999385));
#4371=CARTESIAN_POINT('Origin',(46.9745735194571,-21.6499999999999,8.29999999999385));
#4372=CARTESIAN_POINT('',(48.5622867597285,-18.8999999999999,6.90000000000008));
#4373=CARTESIAN_POINT('',(45.1595348790837,-24.7937391428274,1.00626085717261));
#4374=CARTESIAN_POINT('',(48.5622867597285,-18.8999999999999,-0.300000000006145));
#4375=CARTESIAN_POINT('',(48.5622867597285,-18.8999999999999,-0.300000000006145));
#4376=CARTESIAN_POINT('',(48.5622867597285,-18.8999999999999,8.29999999999385));
#4377=CARTESIAN_POINT('Origin',(48.5622867597285,-18.8999999999999,8.29999999999385));
#4378=CARTESIAN_POINT('',(51.7377132402714,-18.8999999999999,6.90000000000011));
#4379=CARTESIAN_POINT('',(24.2811433798643,-18.9000000000001,6.89999999999984));
#4380=CARTESIAN_POINT('',(51.7377132402714,-18.8999999999999,-0.300000000006145));
#4381=CARTESIAN_POINT('',(51.7377132402714,-18.8999999999999,-0.300000000006145));
#4382=CARTESIAN_POINT('',(51.7377132402714,-18.8999999999999,8.29999999999385));
#4383=CARTESIAN_POINT('Origin',(53.3254264805429,-21.6499999999998,8.29999999999385));
#4384=CARTESIAN_POINT('',(52.,-23.9457060059975,1.85429399400252));
#4385=CARTESIAN_POINT('',(51.0567554858063,-25.5794534285417,0.220546571458322));
#4386=CARTESIAN_POINT('',(53.3254264805429,-21.6499999999998,3.43970631990542));
#4387=CARTESIAN_POINT('Origin',(52.,-23.9457060059975,-0.974133130743666));
#4388=CARTESIAN_POINT('',(53.3254264805429,-21.6499999999998,-0.300000000006145));
#4389=CARTESIAN_POINT('',(53.3254264805429,-21.6499999999998,8.29999999999385));
#4390=CARTESIAN_POINT('',(51.7377132402715,-24.3999999999999,-0.300000000006145));
#4391=CARTESIAN_POINT('Origin',(51.7377132402714,-18.8999999999999,8.29999999999385));
#4392=CARTESIAN_POINT('',(52.,-19.3542939940023,6.44570600599766));
#4393=CARTESIAN_POINT('Origin',(52.,-19.3542939940023,3.61727888125148));
#4394=CARTESIAN_POINT('',(47.5225470522673,-11.5991180000303,14.2008819999696));
#4395=CARTESIAN_POINT('',(53.3254264805429,-21.6499999999998,-0.300000000006145));
#4396=CARTESIAN_POINT('Origin',(50.15,-21.6499999999999,-0.300000000006145));
#4397=CARTESIAN_POINT('',(48.65,-21.65,-0.300000000006144));
#4398=CARTESIAN_POINT('Origin',(50.15,-21.65,-0.300000000006144));
#4399=CARTESIAN_POINT('Origin',(46.9745735194571,54.6500000000001,8.29999999999385));
#4400=CARTESIAN_POINT('',(46.9745735194571,54.6500000000001,4.15000000000003));
#4401=CARTESIAN_POINT('',(48.5622867597285,57.4000000000001,1.40000000000003));
#4402=CARTESIAN_POINT('',(44.0584454371302,49.5991180000315,9.20088199996859));
#4403=CARTESIAN_POINT('',(46.9745735194571,54.6500000000001,-0.300000000006145));
#4404=CARTESIAN_POINT('',(46.9745735194571,54.6500000000001,8.29999999999385));
#4405=CARTESIAN_POINT('',(48.5622867597285,57.4000000000001,-0.300000000006145));
#4406=CARTESIAN_POINT('',(48.5622867597285,57.4000000000001,-0.300000000006145));
#4407=CARTESIAN_POINT('',(48.5622867597285,57.4000000000001,8.29999999999385));
#4408=CARTESIAN_POINT('Origin',(48.5622867597285,57.4000000000001,8.29999999999385));
#4409=CARTESIAN_POINT('',(51.7377132402714,57.4000000000001,1.4));
#4410=CARTESIAN_POINT('',(24.2811433798642,57.3999999999998,1.40000000000031));
#4411=CARTESIAN_POINT('',(51.7377132402714,57.4000000000001,-0.300000000006145));
#4412=CARTESIAN_POINT('',(51.7377132402714,57.4000000000001,-0.300000000006145));
#4413=CARTESIAN_POINT('',(51.7377132402714,57.4000000000001,8.29999999999385));
#4414=CARTESIAN_POINT('Origin',(51.7377132402714,57.4000000000001,8.29999999999385));
#4415=CARTESIAN_POINT('',(52.,56.9457060059977,1.85429399400245));
#4416=CARTESIAN_POINT('',(48.6236364942208,62.7937391428286,-3.99373914282845));
#4417=CARTESIAN_POINT('',(53.3254264805429,54.6500000000001,-0.300000000006145));
#4418=CARTESIAN_POINT('',(53.3254264805429,54.6500000000001,-0.300000000006145));
#4419=CARTESIAN_POINT('',(53.3254264805429,54.6500000000001,3.43970631990526));
#4420=CARTESIAN_POINT('',(53.3254264805429,54.6500000000001,8.29999999999385));
#4421=CARTESIAN_POINT('Origin',(52.,56.9457060059977,-0.974133130743728));
#4422=CARTESIAN_POINT('Origin',(51.7377132402715,51.9000000000001,8.29999999999385));
#4423=CARTESIAN_POINT('',(51.7377132402715,51.9000000000001,6.89999999999998));
#4424=CARTESIAN_POINT('',(48.5622867597286,51.9000000000001,6.90000000000002));
#4425=CARTESIAN_POINT('',(25.8688566201358,51.8999999999998,6.90000000000027));
#4426=CARTESIAN_POINT('',(51.7377132402715,51.9000000000001,-0.300000000006145));
#4427=CARTESIAN_POINT('',(51.7377132402715,51.9000000000001,8.29999999999385));
#4428=CARTESIAN_POINT('',(48.5622867597286,51.9000000000001,-0.300000000006145));
#4429=CARTESIAN_POINT('',(48.5622867597286,51.9000000000001,-0.300000000006145));
#4430=CARTESIAN_POINT('',(48.5622867597286,51.9000000000001,8.29999999999385));
#4431=CARTESIAN_POINT('Origin',(53.3254264805429,54.6500000000001,8.29999999999385));
#4432=CARTESIAN_POINT('',(52.,52.3542939940025,6.44570600599761));
#4433=CARTESIAN_POINT('',(49.9556660438528,48.8134037143173,9.98659628568287));
#4434=CARTESIAN_POINT('Origin',(52.,52.3542939940025,3.61727888125143));
#4435=CARTESIAN_POINT('',(51.7377132402715,51.9000000000001,-0.300000000006145));
#4436=CARTESIAN_POINT('Origin',(48.5622867597286,51.9000000000001,8.29999999999385));
#4437=CARTESIAN_POINT('',(43.6336805962247,60.4365962856857,-1.63659628568555));
#4438=CARTESIAN_POINT('',(46.9745735194571,54.6500000000001,-0.300000000006145));
#4439=CARTESIAN_POINT('Origin',(50.15,54.6500000000001,-0.300000000006145));
#4440=CARTESIAN_POINT('',(48.65,54.65,-0.300000000006144));
#4441=CARTESIAN_POINT('Origin',(50.15,54.65,-0.300000000006144));
#4442=CARTESIAN_POINT('Origin',(-3.,-9.2482864469381,13.7232864283157));
#4443=CARTESIAN_POINT('',(-3.,-18.0857864376251,7.71421356237492));
#4444=CARTESIAN_POINT('',(-3.,-10.6625000093112,15.1374999906888));
#4445=CARTESIAN_POINT('',(-5.,-16.671572875252,6.30000000000182));
#4446=CARTESIAN_POINT('Origin',(-3.,-16.671572875252,6.30000000000182));
#4447=CARTESIAN_POINT('',(-5.,-23.5,-0.528427124746189));
#4448=CARTESIAN_POINT('',(-5.,-9.2482864469381,13.7232864283157));
#4449=CARTESIAN_POINT('',(-3.,-24.9142135623731,0.88578643762691));
#4450=CARTESIAN_POINT('Origin',(-3.,-23.5,-0.528427124746187));
#4451=CARTESIAN_POINT('',(-3.,-10.6625000093112,15.1374999906888));
#4452=CARTESIAN_POINT('Origin',(-3.,46.2482864469392,9.72328642831476));
#4453=CARTESIAN_POINT('',(-3.,57.9142135623731,0.885786437627039));
#4454=CARTESIAN_POINT('',(-3.,47.6625000093123,11.1374999906878));
#4455=CARTESIAN_POINT('',(-5.,56.5,-0.528427124746049));
#4456=CARTESIAN_POINT('Origin',(-3.,56.5,-0.528427124746049));
#4457=CARTESIAN_POINT('',(-5.,49.6715728752681,6.29999999998589));
#4458=CARTESIAN_POINT('',(-5.,46.2482864469392,9.72328642831476));
#4459=CARTESIAN_POINT('',(-3.,51.0857864376411,7.71421356235899));
#4460=CARTESIAN_POINT('Origin',(-3.,49.6715728752681,6.29999999998589));
#4461=CARTESIAN_POINT('',(-3.,47.6625000093123,11.1374999906878));
#4462=CARTESIAN_POINT('Origin',(0.,-17.499999999998,8.30000000000202));
#4463=CARTESIAN_POINT('',(52.,-18.0857864376251,7.71421356237492));
#4464=CARTESIAN_POINT('',(52.,-10.6625000093112,15.1374999906888));
#4465=CARTESIAN_POINT('',(52.,-18.,7.79999999999997));
#4466=CARTESIAN_POINT('',(52.,-23.950000018625,1.849999981375));
#4467=CARTESIAN_POINT('',(46.5,-18.,7.79999999999997));
#4468=CARTESIAN_POINT('',(38.25,-18.,7.79999999999998));
#4469=CARTESIAN_POINT('',(46.5,-18.0857864376251,7.71421356237492));
#4470=CARTESIAN_POINT('',(46.5,-22.575000018625,3.22499998137499));
#4471=CARTESIAN_POINT('',(37.4238092728799,-18.0857864376251,7.71421356237492));
#4472=CARTESIAN_POINT('',(0.,-18.0857864376251,7.71421356237492));
#4473=CARTESIAN_POINT('',(41.1821343371139,-24.9142135623731,0.885786437626908));
#4474=CARTESIAN_POINT('',(37.3971534067013,-18.0373559169713,7.76264408302872));
#4475=CARTESIAN_POINT('',(52.,-24.9142135623731,0.885786437626908));
#4476=CARTESIAN_POINT('',(0.,-24.9142135623731,0.885786437626908));
#4477=CARTESIAN_POINT('',(52.,-10.6625000093112,15.1374999906888));
#4478=CARTESIAN_POINT('Origin',(52.,46.2482864469392,9.72328642831476));
#4479=CARTESIAN_POINT('',(52.,51.0857864376411,7.71421356235899));
#4480=CARTESIAN_POINT('',(52.,47.6625000093123,11.1374999906878));
#4481=CARTESIAN_POINT('',(54.,49.6715728752681,6.29999999998589));
#4482=CARTESIAN_POINT('Origin',(52.,49.671572875268,6.2999999999859));
#4483=CARTESIAN_POINT('',(54.,56.5,-0.528427124746047));
#4484=CARTESIAN_POINT('',(54.,46.2482864469392,9.72328642831476));
#4485=CARTESIAN_POINT('',(52.,57.9142135623731,0.885786437627041));
#4486=CARTESIAN_POINT('Origin',(52.,56.5,-0.528427124746049));
#4487=CARTESIAN_POINT('',(52.,47.6625000093123,11.1374999906878));
#4488=CARTESIAN_POINT('Origin',(-1.15,54.65,-20.));
#4489=CARTESIAN_POINT('',(-2.65,54.65,-5.0000000745));
#4490=CARTESIAN_POINT('Origin',(-1.15,54.65,-5.0000000745));
#4491=CARTESIAN_POINT('',(-2.65,54.65,-20.));
#4492=CARTESIAN_POINT('Origin',(-1.15,-21.65,-20.));
#4493=CARTESIAN_POINT('',(-2.65,-21.65,-5.0000000745));
#4494=CARTESIAN_POINT('Origin',(-1.15,-21.65,-5.0000000745));
#4495=CARTESIAN_POINT('',(-2.65,-21.65,-20.));
#4496=CARTESIAN_POINT('Origin',(50.15,54.65,-20.));
#4497=CARTESIAN_POINT('',(48.65,54.65,-5.0000000745));
#4498=CARTESIAN_POINT('Origin',(50.15,54.65,-5.0000000745));
#4499=CARTESIAN_POINT('',(48.65,54.65,-20.));
#4500=CARTESIAN_POINT('Origin',(50.15,-21.65,-20.));
#4501=CARTESIAN_POINT('',(48.65,-21.65,-5.0000000745));
#4502=CARTESIAN_POINT('Origin',(50.15,-21.65,-5.0000000745));
#4503=CARTESIAN_POINT('',(48.65,-21.65,-20.));
#4504=CARTESIAN_POINT('Origin',(46.5,51.,-5.0000000745));
#4505=CARTESIAN_POINT('',(46.5,51.,4.97157287525394));
#4506=CARTESIAN_POINT('',(52.,51.,4.97157287525394));
#4507=CARTESIAN_POINT('',(23.25,51.,4.97157287525394));
#4508=CARTESIAN_POINT('',(46.5,51.,-5.0000000745));
#4509=CARTESIAN_POINT('',(46.5,51.,-5.0000000745));
#4510=CARTESIAN_POINT('',(52.,51.,-5.0000000745));
#4511=CARTESIAN_POINT('',(46.5,51.,-5.0000000745));
#4512=CARTESIAN_POINT('',(52.,51.,-1.6750000558745));
#4513=CARTESIAN_POINT('Origin',(46.5,56.5,-5.0000000745));
#4514=CARTESIAN_POINT('',(46.5,56.5,-0.528427124746055));
#4515=CARTESIAN_POINT('',(46.5,57.9107864562519,-1.93921358099799));
#4516=CARTESIAN_POINT('',(46.5,56.5,-5.0000000745));
#4517=CARTESIAN_POINT('',(46.5,56.5,-5.0000000745));
#4518=CARTESIAN_POINT('',(46.5,56.5,-5.0000000745));
#4519=CARTESIAN_POINT('Origin',(0.,57.0857864376269,-1.11421356237297));
#4520=CARTESIAN_POINT('',(52.,46.2482864469392,9.72328642831476));
#4521=CARTESIAN_POINT('',(41.1821343371139,56.5,-0.528427124746056));
#4522=CARTESIAN_POINT('',(36.4119728449704,47.8331871071085,8.13838576814547));
#4523=CARTESIAN_POINT('',(0.,56.5,-0.528427124746061));
#4524=CARTESIAN_POINT('Origin',(-3.,51.,-5.0000000745));
#4525=CARTESIAN_POINT('',(-3.,51.,4.97157287525394));
#4526=CARTESIAN_POINT('',(2.5,51.,4.97157287525394));
#4527=CARTESIAN_POINT('',(-1.5,51.,4.97157287525394));
#4528=CARTESIAN_POINT('',(-3.,51.,-5.0000000745));
#4529=CARTESIAN_POINT('',(-3.,51.,-1.6750000558745));
#4530=CARTESIAN_POINT('',(2.5,51.,-5.0000000745));
#4531=CARTESIAN_POINT('',(-3.,51.,-5.0000000745));
#4532=CARTESIAN_POINT('',(2.5,51.,-5.0000000745));
#4533=CARTESIAN_POINT('Origin',(0.,57.0857864376269,-1.11421356237297));
#4534=CARTESIAN_POINT('',(2.5,56.5,-0.528427124746055));
#4535=CARTESIAN_POINT('',(2.5,56.5357864562519,-0.564213580997996));
#4536=CARTESIAN_POINT('',(4.31786566288609,56.5,-0.528427124746056));
#4537=CARTESIAN_POINT('',(0.,56.5,-0.528427124746061));
#4538=CARTESIAN_POINT('',(3.19828070820736,58.5341519539492,-2.56257907869527));
#4539=CARTESIAN_POINT('',(-3.,46.2482864469392,9.72328642831476));
#4540=CARTESIAN_POINT('Origin',(0.,56.5,-5.0000000745));
#4541=CARTESIAN_POINT('',(2.5,56.5,-3.0000000745));
#4542=CARTESIAN_POINT('',(2.5,56.5,-5.0000000745));
#4543=CARTESIAN_POINT('',(4.31786566288609,56.5,-3.0000000745));
#4544=CARTESIAN_POINT('',(11.375,56.5,-3.0000000745));
#4545=CARTESIAN_POINT('',(4.31786566288609,56.5,-5.0000000745));
#4546=CARTESIAN_POINT('Origin',(2.5,-18.,-5.0000000745));
#4547=CARTESIAN_POINT('',(2.5,-18.,4.97157287525379));
#4548=CARTESIAN_POINT('',(-3.,-18.,4.97157287525379));
#4549=CARTESIAN_POINT('',(1.25,-18.,4.97157287525379));
#4550=CARTESIAN_POINT('',(2.5,-18.,-5.0000000745));
#4551=CARTESIAN_POINT('',(2.5,-18.,-5.0000000745));
#4552=CARTESIAN_POINT('',(-3.,-18.,-5.0000000745));
#4553=CARTESIAN_POINT('',(-3.,-18.,-5.0000000745));
#4554=CARTESIAN_POINT('',(-3.,-18.,-1.6750000558745));
#4555=CARTESIAN_POINT('Origin',(2.5,-18.,-5.0000000745));
#4556=CARTESIAN_POINT('',(-3.,-18.,7.79508574143395));
#4557=CARTESIAN_POINT('',(2.5,-18.,7.79508574143395));
#4558=CARTESIAN_POINT('',(0.,-18.,7.79508574143395));
#4559=CARTESIAN_POINT('',(-3.,-18.,7.79999999999997));
#4560=CARTESIAN_POINT('',(-3.,-18.,-5.0000000745));
#4561=CARTESIAN_POINT('',(2.5,-18.,7.79999999999997));
#4562=CARTESIAN_POINT('',(13.5,-18.,7.79999999999998));
#4563=CARTESIAN_POINT('',(2.5,-18.,-5.0000000745));
#4564=CARTESIAN_POINT('Origin',(-3.,-18.,-5.0000000745));
#4565=CARTESIAN_POINT('Origin',(-3.,-16.671572875252,6.30000000000182));
#4566=CARTESIAN_POINT('',(-3.,-22.575000018625,3.22499998137499));
#4567=CARTESIAN_POINT('Origin',(2.5,-23.5,-5.0000000745));
#4568=CARTESIAN_POINT('',(2.5,-18.0857864376251,7.71421356237492));
#4569=CARTESIAN_POINT('Origin',(2.5,-16.671572875252,6.30000000000182));
#4570=CARTESIAN_POINT('',(2.5,-23.950000018625,1.849999981375));
#4571=CARTESIAN_POINT('Origin',(-3.,16.5,1.64999996275101));
#4572=CARTESIAN_POINT('',(-3.,-9.2482864469381,13.7232864283157));
#4573=CARTESIAN_POINT('',(-3.,13.3202789048,-5.0000000745));
#4574=CARTESIAN_POINT('',(-3.,-25.5,-5.0000000745));
#4575=CARTESIAN_POINT('',(-3.,13.3202789048,4.1999999255));
#4576=CARTESIAN_POINT('',(-3.,13.3202789048,-1.6750000558745));
#4577=CARTESIAN_POINT('',(-3.,15.3202789048,6.1999999255));
#4578=CARTESIAN_POINT('Origin',(-3.,15.3202789048,4.1999999255));
#4579=CARTESIAN_POINT('',(-3.,23.320279024,6.1999999255));
#4580=CARTESIAN_POINT('',(-3.,15.9101394524,6.1999999255));
#4581=CARTESIAN_POINT('',(-3.,25.320279024,4.1999999255));
#4582=CARTESIAN_POINT('Origin',(-3.,23.320279024,4.1999999255));
#4583=CARTESIAN_POINT('',(-3.,25.320279024,-5.0000000745));
#4584=CARTESIAN_POINT('',(-3.,25.320279024,2.9249999441255));
#4585=CARTESIAN_POINT('',(-3.,-25.5,-5.0000000745));
#4586=CARTESIAN_POINT('Origin',(46.5,-18.,-5.0000000745));
#4587=CARTESIAN_POINT('',(46.5,-18.,4.97157287525379));
#4588=CARTESIAN_POINT('',(46.5,-23.5,-0.52842712474619));
#4589=CARTESIAN_POINT('',(46.5,-19.5357864562509,3.43578641900291));
#4590=CARTESIAN_POINT('',(46.5,-18.,-5.0000000745));
#4591=CARTESIAN_POINT('',(46.5,-18.,-5.0000000745));
#4592=CARTESIAN_POINT('',(46.5,-23.5,-5.0000000745));
#4593=CARTESIAN_POINT('',(46.5,-23.5,-5.0000000745));
#4594=CARTESIAN_POINT('',(46.5,-23.5,-2.35000003725));
#4595=CARTESIAN_POINT('Origin',(52.,-18.,-5.0000000745));
#4596=CARTESIAN_POINT('',(52.,-18.,4.97157287525379));
#4597=CARTESIAN_POINT('',(26.,-18.,4.97157287525379));
#4598=CARTESIAN_POINT('',(52.,-18.,-5.0000000745));
#4599=CARTESIAN_POINT('',(52.,-18.,-1.6750000558745));
#4600=CARTESIAN_POINT('',(46.5,-18.,-5.0000000745));
#4601=CARTESIAN_POINT('Origin',(52.,-18.,-5.0000000745));
#4602=CARTESIAN_POINT('',(46.5,-18.,7.79508574143395));
#4603=CARTESIAN_POINT('',(52.,-18.,7.79508574143395));
#4604=CARTESIAN_POINT('',(0.,-18.,7.79508574143395));
#4605=CARTESIAN_POINT('',(46.5,-18.,-5.0000000745));
#4606=CARTESIAN_POINT('',(52.,-18.,-5.0000000745));
#4607=CARTESIAN_POINT('Origin',(52.,-23.5,-5.0000000745));
#4608=CARTESIAN_POINT('Origin',(52.,-16.671572875252,6.30000000000182));
#4609=CARTESIAN_POINT('Origin',(46.5,-18.,-5.0000000745));
#4610=CARTESIAN_POINT('Origin',(46.5,-16.671572875252,6.30000000000182));
#4611=CARTESIAN_POINT('Origin',(0.,-16.671572875252,6.30000000000182));
#4612=CARTESIAN_POINT('Origin',(52.,-16.671572875252,6.30000000000182));
#4613=CARTESIAN_POINT('Origin',(37.4238092728798,-16.671572875252,6.30000000000182));
#4614=CARTESIAN_POINT('Origin',(0.,-23.5,0.300000000000001));
#4615=CARTESIAN_POINT('',(43.,-23.5,-5.0000000745));
#4616=CARTESIAN_POINT('',(0.,-23.5,-5.0000000745));
#4617=CARTESIAN_POINT('',(43.,-23.5,-3.0000000745));
#4618=CARTESIAN_POINT('',(43.,-23.5,-2.35000003725));
#4619=CARTESIAN_POINT('',(41.1821343371139,-23.5,-3.0000000745));
#4620=CARTESIAN_POINT('',(11.375,-23.5,-3.0000000745));
#4621=CARTESIAN_POINT('',(41.1821343371139,-23.5,-0.528427124746188));
#4622=CARTESIAN_POINT('',(41.1821343371139,-23.5,-2.35000003725));
#4623=CARTESIAN_POINT('',(0.,-23.5,-0.528427124746191));
#4624=CARTESIAN_POINT('Origin',(52.,16.5,1.64999996275101));
#4625=CARTESIAN_POINT('',(52.,-25.5,-5.0000000745));
#4626=CARTESIAN_POINT('',(52.,-9.2482864469381,13.7232864283157));
#4627=CARTESIAN_POINT('Origin',(0.,13.3202789048,-5.0000000745));
#4628=CARTESIAN_POINT('',(-5.,13.3202789048,-5.0000000745));
#4629=CARTESIAN_POINT('',(0.,13.3202789048,-5.0000000745));
#4630=CARTESIAN_POINT('',(-5.,13.3202789048,4.1999999255));
#4631=CARTESIAN_POINT('',(-5.,13.3202789048,-1.6750000558745));
#4632=CARTESIAN_POINT('',(0.,13.3202789048,4.1999999255));
#4633=CARTESIAN_POINT('Origin',(0.,15.3202789048,4.1999999255));
#4634=CARTESIAN_POINT('',(-5.,15.3202789048,6.1999999255));
#4635=CARTESIAN_POINT('Origin',(-5.,15.3202789048,4.1999999255));
#4636=CARTESIAN_POINT('',(0.,15.3202789048,6.1999999255));
#4637=CARTESIAN_POINT('Origin',(0.,15.3202789048,6.1999999255));
#4638=CARTESIAN_POINT('',(-5.,23.320279024,6.1999999255));
#4639=CARTESIAN_POINT('',(-5.,15.9101394524,6.1999999255));
#4640=CARTESIAN_POINT('',(0.,23.320279024,6.1999999255));
#4641=CARTESIAN_POINT('Origin',(0.,25.320279024,4.1999999255));
#4642=CARTESIAN_POINT('',(-5.,25.320279024,4.1999999255));
#4643=CARTESIAN_POINT('',(0.,25.320279024,4.1999999255));
#4644=CARTESIAN_POINT('',(-5.,25.320279024,-5.0000000745));
#4645=CARTESIAN_POINT('',(-5.,25.320279024,2.9249999441255));
#4646=CARTESIAN_POINT('',(0.,25.320279024,-5.0000000745));
#4647=CARTESIAN_POINT('Origin',(0.,23.320279024,4.1999999255));
#4648=CARTESIAN_POINT('Origin',(-5.,23.320279024,4.1999999255));
#4649=CARTESIAN_POINT('Origin',(-5.,16.5,1.64999996275101));
#4650=CARTESIAN_POINT('',(-5.,-23.5,-5.0000000745));
#4651=CARTESIAN_POINT('',(-5.,-25.5,-5.0000000745));
#4652=CARTESIAN_POINT('',(-5.,-23.5,0.974999981375504));
#4653=CARTESIAN_POINT('',(-5.,33.5000000000075,6.29999999998978));
#4654=CARTESIAN_POINT('',(-5.,56.5,-5.0000000745));
#4655=CARTESIAN_POINT('',(-5.,56.5,-1.6750000558745));
#4656=CARTESIAN_POINT('',(-5.,-25.5,-5.0000000745));
#4657=CARTESIAN_POINT('Origin',(0.,-25.5,-5.0000000745));
#4658=CARTESIAN_POINT('',(2.5,-24.,-5.0000000745));
#4659=CARTESIAN_POINT('',(2.5,15.75,-5.0000000745));
#4660=CARTESIAN_POINT('',(6.32559094405787,-24.,-5.0000000745));
#4661=CARTESIAN_POINT('',(1.25,-24.,-5.0000000745));
#4662=CARTESIAN_POINT('',(6.07000591998661,-24.4643674193209,-5.0000000745));
#4663=CARTESIAN_POINT('',(9.98134137867865,-17.3579387087526,-5.0000000745));
#4664=CARTESIAN_POINT('',(4.31786566288609,-25.5,-5.0000000745));
#4665=CARTESIAN_POINT('Origin',(4.31786566288609,-23.5,-5.0000000745));
#4666=CARTESIAN_POINT('',(-3.,-25.5,-5.0000000745));
#4667=CARTESIAN_POINT('',(0.,-25.5,-5.0000000745));
#4668=CARTESIAN_POINT('Origin',(-3.,-23.5,-5.0000000745));
#4669=CARTESIAN_POINT('Origin',(3.,27.,-1.));
#4670=CARTESIAN_POINT('',(1.9,27.,-1.));
#4671=CARTESIAN_POINT('Origin',(3.,27.,-1.));
#4672=CARTESIAN_POINT('Origin',(3.,27.,0.));
#4673=CARTESIAN_POINT('',(1.9,27.,0.));
#4674=CARTESIAN_POINT('Origin',(41.999998827013,3.000001172987,-1.));
#4675=CARTESIAN_POINT('',(40.8999976540254,3.000001172987,-1.));
#4676=CARTESIAN_POINT('Origin',(41.999998827013,3.000001172987,-1.));
#4677=CARTESIAN_POINT('Origin',(41.999998827013,3.000001172987,0.));
#4678=CARTESIAN_POINT('',(40.8999976540254,3.000001172987,0.));
#4679=CARTESIAN_POINT('Origin',(3.,3.,-1.));
#4680=CARTESIAN_POINT('',(1.9,3.,-1.));
#4681=CARTESIAN_POINT('Origin',(3.,3.,-1.));
#4682=CARTESIAN_POINT('Origin',(3.,3.,0.));
#4683=CARTESIAN_POINT('',(1.9,3.,0.));
#4684=CARTESIAN_POINT('Origin',(3.,36.1000000000016,6.29999999998915));
#4685=CARTESIAN_POINT('',(0.,36.0999999999977,-10.));
#4686=CARTESIAN_POINT('Origin',(3.,36.0999999999977,-10.));
#4687=CARTESIAN_POINT('',(0.,36.1000000000016,6.29999999998915));
#4688=CARTESIAN_POINT('Origin',(22.75,36.0999999999977,-10.));
#4689=CARTESIAN_POINT('Origin',(42.5,36.1000000000016,6.29999999998915));
#4690=CARTESIAN_POINT('',(42.5,39.0999999999977,-10.0000000000007));
#4691=CARTESIAN_POINT('Origin',(42.5,36.0999999999977,-10.));
#4692=CARTESIAN_POINT('',(42.5,39.1000000000016,6.29999999998843));
#4693=CARTESIAN_POINT('Origin',(22.75,36.0999999999977,-10.));
#4694=CARTESIAN_POINT('Origin',(42.5,-3.89999999999836,6.29999999999875));
#4695=CARTESIAN_POINT('',(39.5,-3.90000000000227,-10.));
#4696=CARTESIAN_POINT('Origin',(42.5,-3.90000000000227,-10.));
#4697=CARTESIAN_POINT('',(39.5,-3.89999999999836,6.29999999999875));
#4698=CARTESIAN_POINT('Origin',(22.75,-3.90000000000227,-10.));
#4699=CARTESIAN_POINT('Origin',(3.,-3.89999999999836,6.29999999999875));
#4700=CARTESIAN_POINT('',(0.,-3.90000000000227,-10.));
#4701=CARTESIAN_POINT('Origin',(3.,-3.90000000000227,-10.));
#4702=CARTESIAN_POINT('',(0.,-3.89999999999836,6.29999999999875));
#4703=CARTESIAN_POINT('Origin',(22.75,-3.90000000000227,-10.));
#4704=CARTESIAN_POINT('Origin',(52.,56.5,-0.528427124746056));
#4705=CARTESIAN_POINT('',(52.,58.5,-0.528427124746056));
#4706=CARTESIAN_POINT('Origin',(52.,56.5,-0.528427124746056));
#4707=CARTESIAN_POINT('Origin',(52.,56.5,-0.528427124746056));
#4708=CARTESIAN_POINT('Origin',(52.,-23.5,-0.52842712474619));
#4709=CARTESIAN_POINT('',(54.,-23.5,-0.528427124746187));
#4710=CARTESIAN_POINT('Origin',(52.,-23.5,-0.528427124746187));
#4711=CARTESIAN_POINT('',(52.,-25.5,-0.52842712474619));
#4712=CARTESIAN_POINT('Origin',(52.,-23.5,-0.52842712474619));
#4713=CARTESIAN_POINT('Origin',(52.,-23.5,-0.528427124746189));
#4714=CARTESIAN_POINT('Origin',(41.1821343371139,56.5,-0.528427124746056));
#4715=CARTESIAN_POINT('',(41.1821343371139,57.9142135623731,0.885786437627039));
#4716=CARTESIAN_POINT('',(39.4299940800134,57.4643674193209,-0.528427124746056));
#4717=CARTESIAN_POINT('Origin',(41.1821343371139,56.5,-0.528427124746055));
#4718=CARTESIAN_POINT('',(41.1821343371139,58.5,-0.528427124746056));
#4719=CARTESIAN_POINT('Origin',(41.1821343371139,56.5,-0.528427124746056));
#4720=CARTESIAN_POINT('Origin',(41.1821343371139,56.5,-0.528427124746058));
#4721=CARTESIAN_POINT('Origin',(0.,56.5,-0.528427124746056));
#4722=CARTESIAN_POINT('',(0.,58.5,-0.528427124746056));
#4723=CARTESIAN_POINT('',(0.,57.9142135623731,0.885786437627039));
#4724=CARTESIAN_POINT('Origin',(41.1821343371139,56.5,-5.0000000745));
#4725=CARTESIAN_POINT('',(41.1821343371139,58.5,-5.0000000745));
#4726=CARTESIAN_POINT('',(39.4299940800134,57.464367419321,-5.0000000745));
#4727=CARTESIAN_POINT('Origin',(41.1821343371139,56.5,-5.0000000745));
#4728=CARTESIAN_POINT('',(39.4299940800134,57.4643674193209,-5.0000000745));
#4729=CARTESIAN_POINT('',(41.1821343371139,58.5,-5.0000000745));
#4730=CARTESIAN_POINT('Origin',(52.,49.671572875268,6.29999999998589));
#4731=CARTESIAN_POINT('Origin',(52.,49.671572875268,6.29999999998589));
#4732=CARTESIAN_POINT('Origin',(52.,49.6715728752681,6.29999999998589));
#4733=CARTESIAN_POINT('Origin',(41.1821343371139,-23.5,-0.528427124746185));
#4734=CARTESIAN_POINT('',(41.1821343371139,-25.5,-0.52842712474619));
#4735=CARTESIAN_POINT('Origin',(41.1821343371139,-23.5,-0.52842712474619));
#4736=CARTESIAN_POINT('',(39.4299940800134,-24.4643674193209,-0.528427124746187));
#4737=CARTESIAN_POINT('Origin',(41.1821343371139,-23.5,-0.528427124746185));
#4738=CARTESIAN_POINT('Origin',(41.1821343371139,-23.5,-0.52842712474619));
#4739=CARTESIAN_POINT('Origin',(52.,-16.671572875252,6.30000000000182));
#4740=CARTESIAN_POINT('',(54.,-16.671572875252,6.30000000000182));
#4741=CARTESIAN_POINT('Origin',(52.,-16.671572875252,6.30000000000182));
#4742=CARTESIAN_POINT('Origin',(52.,-16.671572875252,6.30000000000182));
#4743=CARTESIAN_POINT('Origin',(37.4238092728887,49.671572875268,6.29999999998589));
#4744=CARTESIAN_POINT('',(35.6716690157882,50.635940294589,6.2999999999859));
#4745=CARTESIAN_POINT('Origin',(37.4238092728887,49.671572875268,6.2999999999859));
#4746=CARTESIAN_POINT('',(37.4238092728887,51.0857864376411,7.71421356235899));
#4747=CARTESIAN_POINT('Origin',(37.4238092728887,49.671572875268,6.29999999998589));
#4748=CARTESIAN_POINT('Origin',(37.4238092728887,49.671572875268,6.29999999998589));
#4749=CARTESIAN_POINT('Origin',(0.,49.671572875268,6.29999999998589));
#4750=CARTESIAN_POINT('',(0.,51.0857864376411,7.71421356235899));
#4751=CARTESIAN_POINT('Origin',(36.4119728449704,47.8331871071085,8.13838576814547));
#4752=CARTESIAN_POINT('',(36.4119728449704,49.2474006694816,9.55259933051856));
#4753=CARTESIAN_POINT('',(34.6598325878699,48.7975545264294,8.13838576814547));
#4754=CARTESIAN_POINT('Origin',(4.31786566288609,56.5,-0.528427124746056));
#4755=CARTESIAN_POINT('',(6.0700059199866,57.4643674193209,-0.52842712474606));
#4756=CARTESIAN_POINT('',(4.31786566288609,57.9142135623731,0.885786437627038));
#4757=CARTESIAN_POINT('Origin',(4.31786566288609,56.5,-0.528427124746059));
#4758=CARTESIAN_POINT('',(4.31786566288609,58.5,-0.528427124746056));
#4759=CARTESIAN_POINT('Origin',(4.31786566288609,56.5,-0.528427124746056));
#4760=CARTESIAN_POINT('Origin',(4.31786566288609,56.5,-0.528427124746056));
#4761=CARTESIAN_POINT('Origin',(4.31786566288609,56.5,-5.0000000745));
#4762=CARTESIAN_POINT('',(6.07000591998661,57.4643674193209,-5.0000000745));
#4763=CARTESIAN_POINT('',(4.31786566288609,58.5,-5.0000000745));
#4764=CARTESIAN_POINT('Origin',(4.31786566288609,56.5,-5.0000000745));
#4765=CARTESIAN_POINT('',(4.31786566288609,58.5,-5.0000000745));
#4766=CARTESIAN_POINT('',(6.0700059199866,57.4643674193209,-5.0000000745));
#4767=CARTESIAN_POINT('Origin',(37.4238092728798,-16.671572875252,6.30000000000182));
#4768=CARTESIAN_POINT('',(35.6716690157793,-17.6359402945729,6.30000000000182));
#4769=CARTESIAN_POINT('Origin',(37.4238092728799,-16.671572875252,6.30000000000182));
#4770=CARTESIAN_POINT('Origin',(37.4238092728799,-16.671572875252,6.30000000000182));
#4771=CARTESIAN_POINT('Origin',(4.31786566288609,-23.5,-0.52842712474619));
#4772=CARTESIAN_POINT('',(4.31786566288609,-24.9142135623731,0.885786437626908));
#4773=CARTESIAN_POINT('',(6.07000591998661,-24.4643674193209,-0.52842712474619));
#4774=CARTESIAN_POINT('Origin',(4.31786566288609,-23.5,-0.528427124746189));
#4775=CARTESIAN_POINT('',(4.31786566288609,-25.5,-0.52842712474619));
#4776=CARTESIAN_POINT('Origin',(4.31786566288609,-23.5,-0.52842712474619));
#4777=CARTESIAN_POINT('Origin',(4.31786566288609,-23.5,-0.52842712474619));
#4778=CARTESIAN_POINT('Origin',(8.0761907271113,49.671572875268,6.29999999998589));
#4779=CARTESIAN_POINT('',(9.82833098421182,50.635940294589,6.29999999998589));
#4780=CARTESIAN_POINT('Origin',(8.0761907271113,49.671572875268,6.29999999998589));
#4781=CARTESIAN_POINT('',(8.0761907271113,51.0857864376411,7.71421356235899));
#4782=CARTESIAN_POINT('Origin',(8.0761907271113,49.671572875268,6.29999999998589));
#4783=CARTESIAN_POINT('Origin',(8.0761907271113,49.671572875268,6.29999999998589));
#4784=CARTESIAN_POINT('Origin',(3.19828070820736,58.5341519539492,-2.56257907869527));
#4785=CARTESIAN_POINT('',(3.19828070820736,59.9483655163223,-1.14836551632217));
#4786=CARTESIAN_POINT('',(4.95042096530788,59.4985193732702,-2.56257907869527));
#4787=CARTESIAN_POINT('Origin',(-3.,56.5,-0.528427124746056));
#4788=CARTESIAN_POINT('',(-3.,58.5,-0.528427124746056));
#4789=CARTESIAN_POINT('Origin',(-3.,56.5,-0.528427124746056));
#4790=CARTESIAN_POINT('Origin',(-3.,56.5,-0.528427124746048));
#4791=CARTESIAN_POINT('Origin',(0.,56.5,-0.528427124746056));
#4792=CARTESIAN_POINT('',(0.,58.5,-0.528427124746056));
#4793=CARTESIAN_POINT('',(0.,57.9142135623731,0.885786437627039));
#4794=CARTESIAN_POINT('Origin',(-3.,56.5,-1.6750000558745));
#4795=CARTESIAN_POINT('',(-3.,58.5,-5.0000000745));
#4796=CARTESIAN_POINT('Origin',(-3.,56.5,-5.0000000745));
#4797=CARTESIAN_POINT('',(-3.,58.5,-1.6750000558745));
#4798=CARTESIAN_POINT('Origin',(-3.,-23.5,-0.52842712474619));
#4799=CARTESIAN_POINT('',(-3.,-25.5,-0.52842712474619));
#4800=CARTESIAN_POINT('Origin',(-3.,-23.5,-0.52842712474619));
#4801=CARTESIAN_POINT('Origin',(-3.,-23.5,-0.52842712474619));
#4802=CARTESIAN_POINT('Origin',(0.,-23.5,-0.52842712474619));
#4803=CARTESIAN_POINT('',(0.,-25.5,-0.52842712474619));
#4804=CARTESIAN_POINT('',(0.,-24.9142135623731,0.885786437626908));
#4805=CARTESIAN_POINT('Origin',(8.07619072712015,-16.671572875252,6.30000000000182));
#4806=CARTESIAN_POINT('',(8.07619072712016,-18.0857864376251,7.71421356237492));
#4807=CARTESIAN_POINT('Origin',(8.07619072712015,-16.671572875252,6.30000000000182));
#4808=CARTESIAN_POINT('',(9.82833098422067,-17.6359402945729,6.30000000000182));
#4809=CARTESIAN_POINT('Origin',(8.07619072712015,-16.671572875252,6.30000000000182));
#4810=CARTESIAN_POINT('Origin',(8.07619072712015,-16.671572875252,6.30000000000182));
#4811=CARTESIAN_POINT('Origin',(8.00741161372958,-16.7965362979111,6.17503657734268));
#4812=CARTESIAN_POINT('',(8.00741161372958,-18.2107498602842,7.58925013971578));
#4813=CARTESIAN_POINT('',(9.7595518708301,-17.760903717232,6.17503657734268));
#4814=CARTESIAN_POINT('Origin',(24.2814174128511,12.7713857758212,6.29999999999475));
#4815=CARTESIAN_POINT('',(15.7414389715979,-6.89253032271623,6.29999999999924));
#4816=CARTESIAN_POINT('Origin',(13.9892987144974,-5.92816290339528,6.29999999999924));
#4817=CARTESIAN_POINT('',(26.0335576699516,11.8070183565003,6.29999999999475));
#4818=CARTESIAN_POINT('Origin',(22.75,-10.75,6.2999999999857));
#4819=CARTESIAN_POINT('',(29.7585610284021,-6.89253032271622,6.29999999998477));
#4820=CARTESIAN_POINT('Origin',(31.5107012855026,-5.92816290339528,6.29999999998454));
#4821=CARTESIAN_POINT('Origin',(22.75,-10.75,6.2999999999857));
#4822=CARTESIAN_POINT('Origin',(21.0499013685889,13.0778593747156,6.29999999999468));
#4823=CARTESIAN_POINT('',(19.2977611114884,12.1134919553947,6.29999999999468));
#4824=CARTESIAN_POINT('Origin',(-3.,49.671572875268,6.29999999998589));
#4825=CARTESIAN_POINT('Origin',(-3.,49.671572875268,6.29999999998589));
#4826=CARTESIAN_POINT('Origin',(-3.,49.671572875268,6.29999999998589));
#4827=CARTESIAN_POINT('Origin',(0.,49.671572875268,6.29999999998589));
#4828=CARTESIAN_POINT('',(0.,51.0857864376411,7.71421356235899));
#4829=CARTESIAN_POINT('Origin',(-3.,-16.671572875252,6.30000000000182));
#4830=CARTESIAN_POINT('Origin',(-3.,-16.671572875252,6.30000000000182));
#4831=CARTESIAN_POINT('Origin',(-3.,-16.671572875252,6.30000000000182));
#4832=CARTESIAN_POINT('Origin',(0.,-16.671572875252,6.30000000000182));
#4833=CARTESIAN_POINT('',(0.,-18.0857864376251,7.71421356237492));
#4834=CARTESIAN_POINT('Origin',(-3.,33.5000000000075,6.29999999998978));
#4835=CARTESIAN_POINT('Origin',(-3.,-23.5,0.974999981375504));
#4836=CARTESIAN_POINT('',(-3.,-25.5,0.974999981375504));
#4837=CARTESIAN_POINT('Origin',(30.291691196038,36.7133673713495,6.29999999998901));
#4838=CARTESIAN_POINT('',(29.7585610284021,39.8925303227162,6.29999999998847));
#4839=CARTESIAN_POINT('Origin',(31.5107012855026,38.9281629033953,6.29999999998847));
#4840=CARTESIAN_POINT('',(28.5395509389375,37.6777347906705,6.29999999998901));
#4841=CARTESIAN_POINT('Origin',(22.75,43.75,6.2999999999857));
#4842=CARTESIAN_POINT('',(15.7414389715979,39.8925303227162,6.29999999998662));
#4843=CARTESIAN_POINT('Origin',(13.9892987144974,38.9281629033953,6.29999999998685));
#4844=CARTESIAN_POINT('Origin',(22.75,43.75,6.2999999999857));
#4845=CARTESIAN_POINT('Origin',(4.798188613804,55.6273106475277,6.29999999998446));
#4846=CARTESIAN_POINT('',(6.55032887090452,56.5916780668486,6.29999999998446));
#4847=CARTESIAN_POINT('Origin',(4.31786566288609,-23.5,-2.35000003725));
#4848=CARTESIAN_POINT('',(6.07000591998661,-24.4643674193209,-2.35000003725));
#4849=CARTESIAN_POINT('',(4.31786566288609,-25.5,-2.35000003725));
#4850=CARTESIAN_POINT('Origin',(37.3971534067013,-16.6231423545982,6.34843052065563));
#4851=CARTESIAN_POINT('',(35.6450131496008,-17.5875097739191,6.34843052065563));
#4852=CARTESIAN_POINT('Origin',(52.,-9.2482864469381,13.7232864283157));
#4853=CARTESIAN_POINT('',(54.,-9.2482864469381,13.7232864283157));
#4854=CARTESIAN_POINT('Origin',(52.,33.5000000000075,6.29999999998978));
#4855=CARTESIAN_POINT('',(54.,33.5000000000075,6.29999999998978));
#4856=CARTESIAN_POINT('Origin',(41.1821343371139,-23.5,-2.35000003725));
#4857=CARTESIAN_POINT('',(39.4299940800134,-24.4643674193209,-5.0000000745));
#4858=CARTESIAN_POINT('',(41.1821343371139,-25.5,-5.0000000745));
#4859=CARTESIAN_POINT('Origin',(41.1821343371139,-23.5,-5.0000000745));
#4860=CARTESIAN_POINT('',(41.1821343371139,-25.5,-2.35000003725));
#4861=CARTESIAN_POINT('',(39.4299940800134,-24.4643674193209,-2.35000003725));
#4862=CARTESIAN_POINT('Origin',(0.,-23.5,-0.52842712474619));
#4863=CARTESIAN_POINT('',(0.,-25.5,-0.52842712474619));
#4864=CARTESIAN_POINT('Origin',(52.,-23.5,0.974999981375504));
#4865=CARTESIAN_POINT('',(52.,-25.5,-5.0000000745));
#4866=CARTESIAN_POINT('',(54.,-23.5,-5.0000000745));
#4867=CARTESIAN_POINT('Origin',(52.,-23.5,-5.0000000745));
#4868=CARTESIAN_POINT('',(54.,-23.5,0.974999981375504));
#4869=CARTESIAN_POINT('',(52.,-25.5,0.974999981375504));
#4870=CARTESIAN_POINT('Origin',(52.,56.5,-1.6750000558745));
#4871=CARTESIAN_POINT('',(54.,56.5,-5.0000000745));
#4872=CARTESIAN_POINT('',(52.,58.5,-5.0000000745));
#4873=CARTESIAN_POINT('Origin',(52.,56.5,-5.0000000745));
#4874=CARTESIAN_POINT('',(52.,58.5,-1.6750000558745));
#4875=CARTESIAN_POINT('',(54.,56.5,-1.6750000558745));
#4876=CARTESIAN_POINT('Origin',(0.,58.5,-5.0000000745));
#4877=CARTESIAN_POINT('',(0.,58.5,-5.0000000745));
#4878=CARTESIAN_POINT('Origin',(5.50000000000001,58.5,-5.0000000745));
#4879=CARTESIAN_POINT('',(15.7414389715979,39.8925303227162,-3.0000000745));
#4880=CARTESIAN_POINT('',(15.7414389715979,39.8925303227162,-5.0000000745));
#4881=CARTESIAN_POINT('',(6.32559094405786,57.,-3.0000000745));
#4882=CARTESIAN_POINT('',(16.3762838797081,38.7390930557269,-3.0000000745));
#4883=CARTESIAN_POINT('',(6.32559094405786,57.,-5.0000000745));
#4884=CARTESIAN_POINT('',(6.32559094405787,57.,-5.0000000745));
#4885=CARTESIAN_POINT('',(22.6025451621775,27.4267210015957,-5.0000000745));
#4886=CARTESIAN_POINT('Origin',(22.75,43.75,-5.0000000745));
#4887=CARTESIAN_POINT('',(29.7585610284021,39.8925303227162,-3.0000000745));
#4888=CARTESIAN_POINT('',(29.7585610284021,39.8925303227162,-5.0000000745));
#4889=CARTESIAN_POINT('Origin',(22.75,43.75,-3.0000000745));
#4890=CARTESIAN_POINT('Origin',(29.7585610284021,39.8925303227162,-5.0000000745));
#4891=CARTESIAN_POINT('',(39.1744090559421,57.,-5.0000000745));
#4892=CARTESIAN_POINT('',(12.4873346476646,8.51277772541755,-5.0000000745));
#4893=CARTESIAN_POINT('',(39.1744090559421,57.,-3.0000000745));
#4894=CARTESIAN_POINT('',(39.1744090559421,57.,-5.0000000745));
#4895=CARTESIAN_POINT('',(24.002996634493,29.4353582170851,-3.0000000745));
#4896=CARTESIAN_POINT('Origin',(0.,58.5,-5.0000000745));
#4897=CARTESIAN_POINT('',(0.,58.5,-5.0000000745));
#4898=CARTESIAN_POINT('Origin',(0.,58.5,0.300000000000131));
#4899=CARTESIAN_POINT('Origin',(0.,58.5,0.300000000000131));
#4900=CARTESIAN_POINT('Origin',(0.,-17.499999999998,8.30000000000202));
#4901=CARTESIAN_POINT('Origin',(2.5,-24.,-5.0000000745));
#4902=CARTESIAN_POINT('',(6.32559094405787,-24.,-3.0000000745));
#4903=CARTESIAN_POINT('',(6.32559094405787,-24.,-5.0000000745));
#4904=CARTESIAN_POINT('',(2.5,-24.,-3.0000000745));
#4905=CARTESIAN_POINT('',(2.5,-24.,-5.0000000745));
#4906=CARTESIAN_POINT('',(2.5,-24.,-3.0000000745));
#4907=CARTESIAN_POINT('Origin',(2.5,57.,-5.0000000745));
#4908=CARTESIAN_POINT('',(2.5,57.,-5.0000000745));
#4909=CARTESIAN_POINT('',(2.5,51.,-5.0000000745));
#4910=CARTESIAN_POINT('',(2.5,57.,-3.0000000745));
#4911=CARTESIAN_POINT('',(2.5,57.,-5.0000000745));
#4912=CARTESIAN_POINT('',(2.5,57.,-3.0000000745));
#4913=CARTESIAN_POINT('Origin',(2.5,57.,-5.0000000745));
#4914=CARTESIAN_POINT('',(2.5,-23.5,-3.0000000745));
#4915=CARTESIAN_POINT('',(2.5,57.,-3.0000000745));
#4916=CARTESIAN_POINT('',(2.5,-23.5,-0.52842712474619));
#4917=CARTESIAN_POINT('',(2.5,-20.9107864562509,2.06078641900292));
#4918=CARTESIAN_POINT('',(2.5,-23.5,-2.35000003725));
#4919=CARTESIAN_POINT('Origin',(43.,-24.,-5.0000000745));
#4920=CARTESIAN_POINT('',(43.,56.5,-3.0000000745));
#4921=CARTESIAN_POINT('',(43.,56.5,-5.0000000745));
#4922=CARTESIAN_POINT('',(43.,56.5,-5.0000000745));
#4923=CARTESIAN_POINT('',(43.,57.,-3.0000000745));
#4924=CARTESIAN_POINT('',(43.,-24.,-3.0000000745));
#4925=CARTESIAN_POINT('',(43.,57.,-5.0000000745));
#4926=CARTESIAN_POINT('',(43.,57.,-5.0000000745));
#4927=CARTESIAN_POINT('',(43.,-24.75,-5.0000000745));
#4928=CARTESIAN_POINT('Origin',(43.,57.,-5.0000000745));
#4929=CARTESIAN_POINT('',(21.5,57.,-5.0000000745));
#4930=CARTESIAN_POINT('',(43.,57.,-3.0000000745));
#4931=CARTESIAN_POINT('Origin',(22.75,16.5,-3.0000000745));
#4932=CARTESIAN_POINT('',(43.,57.,-3.0000000745));
#4933=CARTESIAN_POINT('',(41.1821343371139,56.5,-3.0000000745));
#4934=CARTESIAN_POINT('',(11.375,56.5,-3.0000000745));
#4935=CARTESIAN_POINT('',(31.5107012855026,38.9281629033953,-3.0000000745));
#4936=CARTESIAN_POINT('',(25.7551368915935,28.4709907977641,-3.0000000745));
#4937=CARTESIAN_POINT('',(13.9892987144974,38.9281629033953,-3.0000000745));
#4938=CARTESIAN_POINT('Origin',(22.75,43.75,-3.0000000745));
#4939=CARTESIAN_POINT('',(14.6241436226075,37.774725636406,-3.0000000745));
#4940=CARTESIAN_POINT('Origin',(22.75,16.5,-3.0000000745));
#4941=CARTESIAN_POINT('',(43.,-24.,-3.0000000745));
#4942=CARTESIAN_POINT('',(43.,-24.,-3.0000000745));
#4943=CARTESIAN_POINT('',(39.1744090559421,-24.,-3.0000000745));
#4944=CARTESIAN_POINT('',(2.5,-24.,-3.0000000745));
#4945=CARTESIAN_POINT('',(29.7585610284021,-6.89253032271622,-3.0000000745));
#4946=CARTESIAN_POINT('',(29.1237161202919,-5.73909305572696,-3.0000000745));
#4947=CARTESIAN_POINT('',(15.7414389715979,-6.89253032271623,-3.0000000745));
#4948=CARTESIAN_POINT('Origin',(22.75,-10.75,-3.0000000745));
#4949=CARTESIAN_POINT('',(21.497003365507,3.56464178291492,-3.0000000745));
#4950=CARTESIAN_POINT('',(4.31786566288609,-23.5,-3.0000000745));
#4951=CARTESIAN_POINT('',(11.375,-23.5,-3.0000000745));
#4952=CARTESIAN_POINT('',(13.9892987144974,-5.92816290339528,-3.0000000745));
#4953=CARTESIAN_POINT('',(19.7448631084065,4.52900920223587,-3.0000000745));
#4954=CARTESIAN_POINT('',(31.5107012855026,-5.92816290339528,-3.0000000745));
#4955=CARTESIAN_POINT('Origin',(22.75,-10.75,-3.0000000745));
#4956=CARTESIAN_POINT('',(30.8758563773925,-4.77472563640602,-3.0000000745));
#4957=CARTESIAN_POINT('Origin',(43.,-24.,-5.0000000745));
#4958=CARTESIAN_POINT('',(43.,-24.,-5.0000000745));
#4959=CARTESIAN_POINT('',(43.,-24.75,-5.0000000745));
#4960=CARTESIAN_POINT('',(43.,-24.,-5.0000000745));
#4961=CARTESIAN_POINT('Origin',(2.5,-24.,-5.0000000745));
#4962=CARTESIAN_POINT('',(39.1744090559421,-24.,-5.0000000745));
#4963=CARTESIAN_POINT('',(39.1744090559421,-24.,-5.0000000745));
#4964=CARTESIAN_POINT('',(1.25,-24.,-5.0000000745));
#4965=CARTESIAN_POINT('Origin',(43.,57.,-5.0000000745));
#4966=CARTESIAN_POINT('',(21.5,57.,-5.0000000745));
#4967=CARTESIAN_POINT('Origin',(22.75,-10.75,-5.0000000745));
#4968=CARTESIAN_POINT('',(13.9892987144974,-5.92816290339528,-5.0000000745));
#4969=CARTESIAN_POINT('',(31.5107012855026,-5.92816290339528,-5.0000000745));
#4970=CARTESIAN_POINT('Origin',(13.9892987144974,-5.92816290339529,-5.0000000745));
#4971=CARTESIAN_POINT('',(4.31786566288609,-23.5,-0.528427124746188));
#4972=CARTESIAN_POINT('',(4.31786566288609,-23.5,-2.35000003725));
#4973=CARTESIAN_POINT('',(8.00741161372958,-16.7965362979111,6.17503657734269));
#4974=CARTESIAN_POINT('Origin',(0.,-23.5,0.300000000000001));
#4975=CARTESIAN_POINT('',(0.,-23.5,-0.52842712474619));
#4976=CARTESIAN_POINT('Origin',(15.7414389715979,-6.89253032271623,-5.0000000745));
#4977=CARTESIAN_POINT('',(15.7414389715979,-6.89253032271623,-5.0000000745));
#4978=CARTESIAN_POINT('Origin',(22.75,43.75,-5.0000000745));
#4979=CARTESIAN_POINT('',(31.5107012855026,38.9281629033953,-5.0000000745));
#4980=CARTESIAN_POINT('',(13.9892987144974,38.9281629033953,-5.0000000745));
#4981=CARTESIAN_POINT('Origin',(31.5107012855026,38.9281629033953,-5.0000000745));
#4982=CARTESIAN_POINT('',(41.1821343371139,56.5,-5.0000000745));
#4983=CARTESIAN_POINT('Origin',(0.,56.5,-5.0000000745));
#4984=CARTESIAN_POINT('',(0.,56.5,-5.0000000745));
#4985=CARTESIAN_POINT('Origin',(0.,-25.5,-5.0000000745));
#4986=CARTESIAN_POINT('Origin',(0.,-16.0857864376249,6.88578643762892));
#4987=CARTESIAN_POINT('',(37.3971534067013,-16.6231423545982,6.34843052065563));
#4988=CARTESIAN_POINT('Origin',(0.,-16.0857864376249,6.88578643762892));
#4989=CARTESIAN_POINT('Origin',(3.74785974289949,57.535632580679,-5.0000000745));
#4990=CARTESIAN_POINT('Origin',(41.7521402571005,-24.5356325806791,-5.0000000745));
#4991=CARTESIAN_POINT('Origin',(22.75,-10.75,-5.0000000745));
#4992=CARTESIAN_POINT('',(29.7585610284021,-6.89253032271622,-5.0000000745));
#4993=CARTESIAN_POINT('Origin',(40.,-25.5,-5.0000000745));
#4994=CARTESIAN_POINT('',(35.3499774027613,-17.0514651098582,-5.0000000745));
#4995=CARTESIAN_POINT('Origin',(0.,-25.5,0.300000000000001));
#4996=CARTESIAN_POINT('Origin',(0.,-25.5,-5.0000000745));
#4997=CARTESIAN_POINT('',(54.,-25.5,-5.0000000745));
#4998=CARTESIAN_POINT('',(0.,-25.5,-5.0000000745));
#4999=CARTESIAN_POINT('Origin',(0.,-25.5,0.300000000000001));
#5000=CARTESIAN_POINT('Origin',(54.,16.5,1.64999996275101));
#5001=UNCERTAINTY_MEASURE_WITH_UNIT(LENGTH_MEASURE(0.01),#5005,
'DISTANCE_ACCURACY_VALUE',
'Maximum model space distance between geometric entities at asserted c
onnectivities');
#5002=UNCERTAINTY_MEASURE_WITH_UNIT(LENGTH_MEASURE(0.01),#5005,
'DISTANCE_ACCURACY_VALUE',
'Maximum model space distance between geometric entities at asserted c
onnectivities');
#5003=(
GEOMETRIC_REPRESENTATION_CONTEXT(3)
GLOBAL_UNCERTAINTY_ASSIGNED_CONTEXT((#5001))
GLOBAL_UNIT_ASSIGNED_CONTEXT((#5005,#5007,#5008))
REPRESENTATION_CONTEXT('','3D')
);
#5004=(
GEOMETRIC_REPRESENTATION_CONTEXT(3)
GLOBAL_UNCERTAINTY_ASSIGNED_CONTEXT((#5002))
GLOBAL_UNIT_ASSIGNED_CONTEXT((#5005,#5007,#5008))
REPRESENTATION_CONTEXT('','3D')
);
#5005=(
LENGTH_UNIT()
NAMED_UNIT(*)
SI_UNIT(.MILLI.,.METRE.)
);
#5006=(
LENGTH_UNIT()
NAMED_UNIT(*)
SI_UNIT($,.METRE.)
);
#5007=(
NAMED_UNIT(*)
PLANE_ANGLE_UNIT()
SI_UNIT($,.RADIAN.)
);
#5008=(
NAMED_UNIT(*)
SI_UNIT($,.STERADIAN.)
SOLID_ANGLE_UNIT()
);
#5009=SHAPE_DEFINITION_REPRESENTATION(#5010,#5011);
#5010=PRODUCT_DEFINITION_SHAPE('',$,#5013);
#5011=SHAPE_REPRESENTATION('',(#2999),#5003);
#5012=PRODUCT_DEFINITION_CONTEXT('part definition',#5017,'design');
#5013=PRODUCT_DEFINITION('top cover','top cover v9',#5014,#5012);
#5014=PRODUCT_DEFINITION_FORMATION('',$,#5019);
#5015=PRODUCT_RELATED_PRODUCT_CATEGORY('top cover v9','top cover v9',(#5019));
#5016=APPLICATION_PROTOCOL_DEFINITION('international standard',
'automotive_design',2009,#5017);
#5017=APPLICATION_CONTEXT(
'Core Data for Automotive Mechanical Design Process');
#5018=PRODUCT_CONTEXT('part definition',#5017,'mechanical');
#5019=PRODUCT('top cover','top cover v9',$,(#5018));
#5020=PRESENTATION_STYLE_ASSIGNMENT((#5021));
#5021=SURFACE_STYLE_USAGE(.BOTH.,#5022);
#5022=SURFACE_SIDE_STYLE('',(#5023));
#5023=SURFACE_STYLE_FILL_AREA(#5024);
#5024=FILL_AREA_STYLE('Steel - Satin',(#5025));
#5025=FILL_AREA_STYLE_COLOUR('Steel - Satin',#5026);
#5026=COLOUR_RGB('Steel - Satin',0.627450980392157,0.627450980392157,0.627450980392157);
ENDSEC;
END-ISO-10303-21;
